# exported by v3d-codec
mtllib model.mtl
o surface_7
v -0.42097574 0.07542208 0.4099427
v -0.42504582 0.1306634 0.40647888
v -0.42727873 0.07107279 0.37973982
v -0.42531466 0.19153976 0.40390497
v -0.42680445 0.12881216 0.3827753
v -0.42695266 0.029024333 0.3895818
v -0.42643356 0.18539834 0.37841958
v -0.42484283 0.20985171 0.35481757
v -0.42633766 0.07527429 -0.36509484
v -0.4257591 0.14904523 -0.3537776
v -0.42648402 0.11246249 -0.39921677
v -0.42606267 0.19218647 -0.36754197
v -0.42695448 0.17967868 -0.39836657
v -0.42340365 0.010540158 -0.3674003
v -0.42475212 0.022491038 -0.4056244
v -0.42385277 0.05994016 -0.40726513
v -0.42124707 0.19828945 -0.4085316
v -0.4261007 0.066032946 0.31908756
v -0.4214649 0.007309735 0.34571344
v -0.42563272 0.1784566 0.31655192
v -0.42530537 0.017426252 0.3064223
v -0.4251683 0.13117763 0.26340538
v -0.42542335 0.05472049 0.23956935
v -0.42459756 0.014697075 0.24981569
v -0.42494664 0.19261837 0.23732081
v -0.4224334 0.2136248 0.2785949
v -0.42495194 0.15488589 0.17349343
v -0.4213496 0.21319559 0.20292662
v -0.4253333 0.02625528 0.18885316
v -0.42506775 0.09156355 0.13644461
v -0.42483774 0.19867879 0.16264002
v -0.42580104 0.036354125 0.10813316
v -0.42096415 0.007698059 0.13320126
v -0.42436495 0.20122567 0.11604252
v -0.4245239 0.15305349 0.10777172
v -0.42464426 0.18493742 0.045434568
v -0.4255779 0.052659124 0.025159543
v -0.42140228 0.2127052 0.06729503
v -0.4246626 0.12500402 0.019435117
v -0.4255071 0.016998172 0.051482927
v -0.4203774 0.21465492 0.015523531
v -0.42034778 0.0071960688 0.0055405498
v -0.42459765 0.14991814 -0.04509925
v -0.42518958 0.018319756 -0.048102643
v -0.42509782 0.06792924 -0.081446275
v -0.42300883 0.20914951 -0.02822503
v -0.42426696 0.19968373 -0.07913251
v -0.4253448 0.018216252 -0.13016641
v -0.42469302 0.16553983 -0.14535667
v -0.42448804 0.12197426 -0.13283575
v -0.42533416 0.039655656 -0.17257851
v -0.42443204 0.20217705 -0.14406481
v -0.42474866 0.09998894 -0.17636786
v -0.4250782 0.192294 -0.21107335
v -0.42444757 0.013683826 -0.21219009
v -0.42505875 0.14152089 -0.26669568
v -0.4147823 0.219109 -0.17553368
v -0.42516047 0.08966985 -0.24961315
v -0.4257456 0.037225634 -0.2653073
v -0.4202355 0.21619135 -0.24486215
v -0.42461574 0.2056995 -0.2694326
v -0.423466 0.009851009 -0.2869898
v -0.42585093 0.043843597 -0.31096816
v -0.42535847 0.18291405 -0.30386543
v -0.42540807 0.09607729 -0.31273144
v -0.4242897 0.21004575 -0.31524104
v -0.42567697 0.06505874 -0.33788633
v -0.4154124 0.0049702823 -0.4016313
v -0.42391434 0.21264887 -0.3703425
v -0.42089596 0.014427394 0.40838253
v -0.4171356 0.0046272874 0.39687723
v -0.41747564 0.21526423 0.4048118
v -0.41917822 0.21717054 0.15363884
v -0.41977707 0.005482286 0.18835458
v -0.4236019 0.0095179975 0.08276609
v -0.41860384 0.2174378 -0.086101346
v -0.41651893 0.21635959 -0.4054901
v -0.4201491 0.16084766 -0.41127914
v -0.41513765 0.00313133 0.27990675
v -0.41742238 0.003139019 -0.097877845
v -0.4135483 0.0019614995 -0.16554208
v -0.41618532 0.0031773746 -0.23947957
v -0.41704133 0.21940225 -0.2989903
v -0.4173193 0.22016391 -0.33891976
v -0.4142956 0.11114684 -0.4124415
v -0.41314176 0.0024430156 0.055893198
v -0.4153756 0.22136301 -0.3762893
v -0.4148567 0.0023429692 -0.045556106
v -0.4224334 0.2136248 0.2785949
v -0.42484283 0.20985171 0.35481757
v -0.41120607 0.2224383 0.32260287
v -0.4203774 0.21465492 0.015523531
v -0.4113162 0.22016841 -0.040798664
v -0.42300883 0.20914951 -0.02822503
v -0.41860384 0.2174378 -0.086101346
v -0.41917822 0.21717054 0.15363884
v -0.4074458 0.22215125 0.11109316
v -0.42140228 0.2127052 0.06729503
v -0.3987758 0.22233039 -0.0005788943
v -0.39974123 0.2241632 0.26065487
v -0.4213496 0.21319559 0.20292662
v -0.39150783 0.22293872 -0.09904972
v -0.4147823 0.219109 -0.17553368
v -0.3996583 0.2228995 -0.2173129
v -0.4202355 0.21619135 -0.24486215
v -0.38914603 0.22526035 0.3612886
v -0.38472673 0.22492719 0.20364495
v -0.404662 0.22209218 0.04762334
v -0.41747564 0.21526423 0.4048118
v -0.4173193 0.22016391 -0.33891976
v -0.38946003 0.22415647 -0.36044103
v -0.4153756 0.22136301 -0.3762893
v -0.39596662 0.22363597 -0.3010379
v -0.41704133 0.21940225 -0.2989903
v -0.37691694 0.22443554 0.08526904
v -0.36744177 0.2248438 0.13928418
v -0.38505 0.22273746 -0.3951692
v -0.41651893 0.21635959 -0.4054901
v -0.3683933 0.2242719 -0.1589399
v -0.39769357 0.21854872 0.40701848
v -0.38488817 0.21023285 -0.41076398
v -0.36728764 0.22651017 0.304204
v -0.35188243 0.22420809 -0.039422277
v -0.36007962 0.22307602 0.39472765
v -0.36528832 0.2246561 0.04215175
v -0.36300015 0.22449118 -0.2450021
v -0.35599533 0.2262806 0.25941145
v -0.34267944 0.22532251 -0.31397086
v -0.33224708 0.22408205 -0.09888868
v -0.33239922 0.22421643 0.010717156
v -0.3267909 0.22630185 0.33293194
v -0.36395064 0.21495557 0.40953338
v -0.33055186 0.22484219 -0.36689973
v -0.31545094 0.22282672 -0.3933016
v -0.32683727 0.22560516 0.20212008
v -0.32805923 0.22378066 -0.18483473
v -0.3203125 0.2171725 0.40691292
v -0.32136726 0.22445929 0.09237065
v -0.2756899 0.20933914 -0.40902817
v -0.3054368 0.22355893 0.39010298
v -0.31327084 0.22397831 -0.25484103
v -0.30993095 0.22450513 -0.2918836
v -0.30714017 0.22491711 0.14872557
v -0.2975779 0.22566071 0.2603314
v -0.30937204 0.22825417 -0.12733094
v -0.29520276 0.22496504 -0.34046876
v -0.31064656 0.22439626 -0.037039965
v -0.30883947 0.22491089 0.050724644
v -0.31048232 0.23205847 0.0077474965
v -0.31032395 0.22366711 -0.19017914
v -0.3099821 0.22437748 -0.22864832
v -0.30178764 0.2304512 0.07823365
v -0.24984348 0.2254059 0.33138472
v -0.27286968 0.22489405 0.19995467
v -0.26840508 0.22455612 -0.30944437
v -0.28029156 0.22475314 0.10079733
v -0.26484266 0.22419906 0.13351212
v -0.28912306 0.22500616 -0.2918659
v -0.26667994 0.21955591 0.403445
v -0.24230033 0.22326255 -0.38085395
v -0.23217127 0.22489035 0.26194763
v -0.2318344 0.2246128 -0.33441418
v -0.22109745 0.22417614 0.113258764
v -0.22587192 0.2226561 0.39059812
v -0.22923969 0.22423306 0.18996692
v -0.22982596 0.22479966 -0.3124444
v -0.21711412 0.22368771 0.13587289
v -0.18348147 0.21582049 -0.4047811
v -0.2043469 0.22418937 -0.36308247
v -0.20593752 0.2181361 0.40426898
v -0.16543017 0.22483549 0.29549193
v -0.18776512 0.22424603 0.23380543
v -0.14628276 0.22304988 0.38258487
v -0.1865043 0.22380018 0.18151845
v -0.17142221 0.22446984 -0.31270254
v -0.17365159 0.2246418 -0.3280905
v -0.17340568 0.22328386 0.124431655
v -0.14935063 0.22443402 -0.35746557
v -0.13225727 0.22344363 0.167125
v -0.15596917 0.22836784 0.11273621
v -0.14837554 0.22380507 0.20506197
v -0.13139202 0.22503379 0.3252079
v -0.15970469 0.21222764 0.4071651
v -0.14558056 0.22272733 -0.38536274
v -0.12838835 0.22417367 0.24345021
v -0.123319656 0.2245906 -0.32768673
v -0.12791076 0.22369036 0.112422
v -0.12069383 0.22310221 0.12643886
v -0.11935542 0.22047305 -0.39769566
v -0.105317436 0.22781524 -0.31257713
v -0.107584864 0.22434402 -0.36123562
v -0.092749596 0.22368488 0.20216365
v -0.08280023 0.21830782 0.4034167
v -0.08005596 0.22418472 0.36751246
v -0.068122886 0.22323766 0.14255753
v -0.089603476 0.22421104 0.11224856
v -0.083729036 0.22203836 -0.390581
v -0.090316206 0.21727085 -0.40482265
v -0.0706857 0.22462788 0.28622335
v -0.072992 0.22457513 -0.31387812
v -0.065995365 0.22498873 0.32239342
v -0.06726617 0.22428507 -0.3529364
v -0.059119068 0.22411361 0.23536602
v -0.05996834 0.22439197 0.11290072
v -0.044613715 0.22365525 0.19515005
v -0.047072776 0.22207123 -0.38723218
v -0.03833028 0.22226521 0.389876
v -0.044426117 0.21552655 -0.4069535
v -0.023527691 0.22490051 0.34572393
v -0.028644206 0.22456762 -0.33309948
v -0.034315437 0.21606278 0.40515935
v -0.022958932 0.22455806 -0.3130086
v -0.028950868 0.22462443 0.28353667
v -0.005989652 0.22403184 0.23222464
v -0.00912236 0.21712896 -0.40418667
v -0.015820382 0.22360149 0.112973645
v 0.0048569757 0.22350419 0.18563183
v -0.002347057 0.2236237 -0.36938506
v 0.0016395395 0.22315085 0.12824266
v 0.01820728 0.22493985 0.3122996
v 0.031105567 0.21754876 0.40398514
v 0.019231727 0.22435033 0.364744
v 0.017152483 0.22453159 -0.33333838
v 0.033734962 0.22164959 -0.3906448
v 0.055634428 0.22330803 0.13870989
v 0.03100759 0.22458857 -0.31245595
v 0.021265715 0.22367424 0.11209964
v 0.03422832 0.2244519 0.27653462
v 0.037310213 0.21744382 -0.40532452
v 0.061907146 0.2225441 0.3873284
v 0.06961867 0.22454795 -0.33244318
v 0.059215087 0.22395372 0.2246348
v 0.06260505 0.22355005 0.18551962
v 0.07448085 0.22306812 -0.37920946
v 0.06577926 0.22372857 0.11237626
v 0.076302655 0.22440758 0.26143205
v 0.07924518 0.22486612 0.3516698
v 0.080147795 0.22475594 0.29777205
v 0.07214483 0.22527725 -0.312492
v 0.09436428 0.21830851 -0.40368962
v 0.10410568 0.22371408 0.18463878
v 0.10880891 0.22417822 0.24278155
v 0.113153525 0.2233648 0.12803723
v 0.11127015 0.21979105 0.39996725
v 0.10860568 0.22424567 -0.35553628
v 0.12930606 0.22457197 -0.3136176
v 0.11672014 0.22380394 0.11229282
v 0.13822931 0.22470775 0.2904567
v 0.13107556 0.22380143 0.3773833
v 0.14660855 0.22509387 0.34400886
v 0.14107698 0.2224305 -0.38779926
v 0.14781673 0.22419316 0.225231
v 0.1433038 0.2243205 -0.3481248
v 0.14371702 0.21890777 -0.40346038
v 0.14451024 0.2215833 0.39624095
v 0.17147991 0.22379029 0.17347147
v 0.1597813 0.22370732 0.11651907
v 0.14483069 0.21360105 0.40781903
v 0.19246143 0.22411269 0.37088174
v 0.19335611 0.22465569 0.26323378
v 0.18501654 0.22438002 -0.35104465
v 0.17908959 0.22291294 -0.31617385
v 0.19227952 0.22504282 0.31949455
v 0.18144542 0.22221202 -0.39073157
v 0.1862014 0.21947184 0.4027766
v 0.18619041 0.21923435 -0.40305203
v 0.21263385 0.22367355 0.14371203
v 0.18943477 0.22427759 0.21939069
v 0.23074865 0.22374323 -0.37359005
v 0.21325746 0.22399783 0.11298751
v 0.25136736 0.22068903 -0.39961004
v 0.24082884 0.22431341 -0.32768798
v 0.2324883 0.22510272 0.31224883
v 0.23108464 0.22424775 0.18802696
v 0.21864738 0.22970489 -0.31197542
v 0.231595 0.22469828 0.24454887
v 0.24553487 0.21950564 0.4029742
v 0.24495403 0.22327065 0.38546437
v 0.25909925 0.22385317 0.13370308
v 0.26005816 0.22513095 0.35488087
v 0.25127405 0.22758326 -0.3110385
v 0.25915894 0.2241376 0.1092607
v 0.2701263 0.22519436 0.29768747
v 0.2689583 0.2248162 0.24593565
v 0.27844423 0.2247499 0.20917977
v 0.2926616 0.2247338 -0.35166174
v 0.3007771 0.22048256 0.40031415
v 0.269562 0.22420198 -0.30588865
v 0.30640128 0.22444278 0.16338259
v 0.2802816 0.22417599 -0.31989866
v 0.29251155 0.2235654 -0.3829959
v 0.30488306 0.22417367 0.10674228
v 0.28135216 0.22436386 0.101601936
v 0.30309483 0.22396308 0.38167483
v 0.3078208 0.22529939 0.2595743
v 0.2662504 0.21356913 0.40849036
v 0.288445 0.2269333 -0.29331833
v 0.3031874 0.22561842 0.32989556
v 0.29927072 0.2186124 -0.40516257
v 0.31943935 0.22441486 -0.29039866
v 0.3008013 0.22828594 0.075778075
v 0.30155903 0.22446907 -0.27750182
v 0.34415612 0.22411084 -0.37921798
v 0.33943573 0.22509408 0.1923147
v 0.30980167 0.22445759 -0.24920093
v 0.318038 0.22393167 0.04462827
v 0.3284819 0.2243785 -0.0151173035
v 0.33168253 0.22439283 -0.082677595
v 0.31097865 0.22488627 -0.034283675
v 0.31067356 0.2247087 -0.08372769
v 0.31237724 0.2236844 -0.12319722
v 0.33925778 0.22444221 -0.13209093
v 0.31093186 0.22875437 -0.16832569
v 0.3341853 0.22456911 -0.18340255
v 0.31144652 0.22463697 -0.20737666
v 0.32659996 0.22447067 -0.22583957
v 0.31111273 0.22510159 0.0065732086
v 0.3412273 0.22531682 0.3620783
v 0.3446583 0.2247554 0.09793851
v 0.3568434 0.22491828 0.056421205
v 0.363589 0.22280663 0.39236748
v 0.35418826 0.22577295 0.30845636
v 0.35339794 0.21902904 -0.40507746
v 0.34328184 0.22482413 0.1424822
v 0.34679702 0.22522667 -0.32793295
v 0.35060704 0.2247639 0.018075982
v 0.35091224 0.21537894 0.40818977
v 0.3655276 0.22501102 -0.280102
v 0.37476572 0.22442544 -0.032113224
v 0.3702933 0.22533402 0.24275711
v 0.3735004 0.22466147 -0.08941158
v 0.3718224 0.22468507 -0.22049868
v 0.3805998 0.2238917 -0.3908872
v 0.37612453 0.22484604 0.1616843
v 0.38461545 0.22443661 0.085247956
v 0.37557858 0.22450316 -0.15253499
v 0.38433114 0.2251729 0.34421027
v 0.38439098 0.22440115 0.12358411
v 0.39570078 0.22346264 -0.19467548
v 0.39200738 0.22380313 0.014808498
v 0.38131025 0.21956503 0.4047733
v 0.3890738 0.22449183 0.20446932
v 0.3959115 0.22426537 0.28989172
v 0.39546135 0.22422847 -0.3313344
v 0.4064261 0.2224158 0.04833635
v 0.40171406 0.22392893 -0.36631966
v 0.39981508 0.22354555 -0.28426474
v 0.40938738 0.22249016 0.23206222
v 0.4072921 0.22283304 0.38604826
v 0.40647048 0.22095 -0.40275532
v 0.40477636 0.22276315 -0.13456035
v 0.40645275 0.22264576 -0.083669394
v 0.41344556 0.22107536 -0.23268496
v 0.4123124 0.22160843 0.18059619
v 0.40883237 0.22226924 0.12550296
v 0.41173273 0.22136495 -0.035274595
v 0.41193283 0.2200813 0.40350628
v 0.41458845 0.22174507 0.359303
v 0.4150275 0.22218803 -0.38752973
v 0.41882554 0.21879971 0.07711759
v 0.41575226 0.22084302 0.31972933
v 0.42032057 0.21668565 -0.12830935
v 0.41843587 0.2186676 -0.17948954
v 0.42121357 0.21642938 0.26897323
v 0.41553256 0.22064376 0.009520764
v 0.4210767 0.21673906 -0.25388938
v 0.41831535 0.21957383 -0.29705793
v 0.41652408 0.22097951 -0.33922398
v 0.42039445 0.21696502 0.11609352
v 0.42138425 0.21476388 -0.0726994
v 0.4239101 0.21162206 0.20354182
v 0.42408392 0.21345684 -0.37661022
v 0.4238582 0.21420306 0.36388302
v 0.42224282 0.21572831 0.15608108
v 0.4240273 0.21352965 0.39845616
v 0.42101362 0.21735513 0.040383335
v 0.42065156 0.2112939 -0.405787
v 0.4244411 0.20863196 -0.022139505
v 0.4247559 0.20950288 -0.21720733
v -0.4236019 0.0095179975 0.08276609
v -0.41556787 0.0026121736 0.08736738
v -0.42096415 0.007698059 0.13320126
v -0.42340365 0.010540158 -0.3674003
v -0.4154124 0.0049702823 -0.4016313
v -0.39976528 0.00046038628 -0.34980202
v -0.41314176 0.0024430156 0.055893198
v -0.423466 0.009851009 -0.2869898
v -0.41513765 0.00313133 0.27990675
v -0.41977707 0.005482286 0.18835458
v -0.39505413 0.00076186657 0.19292639
v -0.4171356 0.0046272874 0.39687723
v -0.4214649 0.007309735 0.34571344
v -0.4025133 0.00043928623 0.38167137
v -0.39729533 0.0008482039 0.121931374
v -0.3901711 0.000513196 -0.031171136
v -0.42034778 0.0071960688 0.0055405498
v -0.4148567 0.0023429692 -0.045556106
v -0.4135483 0.0019614995 -0.16554208
v -0.4006611 0.00071644783 -0.12501653
v -0.41742238 0.003139019 -0.097877845
v -0.40234706 0.00029850006 -0.27340817
v -0.3937929 0.00058984756 0.3320024
v -0.4042744 0.0007920861 -0.08244753
v -0.40119573 0.007970661 0.40954185
v -0.42089596 0.014427394 0.40838253
v -0.41618532 0.0031773746 -0.23947957
v -0.37860796 0.0003786683 -0.2000308
v -0.36743093 0.00058579445 0.06627054
v -0.38466007 0.0005533099 0.27366817
v -0.35890734 0.00033390522 -0.2681465
v -0.37465015 0.003295511 0.4047523
v -0.3703771 0.000605464 -0.08770658
v -0.34429908 0.0007343292 -0.13611689
v -0.35220203 0.0037414134 -0.40575302
v -0.37041223 0 0.37631172
v -0.34436482 0.0007157922 0.23200476
v -0.33045855 0.00040864944 -0.3148843
v -0.34994742 0.00029325485 -0.38746536
v -0.32615298 0.0006253123 0.2948622
v -0.3391213 0.0008083284 0.15623412
v -0.33854926 0.0002783537 0.35057914
v -0.3212027 0.00086048245 -0.038996007
v -0.30385494 0.0011523962 0.06181314
v -0.32340306 0.00030183792 0.3913442
v -0.32454214 0.00096797943 -0.0964615
v -0.30067062 0.0008765459 -0.23042321
v -0.28971684 0.011359841 0.40936416
v -0.31235492 0.00041663647 -0.35102248
v -0.28240967 0.000047147274 -0.3937785
v -0.30362374 0.00097081065 -0.18984789
v -0.29634187 0.0008354187 -0.27936447
v -0.2908167 0.00045359135 0.33116293
v -0.2410709 0.0013000071 0.15222472
v -0.27625975 0.0010573268 -0.11735917
v -0.26500404 0.00092691183 0.23595501
v -0.2709004 0.00065273046 -0.36509115
v -0.28172627 0.0007415414 -0.32765633
v -0.26259565 0.00029730797 0.39009547
v -0.22577439 0.0011482239 -0.14190432
v -0.25063738 0.0011622608 -0.20190133
v -0.2418305 0.00089877844 -0.31947803
v -0.24962239 0.0011101961 -0.2559893
v -0.23198111 0.0005390644 0.3399762
v -0.20617604 0.0012058318 -0.0020534098
v -0.24077001 0.00137043 0.08193487
v -0.21201997 0.0012960136 0.39685678
v -0.20878819 0.0011501312 -0.28684402
v -0.21857746 0.000633657 -0.3779484
v -0.1991951 0.0012249947 -0.24411424
v -0.22100848 0.0012892485 0.21251854
v -0.17885083 0.0010273159 0.25797695
v -0.24172053 0.0066925585 -0.40767372
v -0.21181418 0.00212121 -0.40143663
v -0.19561681 0.0012533069 -0.08876662
v -0.20473884 0.0012046993 -0.2039742
v -0.20082581 0.0014466941 0.120646626
v -0.16033757 0.0013907254 0.19679178
v -0.17257696 0.00088852644 -0.34200847
v -0.1718498 0.0012033284 -0.16434743
v -0.15382467 0.0013472438 0.07452653
v -0.14708324 0.0006428361 0.36380708
v -0.16979556 0.001237154 -0.11617125
v -0.17495213 0.0006752014 -0.38818735
v -0.17247692 0.0036709905 -0.4049769
v -0.1303216 0.003949791 0.4052171
v -0.14201881 0.0011765957 -0.20715494
v -0.15807986 0.0011576116 -0.29815155
v -0.13332297 0.0014476776 0.13643861
v -0.13385506 0.0011446476 -0.26555943
v -0.14246203 0.0012195408 -0.09073529
v -0.1345036 0.004209608 -0.40516955
v -0.12707672 0.00075650215 -0.38214594
v -0.12274182 0.0012104809 0.2676577
v -0.106527604 0.0012654662 0.011174932
v -0.11228879 0.0011649728 -0.14083676
v -0.10040399 0.0009959936 -0.32754833
v -0.12019212 0.0012108684 -0.0533694
v -0.07011259 0.0014312267 0.20456046
v -0.09204084 0.0014211237 0.10158629
v -0.08834937 0.0011146367 -0.079155535
v -0.095500775 0.00113222 -0.24999146
v -0.07533705 0.0011433065 -0.19453599
v -0.059611376 0.0012827516 0.29251397
v -0.07747459 0.0011387467 -0.022905197
v -0.09443346 0.0029678047 -0.40377313
v -0.077041656 0.00068962574 -0.3714956
v -0.05001883 0.0013350248 0.069946334
v -0.08203344 0.0010664165 -0.12155451
v -0.06323816 0.0006941557 0.39665073
v -0.062061593 0.0008507073 0.37037218
v -0.03792847 0.0010682344 -0.15676528
v -0.047072433 0.001447469 0.1262073
v -0.045093685 0.0010892153 -0.27317
v -0.03967052 0.0010288358 -0.10264849
v -0.04924078 0.0016530752 -0.40006804
v -0.054475676 0.0010443032 -0.050542388
v -0.037237637 0.0011284053 -0.23357002
v -0.04422282 0.0011988878 0.01599631
v -0.0393261 0.0009293258 -0.32539272
v -0.03211641 0.00068479776 -0.3789115
v -0.0047301566 0.0010829866 -0.040384553
v -0.013514922 0.0010015965 -0.07928675
v -0.015619138 0.00068581104 0.38751912
v 0.0075563905 0.0012139678 0.31859547
v -0.008896866 0.0010772645 -0.1977096
v -0.0109079005 0.0008544624 0.35640454
v -0.012768612 0.0014593005 0.15360595
v -0.004036755 0.003740877 0.4057752
v 0.0092177065 0.0010422766 -0.30998528
v 0.0037781761 0.0014560223 0.2153414
v -0.007872878 0.0012277961 0.034262888
v 0.005098273 0.0010221899 -0.13897514
v 0.0034974646 0.0008760989 -0.3548509
v 0.009114163 0.0010990798 -0.26290566
v -0.02105943 0.0048435926 -0.40598857
v -0.004553209 0.0013381541 0.097968824
v 0.029825395 0.0009033978 -0.38876647
v 0.03836019 0.0010261834 -0.08316106
v 0.0338947 0.0011325777 0.0063807867
v -0.004444494 0.0014419854 0.286498
v 0.027588045 0.0014327466 0.25643504
v 0.040463336 0.0014354587 0.14615948
v 0.034100838 0.0012957156 0.07846571
v 0.024892576 0.00080147386 0.3923611
v 0.04843817 0.0011116862 -0.2142463
v 0.03825284 0.001051724 -0.1734166
v 0.05141136 0.0013177395 -0.39898747
v 0.07566161 0.00088882446 0.35631245
v 0.04798445 0.0009679496 -0.33952653
v 0.058176454 0.0014897585 0.19955549
v 0.04526719 0.0010337532 -0.036150627
v 0.049216747 0.0010941923 -0.271658
v 0.047549378 0.004361123 0.40642202
v 0.07555165 0.0010557175 -0.1292505
v 0.06475719 0.0013343692 0.27439368
v 0.080179326 0.00088116527 -0.3686995
v 0.08744535 0.0010894239 -0.032697413
v 0.09007576 0.0011256635 -0.17075165
v 0.0882746 0.0011978149 0.026058758
v 0.08284263 0.0014537573 0.13855883
v 0.11048065 0.0022078454 0.4012221
v 0.094167426 0.0013750792 0.07155562
v 0.09434829 0.001092881 -0.30430996
v 0.106295615 0.0010887384 -0.259659
v 0.07797923 0.007874072 -0.4081964
v 0.112158634 0.0010852218 -0.39506507
v 0.14306898 0.0010641217 0.32361436
v 0.13581419 0.001458317 0.2033571
v 0.10995881 0.0010951459 -0.09168277
v 0.104597755 0.0011534691 -0.21474068
v 0.1223504 0.0014857054 0.13846152
v 0.118283756 0.0010001659 -0.3702168
v 0.11632315 0.008290559 -0.40827388
v 0.138951 0.0011629462 -0.3103215
v 0.1292263 0.0012719035 0.032671694
v 0.12547602 0.0011669099 -0.008459718
v 0.14094378 0.0011711121 -0.14371105
v 0.14527091 0.0011779666 -0.19288206
v 0.14380966 0.0011729002 -0.050714955
v 0.148086 0.0012307465 -0.24805199
v 0.15284699 0.0011496246 -0.35155398
v 0.14091612 0.0014733374 0.089563854
v 0.15681031 0.0012097359 -0.09410272
v 0.16189863 0.003246665 -0.4036321
v 0.16897447 0.0014325082 0.050380785
v 0.17243218 0.0015548766 0.13874803
v 0.16408087 0.0012929738 0.0043228315
v 0.16607438 0.0010509789 -0.38612777
v 0.17132832 0.0007022619 0.3840056
v 0.18240602 0.0013935864 0.26121813
v 0.15638031 0.0064477026 0.40827465
v 0.18669385 0.0012481809 -0.16483797
v 0.18968503 0.0013162792 -0.280563
v 0.19762945 0.001349479 -0.20963384
v 0.19188794 0.0011952221 -0.3343649
v 0.19525085 0.0013219118 -0.04379455
v 0.20290233 0.0012742281 -0.10902833
v 0.19985555 0.0015718043 0.10610442
v 0.19734597 0.0031722784 0.40427065
v 0.19971564 0.0011618435 0.3303516
v 0.21011886 0.0014494061 0.060679987
v 0.20141618 0.0016174614 0.18300954
v 0.21724845 0.0013580024 0.021399798
v 0.2267223 0.0010110438 -0.35700458
v 0.20597664 0.0009123385 -0.38860327
v 0.24707006 0.0013967752 -0.25035384
v 0.22997032 0.00073105097 0.3745411
v 0.21169546 0.004827291 -0.40481317
v 0.23899797 0.0014646351 0.28942645
v 0.21708032 0.0015812814 0.23597023
v 0.24801427 0.0016119778 0.1476376
v 0.26077935 0.0013708174 -0.13088982
v 0.23989268 0.0012890995 -0.30665433
v 0.24429217 0.0014032722 -0.16512564
v 0.264089 0.0012877584 -0.0765043
v 0.24758428 0.0016001165 0.1967448
v 0.24823211 0.0024895072 0.403706
v 0.25343204 0.0013329685 -0.009072994
v 0.2489028 0.0008484721 -0.38441873
v 0.24956863 0.0011490285 0.34396565
v 0.25760764 0.0014312565 -0.20992932
v 0.2562055 0.0015595257 0.09269036
v 0.26548553 0.003495276 -0.40382975
v 0.27301002 0.0014590621 0.037706077
v 0.27702808 0.0011739135 -0.31505054
v 0.29003906 0.0014579594 0.25019962
v 0.28808337 0.001419872 -0.17802076
v 0.29871953 0.0012537837 -0.28866732
v 0.28684744 0.00084629655 -0.37784165
v 0.30038258 0.0011913478 0.3077823
v 0.2957518 0.00087180734 0.34594613
v 0.31019372 0.0012463629 -0.045992926
v 0.30928555 0.0014289021 0.1289324
v 0.29294288 0.00075757504 0.38961816
v 0.29296967 0.001380235 -0.23034264
v 0.29858765 0.001578033 0.18170032
v 0.3215808 0.0009872913 -0.33606708
v 0.2797005 0.008271426 0.40965897
v 0.31421423 0.0013952255 0.07116709
v 0.31257927 0.0012469888 -0.097091325
v 0.33924714 0.0011467636 -0.0014248583
v 0.31701747 0.0013180673 -0.14346106
v 0.30958042 0.0008765161 -0.39530414
v 0.30949548 0.006469518 -0.40706223
v 0.33702037 0.0010667145 -0.24417901
v 0.32158822 0.002617836 0.40310943
v 0.3428594 0.0011712611 -0.17374565
v 0.3515232 0.0005106926 -0.37641758
v 0.32769945 0.00060492754 0.37931728
v 0.33768356 0.0012613535 0.20295817
v 0.34754613 0.002066195 -0.401268
v 0.35185105 0.0006841421 0.3478914
v 0.3459521 0.000980407 0.26240593
v 0.36284825 0.0007555485 -0.30807662
v 0.36607325 0.0011238158 0.10968582
v 0.36539072 0.0009536743 0.07057729
v 0.3645777 0.0010549724 -0.11064448
v 0.36986265 0.0013630688 0.399297
v 0.36121008 0.0010609627 -0.073570475
v 0.37308955 0.0006316304 0.30464363
v 0.36800432 0.0009889603 0.1591307
v 0.38527682 0.0005518794 -0.2523483
v 0.3967267 0.0009484887 -0.17359306
v 0.3908673 0.0009097457 0.21252969
v 0.3912209 0.0008684099 0.02921058
v 0.39448366 0.0009289086 -0.019566206
v 0.3875938 0.0012396276 -0.39999896
v 0.37123823 0.006300032 -0.40719366
v 0.4043714 0.0053082705 0.4073527
v 0.33632305 0.014927894 0.41178322
v 0.40382093 0.0010877848 -0.3098536
v 0.4001936 0.0003644228 -0.3787675
v 0.39676166 0.00076436996 0.26479924
v 0.39880544 0.0008600056 -0.08632074
v 0.39226764 0.0006765127 -0.29139018
v 0.40188527 0.00058203936 0.3864054
v 0.398274 0.0010725856 0.11279963
v 0.4031126 0.0076690614 -0.4081142
v 0.39767456 0.00058853626 0.349281
v 0.41340068 0.0027409494 0.055202033
v 0.41098294 0.0022417307 0.16683932
v 0.4070016 0.0010737777 0.3098048
v 0.4146753 0.003913164 -0.40182573
v 0.41111606 0.0016708076 -0.04274543
v 0.4162532 0.0031791031 0.0040366487
v 0.41742897 0.0038214922 0.3726104
v 0.41870275 0.004945874 0.123674184
v 0.41949582 0.00548169 -0.06909254
v 0.41739336 0.003822893 -0.10729809
v 0.420723 0.007028222 0.24803394
v 0.4207448 0.0072678924 0.4019447
v 0.41551143 0.0028169155 0.2748456
v 0.4177077 0.004009068 0.2051837
v 0.4130042 0.0022574365 -0.23087949
v 0.4161438 0.0025703013 -0.34978908
v 0.42398205 0.0106678605 -0.37193114
v 0.41900095 0.0049128234 -0.176771
v 0.42126757 0.0070727766 0.31872147
v 0.4206824 0.006075412 -0.024083624
v 0.4226204 0.008775324 -0.31668103
v 0.42230353 0.007633269 0.029750764
v 0.42471927 0.013055354 0.07375052
v 0.42375615 0.01088047 0.28682768
v 0.42335066 0.009618819 0.16930103
v 0.42402074 0.010349482 -0.2214113
v 0.42446828 0.011158824 -0.2635932
v -0.42475212 0.022491038 -0.4056244
v -0.42385277 0.05994016 -0.40726513
v -0.4123662 0.027466565 -0.41260654
v -0.4154124 0.0049702823 -0.4016313
v -0.4142956 0.11114684 -0.4124415
v -0.4201491 0.16084766 -0.41127914
v -0.37498003 0.17122418 -0.41267526
v -0.42124707 0.19828945 -0.4085316
v -0.38488817 0.21023285 -0.41076398
v -0.41651893 0.21635959 -0.4054901
v -0.39597467 0.058250606 -0.41313386
v -0.35220203 0.0037414134 -0.40575302
v -0.37800717 0.01909846 -0.4118436
v -0.36543292 0.08514291 -0.41262448
v -0.3428581 0.13583216 -0.41218585
v -0.2887327 0.028769076 -0.41150594
v -0.2756899 0.20933914 -0.40902817
v -0.29740205 0.09078196 -0.41199452
v -0.2884557 0.15019512 -0.41205245
v -0.28240967 0.000047147274 -0.3937785
v -0.24217795 0.06300485 -0.41172326
v -0.24118249 0.119399786 -0.41163778
v -0.21446206 0.18088084 -0.41178703
v -0.24172053 0.0066925585 -0.40767372
v -0.18348147 0.21582049 -0.4047811
v -0.17958853 0.13688505 -0.41148424
v -0.19733958 0.039859682 -0.41169554
v -0.20703733 0.013752013 -0.4102165
v -0.21181418 0.00212121 -0.40143663
v -0.19866115 0.08562553 -0.4114986
v -0.17247692 0.0036709905 -0.4049769
v -0.15069449 0.06670177 -0.41157377
v -0.15230355 0.021007776 -0.41094714
v -0.13636851 0.100508064 -0.41133094
v -0.13391788 0.20573863 -0.40996885
v -0.1345036 0.004209608 -0.40516955
v -0.12647715 0.15452492 -0.41137254
v -0.10032012 0.039494425 -0.41183305
v -0.11935542 0.22047305 -0.39769566
v -0.10420693 0.01090768 -0.40943658
v -0.07332599 0.19607371 -0.41116077
v -0.09364929 0.07890901 -0.41147137
v -0.090316206 0.21727085 -0.40482265
v -0.08780909 0.16350374 -0.4112882
v -0.09443346 0.0029678047 -0.40377313
v -0.06576859 0.014552206 -0.40998733
v -0.07848928 0.12588155 -0.4112872
v -0.04924078 0.0016530752 -0.40006804
v -0.05266412 0.050644368 -0.41185415
v -0.044426117 0.21552655 -0.4069535
v -0.04465454 0.08573347 -0.41149676
v -0.039290555 0.12944415 -0.41132075
v -0.029629406 0.16924915 -0.41139245
v -0.02105943 0.0048435926 -0.40598857
v -0.018487012 0.20274165 -0.4108442
v -0.02096675 0.020550549 -0.4110701
v -0.0067432164 0.04904732 -0.4118834
v -0.00912236 0.21712896 -0.40418667
v -0.0036743258 0.10624495 -0.41154367
v 0.012610098 0.1694766 -0.41150713
v 0.027649185 0.015444905 -0.4102226
v 0.04878247 0.05930683 -0.411869
v 0.037834484 0.2054311 -0.41042173
v 0.037310213 0.21744382 -0.40532452
v 0.05141136 0.0013177395 -0.39898747
v 0.033129882 0.11879629 -0.41156477
v 0.06251715 0.17236146 -0.41151756
v 0.07797923 0.007874072 -0.4081964
v 0.07821746 0.11662668 -0.41158855
v 0.07977294 0.021878421 -0.41152078
v 0.08056825 0.2049421 -0.4107529
v 0.09436428 0.21830851 -0.40368962
v 0.11743373 0.058560073 -0.41196394
v 0.105563454 0.16749474 -0.41150218
v 0.12076192 0.20400557 -0.41050285
v 0.11979748 0.02677098 -0.41212046
v 0.11632315 0.008290559 -0.40827388
v 0.13030526 0.13328686 -0.4114244
v 0.13815813 0.088280976 -0.41157156
v 0.14371702 0.21890777 -0.40346038
v 0.17315747 0.20727542 -0.4102469
v 0.15545246 0.016554862 -0.41023523
v 0.15642846 0.18539259 -0.4114082
v 0.16189863 0.003246665 -0.4036321
v 0.1713262 0.11014134 -0.4114356
v 0.17126407 0.05546078 -0.41177505
v 0.17629111 0.155256 -0.411345
v 0.19394355 0.029166043 -0.41158593
v 0.18619041 0.21923435 -0.40305203
v 0.19960493 0.08312294 -0.41156626
v 0.21169546 0.004827291 -0.40481317
v 0.21835929 0.11522165 -0.4113384
v 0.21781456 0.1772184 -0.4114052
v 0.22378787 0.21096835 -0.4096523
v 0.23952052 0.030802399 -0.41161567
v 0.26159406 0.08033231 -0.4114288
v 0.25136736 0.22068903 -0.39961004
v 0.25194153 0.012667775 -0.4095102
v 0.24992177 0.13895482 -0.41128105
v 0.26548553 0.003495276 -0.40382975
v 0.2617394 0.2109519 -0.40969765
v 0.259755 0.18491113 -0.41135818
v 0.28227338 0.042652726 -0.41170245
v 0.28763977 0.14589691 -0.41133803
v 0.31194618 0.18587479 -0.41155183
v 0.29927072 0.2186124 -0.40516257
v 0.2935947 0.016087264 -0.41046375
v 0.30949548 0.006469518 -0.40706223
v 0.31913176 0.2097084 -0.41033697
v 0.3186898 0.03708127 -0.41181546
v 0.31269294 0.08630797 -0.41150373
v 0.34435394 0.117927164 -0.41156322
v 0.34305313 0.015423387 -0.41056013
v 0.34536454 0.06752229 -0.41172183
v 0.35339794 0.21902904 -0.40507746
v 0.34754613 0.002066195 -0.401268
v 0.36052358 0.20287913 -0.4115538
v 0.37012103 0.17278281 -0.4117062
v 0.38669875 0.02925086 -0.41160125
v 0.37123823 0.006300032 -0.40719366
v 0.38152322 0.08959305 -0.41194814
v 0.37995875 0.1361762 -0.41187412
v 0.39748028 0.21155348 -0.4103285
v 0.4031126 0.0076690614 -0.4081142
v 0.39964837 0.18822697 -0.4119991
v 0.40647048 0.22095 -0.40275532
v 0.40304124 0.107881784 -0.41210824
v 0.41749167 0.06669587 -0.4109673
v 0.41018593 0.1475811 -0.4119044
v 0.42065156 0.2112939 -0.405787
v 0.41795287 0.0215832 -0.4105636
v 0.4220604 0.13152158 -0.40911055
v 0.42301583 0.17611486 -0.40869862
v 0.4146753 0.003913164 -0.40182573
v 0.42579126 0.10438773 -0.4039374
v 0.42575797 0.042120874 -0.4051416
v 0.42604762 0.016754746 -0.39977288
v -0.42097574 0.07542208 0.4099427
v -0.39414513 0.14853898 0.4124869
v -0.42504582 0.1306634 0.40647888
v -0.4059475 0.19273955 0.41250288
v -0.42531466 0.19153976 0.40390497
v -0.42089596 0.014427394 0.40838253
v -0.40759012 0.046057463 0.41260695
v -0.41747564 0.21526423 0.4048118
v -0.38872126 0.023409396 0.41253817
v -0.39769357 0.21854872 0.40701848
v -0.40119573 0.007970661 0.40954185
v -0.37560627 0.10985154 0.4103902
v -0.35253337 0.044848353 0.41023797
v -0.3623103 0.16889954 0.40857673
v -0.36395064 0.21495557 0.40953338
v -0.37465015 0.003295511 0.4047523
v -0.35023877 0.19410619 0.4117639
v -0.3458537 0.01850462 0.411766
v -0.3227558 0.15878066 0.4107532
v -0.28832442 0.10998246 0.41084695
v -0.28971684 0.011359841 0.40936416
v -0.3258123 0.07221535 0.41130376
v -0.31764045 0.17935488 0.4075446
v -0.3203125 0.2171725 0.40691292
v -0.29861858 0.04525897 0.40931702
v -0.29571038 0.20115224 0.4116636
v -0.25964487 0.070213586 0.41108555
v -0.25904375 0.032007337 0.411749
v -0.25057355 0.15471098 0.4105311
v -0.25553262 0.17958799 0.4082241
v -0.26667994 0.21955591 0.403445
v -0.25271118 0.05075094 0.4087013
v -0.25186548 0.20465073 0.41059047
v -0.20862505 0.016875684 0.41183108
v -0.22057739 0.19102329 0.41081172
v -0.21201997 0.0012960136 0.39685678
v -0.2200741 0.04598385 0.40936768
v -0.21433076 0.12123716 0.4104333
v -0.20593752 0.2181361 0.40426898
v -0.21154733 0.18019474 0.40557265
v -0.17368303 0.17326728 0.40896565
v -0.16622949 0.08712697 0.4105817
v -0.1828055 0.18286166 0.4082349
v -0.15970469 0.21222764 0.4071651
v -0.1707773 0.04994589 0.40827972
v -0.160012 0.03691584 0.41121447
v -0.17249028 0.15331608 0.41015333
v -0.1303216 0.003949791 0.4052171
v -0.13132966 0.022520036 0.41262883
v -0.13301148 0.16147164 0.41000718
v -0.11711547 0.06971103 0.4107011
v -0.12864323 0.049563944 0.40777522
v -0.12622221 0.1306468 0.41020185
v -0.11262242 0.20449662 0.40975654
v -0.10239839 0.038467348 0.41089028
v -0.1168573 0.1720148 0.40755236
v -0.080956385 0.057355464 0.41042614
v -0.0967505 0.01860115 0.4121241
v -0.08481971 0.04668802 0.4060496
v -0.090191685 0.18022156 0.40828454
v -0.07521482 0.14173615 0.40993506
v -0.08280023 0.21830782 0.4034167
v -0.07183665 0.08994207 0.4103607
v -0.06434275 0.20655867 0.40930015
v -0.034730025 0.017935336 0.4121245
v -0.047239896 0.03725809 0.41118962
v -0.053609814 0.17600104 0.40824926
v -0.06323816 0.0006941557 0.39665073
v -0.004036755 0.003740877 0.4057752
v -0.046505686 0.048381686 0.40585607
v -0.034315437 0.21606278 0.40515935
v -0.03256105 0.18845332 0.40907502
v -0.029773472 0.13568088 0.40993178
v -0.027510863 0.059518933 0.41073316
v -0.005271073 0.09968421 0.41033792
v -0.014120493 0.16635904 0.40935665
v -0.0011981492 0.04559207 0.40836817
v -0.008971354 0.20975637 0.40904194
v -0.0028147637 0.17792833 0.4046358
v -0.0039891265 0.18980652 0.40959126
v 0.031105567 0.21754876 0.40398514
v 0.020412367 0.07341534 0.41102147
v 0.015233794 0.20315349 0.41018492
v 0.037497837 0.04193446 0.40992224
v 0.021440994 0.14898026 0.40994757
v 0.061909348 0.023506105 0.4126889
v 0.036570314 0.18080372 0.40796548
v 0.052601945 0.13909411 0.41039848
v 0.047549378 0.004361123 0.40642202
v 0.078874126 0.076651245 0.41083825
v 0.07505935 0.19888893 0.4105181
v 0.08164742 0.17680481 0.40823132
v 0.12974977 0.119196564 0.4105832
v 0.10582167 0.012544155 0.41148406
v 0.11048065 0.0022078454 0.4012221
v 0.10539232 0.20785034 0.40981793
v 0.14296962 0.17422423 0.40740657
v 0.11291805 0.1888232 0.40956295
v 0.11127015 0.21979105 0.39996725
v 0.12371154 0.04433611 0.4099126
v 0.15626648 0.06615031 0.41116863
v 0.15174259 0.197189 0.4106574
v 0.15638031 0.0064477026 0.40827465
v 0.15792325 0.027751714 0.41295195
v 0.14483069 0.21360105 0.40781903
v 0.14884087 0.15384361 0.41021806
v 0.16339965 0.047341734 0.40760016
v 0.18939087 0.17413014 0.4072864
v 0.17787078 0.21081796 0.40891373
v 0.18530995 0.01810813 0.4127388
v 0.1862014 0.21947184 0.4027766
v 0.20386523 0.189967 0.4102794
v 0.19343777 0.092110306 0.4108861
v 0.22593133 0.13486072 0.41064447
v 0.21874331 0.04059115 0.4112954
v 0.21515849 0.06117028 0.41117555
v 0.19734597 0.0031722784 0.40427065
v 0.21097672 0.20970598 0.40954852
v 0.22756961 0.17540827 0.40767044
v 0.22880042 0.017013222 0.41212225
v 0.24553487 0.21950564 0.4029742
v 0.24169004 0.20287612 0.4105451
v 0.24823211 0.0024895072 0.403706
v 0.26252744 0.18756759 0.40996414
v 0.2596851 0.16955844 0.4096229
v 0.2662504 0.21356913 0.40849036
v 0.2797005 0.008271426 0.40965897
v 0.27371642 0.033192486 0.41154248
v 0.28163955 0.07358584 0.4113543
v 0.2753134 0.17907876 0.40514863
v 0.2929499 0.14130768 0.4106171
v 0.29668123 0.20841232 0.4102869
v 0.29588202 0.17081079 0.4097349
v 0.30037588 0.19004506 0.41052902
v 0.32609773 0.096391946 0.4111191
v 0.31174913 0.0552527 0.41049957
v 0.3007771 0.22048256 0.40031415
v 0.3268905 0.16730478 0.41015685
v 0.32161787 0.041430235 0.40955997
v 0.324058 0.17845088 0.4066077
v 0.33632305 0.014927894 0.41178322
v 0.32158822 0.002617836 0.40310943
v 0.33869728 0.19366956 0.41104066
v 0.35091224 0.21537894 0.40818977
v 0.34448296 0.059201896 0.41100496
v 0.36215478 0.12292442 0.41027558
v 0.34679008 0.0505279 0.40669167
v 0.3624822 0.20327961 0.4115116
v 0.36986265 0.0013630688 0.399297
v 0.36818045 0.16041654 0.40923637
v 0.37833485 0.021312565 0.41263634
v 0.37198824 0.04820606 0.4111653
v 0.3630784 0.17757526 0.40585148
v 0.37035033 0.07612249 0.40918505
v 0.3822259 0.17932263 0.41135812
v 0.39775744 0.20650098 0.41071117
v 0.38131025 0.21956503 0.4047733
v 0.4043714 0.0053082705 0.4073527
v 0.4035784 0.04004681 0.41313386
v 0.40432712 0.093235165 0.41255683
v 0.40542525 0.13597071 0.41208822
v 0.41193283 0.2200813 0.40350628
v 0.41701365 0.17564347 0.41110086
v 0.41802567 0.015710562 0.410801
v 0.42044857 0.07314652 0.41118383
v 0.42456222 0.111714035 0.4063778
v 0.42100602 0.2049832 0.4091128
v 0.42534748 0.17033741 0.40593863
v 0.4207448 0.0072678924 0.4019447
v 0.4240273 0.21352965 0.39845616
v 0.4262222 0.03916222 0.40308052
v -0.3573471 0.56551474 0.11341926
v -0.35718572 0.58150953 0.12971039
v -0.35695747 0.6128475 0.09478434
v -0.35676467 0.6386123 0.11173497
v -0.3572252 0.6861757 0.08255024
v -0.355974 0.72763616 0.08680803
v -0.35710377 0.71382475 0.062121615
v -0.35739863 0.7465725 0.0659657
v -0.35738418 0.81182873 0.046385627
v -0.3539194 0.76329625 0.03947569
v -0.35137 0.55062383 0.14461099
v -0.35547552 0.5393587 0.13176419
v -0.34977686 0.6172746 0.12670861
v -0.35400194 0.54680383 0.10534888
v -0.3525343 0.6949508 0.100597285
v -0.3539519 0.5786307 0.094951645
v -0.35398096 0.6347389 0.0779542
v -0.353005 0.7600171 0.07993782
v -0.35253385 0.83090246 0.015411146
v -0.3563724 0.89078057 0.037300214
v -0.3573447 0.8821743 0.016149038
v -0.35749257 0.9249005 0.010898649
v -0.35773543 0.9587014 0.0017510739
v -0.3520769 0.95371556 0.02076265
v -0.35557637 0.9085084 -0.006264001
v -0.35490042 0.9914125 -0.001153621
v -0.3553203 0.95860994 -0.022516383
v -0.3489289 0.9902856 -0.024418596
v -0.34648958 0.5275715 0.11458187
v -0.3504665 0.67312855 0.06406555
v -0.349049 0.71980906 0.048799157
v -0.3537896 0.82414734 0.061459556
v -0.34002486 0.53094697 0.13944036
v -0.35137 0.55062383 0.14461099
v -0.35547552 0.5393587 0.13176419
v -0.34648958 0.5275715 0.11458187
v -0.30847588 0.52191037 0.116098866
v -0.29668963 0.5383731 0.14531519
v -0.27194443 0.52596414 0.12947303
v -0.27529755 0.5219214 0.113503136
v -0.2280263 0.5220346 0.1134795
v -0.22065276 0.5265272 0.13023216
v -0.18886052 0.5365311 0.14512378
v -0.1731584 0.5250339 0.12480843
v -0.16744988 0.5234475 0.11189567
v -0.13755593 0.5364214 0.14410348
v -0.12600182 0.5257963 0.12560168
v -0.10418002 0.52260697 0.11203767
v -0.08252662 0.534035 0.14434126
v -0.077144094 0.5270366 0.12876083
v -0.053152636 0.52779853 0.11023242
v -0.031969763 0.53403175 0.14404356
v 0.01296994 0.527598 0.12899081
v 0.030958807 0.5342736 0.14371204
v 0.04503464 0.52706045 0.1100152
v 0.086735845 0.52692574 0.12550348
v 0.09496485 0.5346402 0.14398006
v 0.11481359 0.5244293 0.11211418
v 0.12447172 0.52911663 0.13207322
v 0.13721205 0.5364386 0.14426151
v 0.17732824 0.5235425 0.11351954
v 0.18327767 0.52846634 0.13022281
v 0.20109554 0.5351283 0.14423238
v 0.23133795 0.5284529 0.13038497
v 0.24155012 0.5232389 0.11297984
v 0.25415957 0.53255284 0.14269659
v 0.2778454 0.5281583 0.13052727
v 0.29249543 0.52301896 0.11359431
v 0.2949845 0.5341367 0.144622
v 0.31055763 0.5270012 0.12752745
v 0.32999247 0.53454775 0.1454299
v 0.33404446 0.5237501 0.1162287
v 0.34353828 0.5316937 0.13875015
v 0.35410208 0.5412906 0.14175068
v 0.35182866 0.5311994 0.12375023
v -0.3525343 0.6949508 0.100597285
v -0.35676467 0.6386123 0.11173497
v -0.34201783 0.67147875 0.107938915
v -0.3563724 0.89078057 0.037300214
v -0.3537896 0.82414734 0.061459556
v -0.34696075 0.8646818 0.04893525
v -0.35718572 0.58150953 0.12971039
v -0.35137 0.55062383 0.14461099
v -0.34801066 0.5797211 0.13757774
v -0.34977686 0.6172746 0.12670861
v -0.355974 0.72763616 0.08680803
v -0.353005 0.7600171 0.07993782
v -0.34477198 0.8288313 0.059855677
v -0.3520769 0.95371556 0.02076265
v -0.3469427 0.90775716 0.03546858
v -0.3305244 1.0007434 0.0040736357
v -0.35490042 0.9914125 -0.001153621
v -0.340105 0.5968832 0.13083723
v -0.33866885 0.63815665 0.11619566
v -0.3370724 0.55719614 0.13738771
v -0.33920094 0.7854744 0.06985197
v -0.33946437 0.9416006 0.022057755
v -0.3399655 0.7283602 0.089316756
v -0.33308887 0.97068727 0.00584348
v -0.33820066 0.8413377 0.052652624
v -0.33864382 0.88719225 0.03908191
v -0.33673453 0.7082817 0.08603351
v -0.3361646 0.59522545 0.12146932
v -0.3345133 0.808657 0.05278456
v -0.34002486 0.53094697 0.13944036
v -0.29668963 0.5383731 0.14531519
v -0.3327057 0.64864457 0.102336
v -0.33408472 0.757754 0.06792755
v -0.3342819 0.8606801 0.03667125
v -0.3340689 0.909678 0.021653255
v -0.29302648 0.9485247 0.0096550025
v -0.31059185 0.56903183 0.12933032
v -0.29545328 0.6347865 0.10633459
v -0.31374663 0.6955851 0.087462984
v -0.325203 0.7355498 0.075274065
v -0.30464095 0.79385364 0.057040222
v -0.32302535 0.8358539 0.044259038
v -0.3098132 0.8873672 0.0282922
v -0.29568473 0.9821887 0.004978464
v -0.28836116 0.66526365 0.09676187
v -0.26770836 0.7509936 0.06994129
v -0.24561328 0.9100708 0.020939024
v -0.26044074 0.9985569 0.0051751193
v -0.25799137 0.82793194 0.046190165
v -0.2381743 0.5669022 0.13026513
v -0.25899366 0.79146546 0.057310577
v -0.25692466 0.6896709 0.0888315
v -0.25604996 0.9852109 0.007961329
v -0.25178322 0.8630213 0.035278883
v -0.23377343 0.9709842 0.0026278025
v -0.23937042 0.7303976 0.07591251
v -0.19166403 0.7666215 0.06458258
v -0.18089335 0.63656074 0.10517213
v -0.2162433 0.8137032 0.05020215
v -0.17747115 0.8558483 0.037110806
v -0.18843924 0.9844408 0.007640045
v -0.19702478 0.69246686 0.08765969
v -0.16894767 0.5815562 0.12225168
v -0.19804338 1.0042523 -0.0009770909
v -0.26091272 1.0036201 -0.0042452924
v -0.20019089 0.9956045 0.0054897675
v -0.18886052 0.5365311 0.14512378
v -0.1931555 0.7292118 0.076046176
v -0.19010095 0.7883197 0.057843562
v -0.19267775 0.97797525 0.0015156772
v -0.1847223 0.95026124 0.00838967
v -0.16473265 0.5524873 0.13832255
v -0.16220641 0.994542 0.005659649
v -0.16023953 0.97343934 0.0017834245
v -0.14831947 0.91327906 0.01950751
v -0.14078046 0.7121792 0.08135595
v -0.12916294 0.81807184 0.04853432
v -0.13407977 1.0004418 0.0034822454
v -0.13755593 0.5364214 0.14410348
v -0.12604313 0.95178086 0.007632084
v -0.12085174 0.978312 0.0034287258
v -0.09151086 0.66553414 0.095889285
v -0.107195854 0.7702292 0.06316902
v -0.093999445 0.8777093 0.030175751
v -0.102797866 0.5588127 0.12984958
v -0.0866269 0.58790433 0.12031629
v -0.083349444 0.54759747 0.14320454
v -0.086679764 0.9854074 0.0066303816
v -0.101881854 0.71763057 0.079595335
v -0.086177275 0.9990434 0.003184041
v -0.08252662 0.534035 0.14434126
v -0.07022266 0.9428668 0.010100716
v -0.055023305 0.7555966 0.067802444
v -0.043413416 0.97301644 0.0003807401
v -0.04070954 0.985179 0.006323183
v -0.046855178 0.9981866 0.0039532385
v -0.05636969 0.55299723 0.13354853
v -0.047086913 0.83482707 0.043208297
v -0.043184776 0.5668119 0.12687151
v -0.032864247 0.6228528 0.10936235
v -0.031969763 0.53403175 0.14404356
v -0.023014573 0.5488961 0.14126593
v 0.0058012977 0.86262864 0.034682088
v -0.027726226 0.5531971 0.13100813
v 0.026377711 0.71756685 0.079691
v 0.019274233 0.7940842 0.055842876
v -0.0026103768 0.57377505 0.124744534
v -0.0012746744 0.916257 0.018106535
v 0.0033043046 0.99273 0.005621421
v -0.016956978 1.0020678 0.0008185697
v 0.02368039 0.9535661 0.0066890977
v 0.026683735 0.98008883 0.0034361603
v 0.030958807 0.5342736 0.14371204
v 0.027258605 0.5544948 0.13161556
v 0.05014953 0.64921623 0.10107218
v 0.046097275 0.5468051 0.14300855
v 0.04232958 1.0000715 0.0015914275
v 0.04610817 0.9083246 0.020595826
v 0.044783205 0.57105994 0.12568949
v 0.107640006 0.9855771 0.007078924
v 0.089624144 0.8796014 0.029389245
v 0.08375011 0.971418 0.0017707301
v 0.08726706 0.82780266 0.045481853
v 0.067909464 0.5531801 0.13860336
v 0.08620225 0.55738896 0.12955302
v 0.102623604 0.7706884 0.06318796
v 0.115142204 0.607935 0.114192486
v 0.10119027 0.7103883 0.08208725
v 0.09496485 0.5346402 0.14398006
v 0.10972275 0.9399134 0.011035925
v 0.09971655 0.5491749 0.14219785
v 0.10728653 1.0011348 0.0029124345
v 0.17125085 0.8062989 0.052292533
v 0.13609909 0.90201795 0.02270785
v 0.13651747 0.851362 0.038188267
v 0.16330925 0.55547255 0.13608818
v 0.13721205 0.5364386 0.14426151
v 0.17502762 0.7183454 0.07979717
v 0.15492253 0.99572086 0.004667817
v 0.16087908 0.97137934 0.00063463347
v 0.17316568 0.6486404 0.101659335
v 0.16211909 0.957181 0.0058867265
v 0.19072565 0.9828144 0.007580761
v 0.19566394 0.87218344 0.031975016
v 0.20109554 0.5351283 0.14423238
v 0.20804283 0.5778724 0.124021284
v 0.24514686 0.75108445 0.06989571
v 0.19398531 0.92769074 0.014936807
v 0.2148405 0.99357355 0.005978808
v 0.20874965 1.0017598 -0.00044865243
v 0.23128776 0.5555611 0.1342465
v 0.24988347 0.54498774 0.14468066
v 0.22820863 0.95475435 0.006949978
v 0.23815107 0.67473865 0.09368568
v 0.24173078 0.9765264 0.00082252244
v 0.22939049 0.90262485 0.02275183
v 0.24179986 0.98414826 0.008113284
v 0.2702018 0.87206185 0.03246195
v 0.25053316 1.0018668 0.0027724814
v 0.27357587 0.60093766 0.11720702
v 0.2608651 0.9934559 0.0062281406
v 0.25415957 0.53255284 0.14269659
v 0.29335693 0.9831604 0.008122043
v 0.2716594 0.9675426 0.0032515964
v 0.2955495 0.94573337 0.010107815
v 0.28696537 0.55295146 0.1397529
v 0.30283895 0.9998145 0.004592619
v 0.2949845 0.5341367 0.144622
v 0.2986522 0.55586255 0.1313146
v 0.30083847 0.69310665 0.08824336
v 0.2986834 0.9763086 0.0010126341
v 0.3103008 0.794729 0.05655702
v 0.31415138 0.54911315 0.14293562
v 0.32909137 0.86325336 0.036818758
v 0.31816804 0.7346095 0.075441495
v 0.32256767 0.91208065 0.020351632
v 0.32999247 0.53454775 0.1454299
v 0.33282903 0.66239226 0.09878525
v 0.32695004 0.5729754 0.12628381
v 0.32642242 0.6149963 0.1130941
v 0.33886144 0.55218714 0.14327337
v 0.337199 0.98569936 0.009264906
v 0.33359814 0.97620046 0.0030405184
v 0.3462051 0.9972199 0.0013156668
v 0.33374077 0.95732373 0.00740725
v 0.33625516 0.55796874 0.13304439
v 0.33254826 0.70145476 0.085546024
v 0.3358221 0.5894756 0.120744385
v 0.33759594 0.6268165 0.11127506
v 0.33674935 0.7420064 0.07512491
v 0.33530697 0.79345566 0.057244692
v 0.33646357 0.91136724 0.021841504
v 0.33892882 0.58298564 0.13220105
v 0.33924568 0.685019 0.10112763
v 0.34154385 0.6404668 0.115742944
v 0.33966616 0.76071995 0.077994786
v 0.33976415 0.82248664 0.059390396
v 0.34030384 0.9388763 0.022769134
v 0.3433026 0.6083829 0.12728536
v 0.34211275 0.8782666 0.04354873
v 0.35157183 0.73227906 0.08931205
v 0.34708226 0.78443533 0.073432006
v 0.35245162 0.8190962 0.062229224
v 0.35081434 0.94983846 0.021271313
v 0.35242212 0.5750569 0.13727562
v 0.34754446 0.8503754 0.05294905
v 0.35410208 0.5412906 0.14175068
v 0.34818912 0.69517004 0.10141987
v 0.35619152 0.60148394 0.12802999
v 0.35713392 0.68390167 0.100686446
v 0.3556412 0.9092524 0.03293877
v 0.35683715 0.7763539 0.070539296
v 0.356467 0.9814848 0.0049984218
v 0.3560044 0.8622839 0.04604701
v 0.35641578 0.6398621 0.11581789
v 0.35716113 0.95661926 0.015061954
v 0.35739765 0.92673266 0.01879264
v -0.34103754 0.5778003 0.09276814
v -0.35400194 0.54680383 0.10534888
v -0.3539519 0.5786307 0.094951645
v -0.3192599 0.779238 0.02940315
v -0.349049 0.71980906 0.048799157
v -0.3539194 0.76329625 0.03947569
v -0.34283805 0.9614737 -0.027258378
v -0.3553203 0.95860994 -0.022516383
v -0.3489289 0.9902856 -0.024418596
v -0.35398096 0.6347389 0.0779542
v -0.33711585 0.6902022 0.057294603
v -0.3504665 0.67312855 0.06406555
v -0.35253385 0.83090246 0.015411146
v -0.33966917 0.8962909 -0.0075692898
v -0.35557637 0.9085084 -0.006264001
v -0.3093604 0.53809553 0.10594793
v -0.34648958 0.5275715 0.11458187
v -0.31899336 0.61998826 0.07909956
v -0.320556 0.8543332 0.0056722797
v -0.29159316 0.66523206 0.06487665
v -0.31140256 0.9141532 -0.013233105
v -0.32735154 0.99148846 -0.035077658
v -0.28014204 0.7208471 0.04756233
v -0.31211355 0.96798897 -0.029607505
v -0.27694365 0.5842223 0.090247914
v -0.30847588 0.52191037 0.116098866
v -0.22164707 0.9423571 -0.021834409
v -0.26389468 0.9891127 -0.034256894
v -0.22713628 0.85627943 0.0050277044
v -0.27529755 0.5219214 0.113503136
v -0.23209807 0.76756656 0.033085536
v -0.25313905 0.53321713 0.10757627
v -0.23157918 0.6583517 0.06703987
v -0.2280263 0.5220346 0.1134795
v -0.18906264 0.61021614 0.08199017
v -0.20451546 0.5421211 0.10402081
v -0.18123797 0.7154989 0.04953248
v -0.19422337 0.9869524 -0.035175156
v -0.1536608 0.8907101 -0.0055621695
v -0.14719895 0.9646793 -0.028643176
v -0.13717458 0.655745 0.06794544
v -0.14982732 0.7842629 0.028214399
v -0.16097692 0.9889355 -0.03560971
v -0.16096866 0.54356676 0.103474416
v -0.16744988 0.5234475 0.11189567
v -0.13383608 0.58113974 0.09120433
v -0.10729844 0.5370618 0.10606749
v -0.10551451 0.84497595 0.0092610335
v -0.1067424 0.9926429 -0.03137572
v -0.08625435 0.7431775 0.040819068
v -0.09836542 0.78177226 0.029268593
v -0.068556905 0.68577504 0.058834475
v -0.10418002 0.52260697 0.11203767
v -0.093247145 0.9231398 -0.01563961
v -0.052243643 0.61362135 0.081046954
v -0.091885924 0.9770454 -0.0323782
v -0.089347094 0.87899673 -0.005763975
v -0.08070565 0.8292434 0.011786625
v -0.08162959 0.9184617 -0.016461711
v -0.045708653 0.9528538 -0.02495629
v -0.076277666 0.80171263 0.021682784
v -0.053152636 0.52779853 0.11023242
v -0.047592107 0.92339456 -0.01940467
v -0.053696055 0.985338 -0.03430434
v -0.054937407 0.7719921 0.030426508
v 0.0027187315 0.5642894 0.09700224
v -0.030321099 0.71627057 0.048495118
v -0.017676063 0.7417817 0.039910052
v -0.0023721284 0.96416914 -0.028349392
v -0.021197477 0.98913 -0.033492632
v 0.04503464 0.52706045 0.1100152
v 0.009007154 0.67480856 0.061867323
v 0.012193843 0.7334812 0.042471208
v 0.018821497 0.9229129 -0.016345257
v 0.031799015 0.98395777 -0.03499032
v 0.0036287014 0.7496992 0.033366103
v 0.05493705 0.7108126 0.051018447
v 0.03984439 0.74971825 0.03784386
v 0.057381716 0.95526624 -0.025659343
v 0.056939043 0.539144 0.105361536
v 0.035027176 0.7601907 0.031075537
v 0.059159283 0.62898356 0.076470844
v 0.05518 0.7768508 0.028069017
v 0.06940254 0.92219174 -0.017003227
v 0.08008037 0.98272955 -0.034504298
v 0.09464137 0.55427665 0.10043446
v 0.07376784 0.7758614 0.030246327
v 0.0691671 0.8022723 0.020175792
v 0.094578445 0.6547911 0.06858195
v 0.090933695 0.926795 -0.016741177
v 0.08472878 0.8364636 0.01091012
v 0.06945437 0.8148123 0.006645296
v 0.113320515 0.80345535 0.022469355
v 0.07832967 0.8236468 0.0020389236
v 0.081457846 0.84262025 0.0029622584
v 0.10965854 0.7530403 0.038185198
v 0.08522433 0.9131892 -0.0148062995
v 0.087686345 0.8629619 -0.0024553766
v 0.12333925 0.61681944 0.080300234
v 0.13239574 0.6876709 0.058387548
v 0.09912587 0.88633883 -0.0036686144
v 0.088855185 0.8963407 -0.009527536
v 0.11481359 0.5244293 0.11211418
v 0.11735592 0.9626142 -0.027971428
v 0.13494672 0.8418062 0.010211902
v 0.13172466 0.90654176 -0.010466321
v 0.12706934 0.9899801 -0.031365506
v 0.15592244 0.54265857 0.10397434
v 0.15553798 0.75535184 0.037339985
v 0.17732824 0.5235425 0.11351954
v 0.15290838 0.59198564 0.08793805
v 0.16577275 0.96863306 -0.029874751
v 0.18102868 0.86872196 0.0013517835
v 0.17340386 0.79301393 0.025451528
v 0.17786464 0.6229118 0.07832242
v 0.1916667 0.91760767 -0.014170856
v 0.19007832 0.5708952 0.0944583
v 0.18389612 0.9875912 -0.035016406
v 0.21303405 0.67060935 0.06350808
v 0.23126702 0.9553919 -0.025851598
v 0.23198363 0.8131889 0.018716967
v 0.2326367 0.5352569 0.106681645
v 0.22143815 0.7443988 0.04049699
v 0.21997651 0.98395824 -0.03415256
v 0.25692397 0.6280668 0.07651783
v 0.24655738 0.56688976 0.095600754
v 0.2587625 0.8964777 -0.007607208
v 0.24155012 0.5232389 0.11297984
v 0.26553893 0.6927703 0.056452498
v 0.25986847 0.99030405 -0.030939978
v 0.27934444 0.758036 0.035996377
v 0.2842453 0.8495717 0.0070264055
v 0.29643652 0.5398463 0.10500548
v 0.30309123 0.80623776 0.020707987
v 0.29249543 0.52301896 0.11359431
v 0.296494 0.9855428 -0.03439309
v 0.3035577 0.5980216 0.08574984
v 0.29612345 0.6674683 0.06409775
v 0.32210636 0.8931358 -0.006581216
v 0.3153398 0.9514512 -0.024616629
v 0.33313763 0.7233307 0.04687734
v 0.33411562 0.67047656 0.06321263
v 0.33350113 0.7710508 0.031858426
v 0.32929167 0.9899871 -0.031746473
v 0.3349048 0.86073565 0.003613194
v 0.33404446 0.5237501 0.1162287
v 0.33608517 0.57866955 0.091933146
v 0.34469488 0.63426876 0.074705094
v 0.34257063 0.5337703 0.10843147
v 0.34185344 0.8092598 0.020058671
v 0.3487391 0.84021133 0.0110674035
v 0.35010964 0.9736058 -0.030285425
v 0.3437739 0.95947826 -0.027184661
v 0.3491871 0.9298909 -0.016995057
v 0.35182866 0.5311994 0.12375023
v 0.355223 0.71187365 0.05567754
v 0.35275468 0.76898783 0.03452124
v 0.35406262 0.57460356 0.09593314
v 0.35557485 0.62844104 0.0813549
v 0.353895 0.67311424 0.06505029
v 0.3527026 0.88275 -0.001520535
v 0.3555584 0.81165683 0.027047716
v 0.3558048 0.5406688 0.11349076
v -0.03238799 0.74868035 0.02716994
v -0.3489289 0.9902856 -0.024418596
v -0.35490042 0.9914125 -0.001153621
v -0.3305244 1.0007434 0.0040736357
v -0.30273503 1.0001925 -0.017034223
v -0.32735154 0.99148846 -0.035077658
v -0.26044074 0.9985569 0.0051751193
v -0.26389468 0.9891127 -0.034256894
v -0.26091272 1.0036201 -0.0042452924
v -0.23235498 1.00151 -0.011909354
v -0.19804338 1.0042523 -0.0009770909
v -0.1932134 0.9970547 -0.021889724
v -0.19422337 0.9869524 -0.035175156
v -0.16097692 0.9889355 -0.03560971
v -0.1471052 1.00084 -0.011177175
v -0.14677536 0.9942226 -0.027304921
v -0.13407977 1.0004418 0.0034822454
v -0.1067424 0.9926429 -0.03137572
v -0.10483574 1.0012411 -0.007739747
v -0.086177275 0.9990434 0.003184041
v -0.057549298 1.0012232 -0.00599199
v -0.05286385 0.9936121 -0.025836967
v -0.053696055 0.985338 -0.03430434
v -0.046855178 0.9981866 0.0039532385
v -0.021197477 0.98913 -0.033492632
v -0.017164987 0.99874634 -0.012956706
v -0.016956978 1.0020678 0.0008185697
v 0.01743539 0.9953034 -0.020617452
v 0.04232958 1.0000715 0.0015914275
v 0.031799015 0.98395777 -0.03499032
v 0.051363096 0.99964654 -0.008332796
v 0.06616371 0.9928202 -0.026008407
v 0.08008037 0.98272955 -0.034504298
v 0.08954518 0.9991419 -0.010074195
v 0.10728653 1.0011348 0.0029124345
v 0.12706934 0.9899801 -0.031365506
v 0.14030942 0.999378 -0.009392475
v 0.15492253 0.99572086 0.004667817
v 0.1709765 0.99325633 -0.024953267
v 0.18177608 1.0004005 -0.006362796
v 0.18389612 0.9875912 -0.035016406
v 0.20874965 1.0017598 -0.00044865243
v 0.2162336 0.9947117 -0.021462567
v 0.21997651 0.98395824 -0.03415256
v 0.24593201 1.0004989 -0.006360124
v 0.25053316 1.0018668 0.0027724814
v 0.25986847 0.99030405 -0.030939978
v 0.27999103 1.0001357 -0.008070022
v 0.30283895 0.9998145 0.004592619
v 0.29572803 0.9937408 -0.024928281
v 0.296494 0.9855428 -0.03439309
v 0.32384285 0.99983597 -0.009883616
v 0.32929167 0.9899871 -0.031746473
v 0.3462051 0.9972199 0.0013156668
v 0.3474648 0.9914911 -0.022120094
v 0.35010964 0.9736058 -0.030285425
v -0.2968675 0.40827304 -0.13378014
v -0.27533975 0.4246281 -0.1571195
v -0.29496905 0.4100908 -0.16954069
v -0.28324714 0.4206092 -0.10676434
v -0.28861117 0.41702864 -0.20766424
v -0.2779808 0.42403698 -0.23478729
v -0.2961798 0.40874285 -0.24249451
v -0.28665948 0.4182855 -0.03328211
v -0.2733605 0.42569214 -0.07427946
v -0.29348272 0.4122653 -0.07291197
v -0.28345162 0.41811436 -0.26084447
v -0.28808618 0.41738978 0.031612154
v -0.28423768 0.41304582 0.07239974
v -0.25994352 0.42989656 0.045986023
v -0.25479195 0.43134847 -0.19910106
v -0.2581456 0.43024966 -0.24851052
v -0.2602218 0.42393145 -0.27341342
v -0.2823015 0.40801504 -0.28278095
v -0.25182158 0.43184656 -0.07522066
v -0.24989259 0.42594826 0.07359176
v -0.26591074 0.42886934 -0.12397505
v -0.27394307 0.39550605 0.09901432
v -0.24967907 0.4141537 0.09332983
v -0.26132092 0.4116527 -0.2918557
v -0.26041895 0.43083635 0.009332619
v -0.23865178 0.43332487 -0.1408489
v -0.21008612 0.43391198 -0.013767696
v -0.23822866 0.4336965 -0.2312667
v -0.21856599 0.4299553 -0.26283336
v -0.21898612 0.4161198 -0.2913512
v -0.22094418 0.43376213 0.042129137
v -0.21303995 0.4339953 -0.084819674
v -0.21116096 0.43419933 -0.20344694
v -0.21826577 0.4176067 0.09165412
v -0.18672425 0.4340445 -0.12757719
v -0.19696186 0.42981598 0.06659849
v -0.17539966 0.4342431 0.031128295
v -0.1637779 0.41366383 0.09531962
v -0.17495334 0.42624423 -0.27472222
v -0.17620282 0.43396312 -0.06718495
v -0.16359936 0.43271577 -0.24755338
v -0.17464003 0.43415028 -0.18155709
v -0.16315435 0.42637053 0.07738263
v -0.1679722 0.40824646 -0.29822016
v -0.145656 0.43191424 0.05764459
v -0.14274439 0.43382603 -0.14511356
v -0.11362261 0.43373653 0.01330476
v -0.13389538 0.43360475 -0.05684415
v -0.12620467 0.4248219 0.07927807
v -0.12143417 0.4335513 -0.22551398
v -0.099644974 0.42645013 -0.27178198
v -0.111636646 0.40219834 -0.30242878
v -0.08418929 0.43320507 -0.1076399
v -0.097107716 0.43180597 0.05563052
v -0.10074639 0.43308443 -0.078891605
v -0.06878231 0.4336537 -0.18946223
v -0.09487718 0.40690142 0.10035745
v -0.100586064 0.4332167 -0.04032339
v -0.07513623 0.4249647 0.077739574
v -0.06610146 0.4115764 -0.2953239
v -0.09169645 0.43341017 -0.017146064
v -0.09061945 0.43461823 -0.058197953
v -0.0826262 0.43362534 0.0046373825
v -0.08643561 0.43315253 -0.08235847
v -0.04502679 0.43344647 0.02613277
v -0.050992537 0.43323904 -0.14729013
v -0.05248979 0.43282968 -0.08260071
v -0.02898316 0.43222415 0.050832573
v -0.042891182 0.41391528 0.09425036
v -0.04196623 0.43474394 0.0012389554
v -0.026085956 0.4263153 -0.27345568
v -0.024560003 0.42683643 0.072991975
v -0.010263571 0.43354693 -0.23142602
v -0.000015544436 0.4333178 -0.1392459
v -0.00943975 0.43302715 -0.10034321
v 0.0016964352 0.41350335 -0.29378647
v 0.0188321 0.43367115 -0.19382708
v 0.01558554 0.4328399 -0.082799174
v 0.009702992 0.4160786 0.09147345
v 0.011103539 0.43332198 0.012843319
v 0.02120827 0.43542853 0.00079431385
v 0.009758196 0.4271558 0.07259513
v 0.031711172 0.43217483 0.048757236
v 0.03386556 0.428422 -0.2687971
v 0.035279166 0.43260443 -0.24785505
v 0.06003228 0.4332703 -0.12345318
v 0.07939232 0.4334796 -0.23401998
v 0.044040043 0.41655132 -0.2901485
v 0.057735242 0.42672294 0.07384974
v 0.0608099 0.43286726 -0.082705304
v 0.059319407 0.43333226 0.018491229
v 0.05807307 0.4175135 0.08975078
v 0.08211596 0.4318401 0.052245695
v 0.06795231 0.43380836 0.0013735691
v 0.09055354 0.42158952 -0.28311533
v 0.102929585 0.43395263 -0.18460874
v 0.090350576 0.43102264 -0.2590577
v 0.10700272 0.40367696 -0.30188483
v 0.112056136 0.42355692 0.08010036
v 0.09311707 0.4334197 0.001827806
v 0.085693136 0.43430117 -0.07920614
v 0.13143192 0.4328965 0.042435978
v 0.120381534 0.43354002 -0.085686475
v 0.12383048 0.43378827 -0.12789237
v 0.101637684 0.43316543 -0.04315577
v 0.089359626 0.4361549 -0.045253064
v 0.14490885 0.43379718 -0.020990752
v 0.14138848 0.43381232 -0.23647153
v 0.1394629 0.4296815 -0.2650935
v 0.14991526 0.4217421 -0.2834429
v 0.16964155 0.43452555 -0.19842605
v 0.15937883 0.43421084 -0.1560467
v 0.1697717 0.43390477 -0.059917867
v 0.17886797 0.42577153 0.076711446
v 0.14987835 0.40913606 0.09747475
v 0.1907653 0.43412957 -0.10509018
v 0.18317175 0.43415704 0.011601324
v 0.18443091 0.42664167 -0.2716614
v 0.18113065 0.43299282 0.046940655
v 0.1947278 0.43442807 -0.23314303
v 0.1871773 0.4164248 0.09177599
v 0.20660214 0.43460685 -0.16609444
v 0.22556964 0.4337066 -0.047184404
v 0.17778511 0.4058216 -0.30032456
v 0.21442442 0.4311355 -0.26226366
v 0.22146912 0.4315384 0.058398485
v 0.22181982 0.43421668 0.016026381
v 0.22389334 0.4212971 0.0849504
v 0.22100006 0.4091799 -0.29842085
v 0.2331162 0.4344021 -0.219748
v 0.23424886 0.42089128 -0.28551018
v 0.26619238 0.42890757 -0.17951587
v 0.25785565 0.43128067 -0.13091347
v 0.25859788 0.43126917 -0.011472818
v 0.25764647 0.43129256 0.028806014
v 0.26143664 0.42602223 -0.2685153
v 0.25376928 0.42618847 0.07349016
v 0.2554034 0.41680974 0.08940824
v 0.27384084 0.425299 0.049758445
v 0.2670285 0.40922123 -0.29204482
v 0.2804429 0.4224832 -0.2314285
v 0.27270123 0.42741048 -0.0759722
v 0.27293655 0.41852558 0.077716604
v 0.27179176 0.40461332 0.09488648
v 0.28910702 0.41746235 0.014379212
v 0.28324962 0.41279757 -0.27839804
v 0.29128987 0.4158561 -0.15100889
v 0.28641787 0.40425915 0.0844628
v 0.2920703 0.41255653 0.057862636
v 0.29445255 0.4126351 -0.036043327
v 0.3000646 0.40407163 -0.07621712
v -0.28029156 0.22475314 0.10079733
v -0.26221874 0.24275663 0.108727634
v -0.28547323 0.26282337 0.09729429
v -0.29171306 0.32566366 0.09236728
v -0.27121183 0.35112965 0.106883086
v -0.29232946 0.3720562 0.09078833
v -0.27394307 0.39550605 0.09901432
v -0.24483077 0.37949497 0.11122984
v -0.2267684 0.31698576 0.11345439
v -0.22109745 0.22417614 0.113258764
v -0.24967907 0.4141537 0.09332983
v -0.20302136 0.2490789 0.113238625
v -0.21618369 0.39770484 0.10659165
v -0.21826577 0.4176067 0.09165412
v -0.1744982 0.37618697 0.11173682
v -0.1637779 0.41366383 0.09531962
v -0.16983786 0.3204269 0.11363089
v -0.15596917 0.22836784 0.11273621
v -0.14077955 0.27892017 0.11293558
v -0.12896526 0.3541568 0.11338777
v -0.09487718 0.40690142 0.10035745
v -0.09793438 0.24609858 0.1123523
v -0.103610165 0.2958339 0.11302838
v -0.06387731 0.3818692 0.11048447
v -0.12791076 0.22369036 0.112422
v -0.06707421 0.33945376 0.11315343
v -0.089603476 0.22421104 0.11224856
v -0.03835066 0.2669857 0.112583235
v -0.05996834 0.22439197 0.11290072
v -0.03150481 0.30729944 0.112843014
v -0.040524736 0.23474413 0.11201869
v -0.042891182 0.41391528 0.09425036
v -0.015820382 0.22360149 0.112973645
v -0.006685237 0.34474748 0.113214046
v -0.00071603997 0.2378316 0.11211597
v 0.010638879 0.40069705 0.10398149
v 0.009702992 0.4160786 0.09147345
v 0.033307336 0.29798383 0.112682454
v 0.019489517 0.37878105 0.11155119
v 0.021265715 0.22367424 0.11209964
v 0.03801365 0.3416624 0.113257885
v 0.04101421 0.24703866 0.112080865
v 0.053057898 0.39854747 0.10491122
v 0.06577926 0.22372857 0.11237626
v 0.07133482 0.37852344 0.111131266
v 0.05807307 0.4175135 0.08975078
v 0.08662161 0.24708048 0.112228796
v 0.08691542 0.34629446 0.11301417
v 0.10134492 0.29474908 0.11271978
v 0.097642265 0.40506038 0.10083197
v 0.112056136 0.42355692 0.08010036
v 0.11672014 0.22380394 0.11229282
v 0.1335266 0.38014194 0.11119709
v 0.1348913 0.25459737 0.11238188
v 0.13954075 0.34115332 0.1132104
v 0.14987835 0.40913606 0.09747475
v 0.1676188 0.29183707 0.11286927
v 0.1597813 0.22370732 0.11651907
v 0.1836191 0.24477836 0.11258138
v 0.18073605 0.3733424 0.112511516
v 0.2050505 0.33571976 0.113469675
v 0.19370885 0.39468437 0.10685718
v 0.1871773 0.4164248 0.09177599
v 0.21325746 0.22399783 0.11298751
v 0.21877165 0.2816 0.11305245
v 0.22389334 0.4212971 0.0849504
v 0.23021351 0.40458086 0.10169406
v 0.2248698 0.3799359 0.11152882
v 0.22861557 0.234967 0.11260387
v 0.25019932 0.30763927 0.111717746
v 0.2626117 0.24963745 0.10803622
v 0.25645122 0.3522011 0.11081056
v 0.25096655 0.3838837 0.10946292
v 0.2554034 0.41680974 0.08940824
v 0.25915894 0.2241376 0.1092607
v 0.27596015 0.3057865 0.10362836
v 0.27179176 0.40461332 0.09488648
v 0.27799764 0.38062185 0.10091405
v 0.28135216 0.22436386 0.101601936
v 0.2892788 0.35208198 0.09466413
v 0.28641787 0.40425915 0.0844628
v 0.29139286 0.2623786 0.091633245
v 0.29453188 0.38452452 0.08628087
v -0.089206845 0.49538365 0.00006111845
v -0.05949927 0.5273258 0.0018533564
v -0.089019895 0.543069 -0.0003396255
v -0.08986977 0.726567 -0.0025185545
v -0.073631495 0.7345253 0.0017327166
v -0.09017209 0.77269244 -0.002810237
v -0.082208425 0.7860448 0.0030319367
v -0.08891445 0.8262867 -0.0019625789
v -0.08890078 0.45484328 -0.0002014452
v -0.07322068 0.4605161 0.0014336708
v -0.0709529 0.5852069 0.0021770408
v -0.089341424 0.59072834 -0.00013069197
v -0.07341546 0.64858913 0.002608662
v -0.0900811 0.6611451 -0.00683736
v -0.07334818 0.6937375 0.00227477
v -0.0826262 0.43362534 0.0046373825
v -0.069148615 0.7992882 0.007295404
v -0.06674901 0.76261175 0.002125805
v -0.04196623 0.43474394 0.0012389554
v -0.07270444 0.78057384 0.0016809625
v 0.009735754 0.46528357 0.0013264307
v -0.0360781 0.6301287 0.0026197631
v -0.04946894 0.7473853 0.0072161458
v -0.026155176 0.6694626 0.0036883904
v -0.034254916 0.7046207 0.0023160744
v -0.03283158 0.7300224 0.0069103986
v -0.008217433 0.60330445 0.002415666
v -0.009405782 0.69717574 0.0034536184
v -0.010296919 0.72484684 0.003056305
v 0.02564924 0.5618761 0.0019691088
v -0.0024742528 0.6557913 0.0054759476
v 0.0015040017 0.6792935 0.009784326
v 0.02120827 0.43542853 0.00079431385
v 0.023023736 0.6901029 0.0042953207
v 0.027229076 0.72990453 0.0021794145
v -0.004217218 0.7401124 0.0050925124
v 0.006641063 0.7625599 0.00512845
v 0.03177983 0.755063 0.0059646093
v 0.022844927 0.666727 0.0036656442
v 0.044764817 0.6458071 0.0023399962
v 0.061289873 0.6865291 0.0022047868
v 0.06369129 0.72136277 0.0018858192
v 0.06795231 0.43380836 0.0013735691
v 0.07609421 0.547487 0.0014916618
v 0.06753868 0.75562173 0.0019046606
v 0.07163287 0.61775106 0.0017998803
v 0.06945437 0.8148123 0.006645296
v 0.07832967 0.8236468 0.0020389236
v 0.08472878 0.8364636 0.01091012
v 0.08633993 0.666697 -0.00024308442
v 0.08654974 0.593038 0.00037419779
v 0.08607753 0.456508 -0.0020574438
v 0.08324812 0.5000171 0.0013879937
v 0.087476924 0.71015227 0.00026202924
v 0.08725362 0.7571745 0.00033499004
v 0.08838145 0.61954457 -0.0017721549
v 0.077358596 0.7884719 0.0042349584
v 0.089676924 0.55741364 -0.0056068655
v 0.09311707 0.4334197 0.001827806
v 0.08730834 0.8025924 -0.00038110814
v 0.081457846 0.84262025 0.0029622584
v 0.08815197 0.8331156 -0.0026840824
v 0.087686345 0.8629619 -0.0024553766
v -0.077269986 0.7639112 -0.0833351
v -0.087964326 0.727525 -0.079920195
v -0.08747569 0.7901164 -0.08208515
v -0.08806139 0.45397782 -0.081083134
v -0.0739327 0.45571694 -0.08239914
v -0.08643561 0.43315253 -0.08235847
v -0.08761239 0.50840175 -0.08107684
v -0.07729978 0.551159 -0.08292417
v -0.088802874 0.5725155 -0.08024837
v -0.087733075 0.6142194 -0.08167364
v -0.06599771 0.5871588 -0.08259365
v -0.07218994 0.64547205 -0.08299981
v -0.08856257 0.6656334 -0.079012975
v -0.0861492 0.8331437 -0.08228216
v -0.08751071 0.88347447 -0.0817529
v -0.07637595 0.8582062 -0.083183736
v -0.07361817 0.7108232 -0.08313325
v -0.06897775 0.8045438 -0.08305293
v -0.07007191 0.9072753 -0.08316596
v -0.08407786 0.9156436 -0.0803342
v -0.06487514 0.52821434 -0.082910456
v -0.07547784 0.500713 -0.08262374
v -0.07365697 0.9231664 -0.07843314
v -0.05248979 0.43282968 -0.08260071
v -0.04667422 0.74535906 -0.083350904
v -0.062806115 0.8783655 -0.07995987
v -0.06849998 0.8576827 -0.07879945
v -0.06041293 0.842823 -0.08160886
v -0.06747735 0.5609147 -0.082538106
v -0.065245524 0.5489701 -0.08243689
v -0.01838346 0.71462274 -0.08331049
v -0.049526714 0.8416795 -0.07460088
v -0.05002359 0.886163 -0.08054815
v -0.016297225 0.4828184 -0.08298057
v -0.04349947 0.56344074 -0.08050045
v -0.043941233 0.9250387 -0.08075154
v -0.027510095 0.9083087 -0.08323787
v -0.015367301 0.6110884 -0.08316809
v -0.049074356 0.54426044 -0.078843914
v -0.047207702 0.53395945 -0.08317156
v -0.021848276 0.8314754 -0.08209243
v -0.033323824 0.8033364 -0.08243135
v -0.029199576 0.53672624 -0.08197504
v -0.010744076 0.88606936 -0.08263704
v -0.01944785 0.843699 -0.07736981
v -0.00032403885 0.92440236 -0.08136345
v 0.027326979 0.7630744 -0.08293215
v 0.0019255847 0.54212976 -0.083540544
v 0.01558554 0.4328399 -0.082799174
v -0.012976354 0.5623471 -0.08115201
v -0.014380943 0.54660416 -0.0822211
v 0.023452897 0.9120316 -0.08318638
v 0.010718011 0.8498328 -0.080529444
v -0.0096983835 0.85847414 -0.080758
v 0.021914605 0.69087106 -0.083332315
v 0.009061149 0.87350047 -0.082243524
v 0.025895825 0.8301584 -0.082064025
v 0.015660856 0.57336056 -0.0833978
v 0.013811035 0.5564404 -0.07768327
v 0.02467179 0.890388 -0.08178731
v 0.023824198 0.5428927 -0.078139514
v 0.031044776 0.62586385 -0.08346045
v 0.044473268 0.5649296 -0.080377385
v 0.031715862 0.8399128 -0.077378444
v 0.043593157 0.8956052 -0.08265679
v 0.06445382 0.46400174 -0.08270574
v 0.047707804 0.9247325 -0.08141039
v 0.06499976 0.5082727 -0.08318112
v 0.03773388 0.5346331 -0.08314436
v 0.0608099 0.43286726 -0.082705304
v 0.055523805 0.84137976 -0.079416096
v 0.063564375 0.80290854 -0.082886636
v 0.06712374 0.58221424 -0.08337981
v 0.07102895 0.6731396 -0.083162725
v 0.053324778 0.8842108 -0.08216451
v 0.038250446 0.88754237 -0.07532414
v 0.06779298 0.7126078 -0.08323993
v 0.061538555 0.8881554 -0.08123848
v 0.06555173 0.9108027 -0.08316805
v 0.071475744 0.7593014 -0.0832542
v 0.060888644 0.54230374 -0.082706004
v 0.07924885 0.63667846 -0.08323148
v 0.07652961 0.8500551 -0.082967326
v 0.076543696 0.92128444 -0.07996386
v 0.06902677 0.5595496 -0.08288233
v 0.07609949 0.8863586 -0.083147034
v 0.07040559 0.86527383 -0.08274317
v 0.08410317 0.54524696 -0.082385466
v 0.069627486 0.88099504 -0.0797691
v 0.083127856 0.90956354 -0.08219827
v 0.08506023 0.824342 -0.08210571
v 0.085693136 0.43430117 -0.07920614
v 0.08606356 0.76877546 -0.081728965
v 0.08664109 0.60151905 -0.081912205
v 0.08580448 0.70178986 -0.08254326
v 0.08664928 0.4498302 -0.08143768
v 0.087097086 0.485722 -0.08128394
v 0.08705969 0.5184752 -0.081508055
v 0.08647044 0.87971926 -0.081834644
v -0.08070565 0.8292434 0.011786625
v -0.08891445 0.8262867 -0.0019625789
v -0.069148615 0.7992882 0.007295404
v -0.06386494 0.772287 0.014604376
v -0.07270444 0.78057384 0.0016809625
v -0.06674901 0.76261175 0.002125805
v -0.076277666 0.80171263 0.021682784
v -0.054937407 0.7719921 0.030426508
v -0.04946894 0.7473853 0.0072161458
v -0.03238799 0.74868035 0.02716994
v -0.03283158 0.7300224 0.0069103986
v -0.017676063 0.7417817 0.039910052
v -0.07018748 0.8485774 -0.060346145
v -0.067597196 0.8703271 -0.0724472
v -0.06125906 0.8779199 -0.064563334
v -0.06849998 0.8576827 -0.07879945
v -0.062806115 0.8783655 -0.07995987
v -0.049526714 0.8416795 -0.07460088
v -0.062077966 0.5468435 -0.07064682
v -0.065245524 0.5489701 -0.08243689
v -0.067521214 0.5578139 -0.06726726
v -0.06747735 0.5609147 -0.082538106
v -0.06350491 0.5507563 -0.058743875
v -0.053886957 0.56271344 -0.059502576
v -0.046865847 0.5481542 -0.059198905
v -0.049074356 0.54426044 -0.078843914
v -0.044938903 0.5398481 -0.05925797
v -0.046507493 0.53760445 -0.07364718
v -0.047207702 0.53395945 -0.08317156
v -0.029181756 0.5396422 -0.05910869
v -0.03937913 0.56934845 -0.06218162
v -0.015096503 0.5564785 -0.059305355
v -0.01434059 0.56595516 -0.06648072
v -0.07018748 0.8485774 -0.060346145
v -0.06125906 0.8779199 -0.064563334
v -0.052314684 0.84873533 -0.059232432
v -0.049526714 0.8416795 -0.07460088
v -0.041970015 0.88467765 -0.05984157
v -0.02680739 0.874274 -0.05795089
v -0.016773663 0.8453816 -0.06527047
v -0.015222636 0.8529099 -0.057816017
v -0.017392017 0.8811439 -0.06271431
v -0.012535405 0.86916745 -0.058760755
v -0.067521214 0.5578139 -0.06726726
v -0.06747735 0.5609147 -0.082538106
v -0.06008982 0.56257915 -0.072026186
v -0.04349947 0.56344074 -0.08050045
v -0.053886957 0.56271344 -0.059502576
v -0.03937913 0.56934845 -0.06218162
v -0.027643632 0.5670865 -0.07136108
v -0.01434059 0.56595516 -0.06648072
v -0.012976354 0.5623471 -0.08115201
v -0.06125906 0.8779199 -0.064563334
v -0.062806115 0.8783655 -0.07995987
v -0.05002359 0.886163 -0.08054815
v -0.041970015 0.88467765 -0.05984157
v -0.028446293 0.8856594 -0.07304279
v -0.010744076 0.88606936 -0.08263704
v -0.017392017 0.8811439 -0.06271431
v -0.0119221145 0.8798739 -0.077722825
v -0.029199576 0.53672624 -0.08197504
v -0.047207702 0.53395945 -0.08317156
v -0.046507493 0.53760445 -0.07364718
v -0.044938903 0.5398481 -0.05925797
v -0.032372337 0.5363713 -0.07127701
v -0.029181756 0.5396422 -0.05910869
v -0.01760908 0.54592294 -0.06805412
v -0.014380943 0.54660416 -0.0822211
v -0.015096503 0.5564785 -0.059305355
v -0.01434059 0.56595516 -0.06648072
v -0.01075055 0.554443 -0.073269084
v -0.012976354 0.5623471 -0.08115201
v -0.01944785 0.843699 -0.07736981
v -0.049526714 0.8416795 -0.07460088
v -0.016773663 0.8453816 -0.06527047
v -0.021848276 0.8314754 -0.08209243
v -0.0096983835 0.85847414 -0.080758
v -0.009979247 0.8670021 -0.07104717
v -0.012535405 0.86916745 -0.058760755
v -0.017392017 0.8811439 -0.06271431
v -0.0119221145 0.8798739 -0.077722825
v -0.015222636 0.8529099 -0.057816017
v -0.010744076 0.88606936 -0.08263704
v -0.008924611 0.74170023 0.016080286
v -0.03238799 0.74868035 0.02716994
v -0.03283158 0.7300224 0.0069103986
v 0.0036287014 0.7496992 0.033366103
v -0.010296919 0.72484684 0.003056305
v -0.004217218 0.7401124 0.0050925124
v 0.01286273 0.75428194 0.013531851
v 0.006641063 0.7625599 0.00512845
v 0.03177983 0.755063 0.0059646093
v 0.02661054 0.7547581 0.024136722
v 0.035027176 0.7601907 0.031075537
v 0.052577484 0.7610289 0.016794305
v 0.05518 0.7768508 0.028069017
v 0.06663556 0.778382 0.013965328
v 0.06753868 0.75562173 0.0019046606
v 0.0691671 0.8022723 0.020175792
v 0.077358596 0.7884719 0.0042349584
v 0.06945437 0.8148123 0.006645296
v 0.016297096 0.87858 -0.059347596
v 0.015408398 0.85032207 -0.06380867
v 0.009016593 0.8674604 -0.07309208
v 0.010718011 0.8498328 -0.080529444
v 0.036364835 0.8590374 -0.057640184
v 0.04772876 0.844156 -0.057392325
v 0.039983008 0.83780336 -0.06326078
v 0.043909684 0.88200414 -0.059097406
v 0.06420478 0.87287414 -0.056848817
v 0.07246477 0.8845389 -0.05224177
v 0.06859798 0.86318874 -0.058956064
v 0.06705019 0.8489342 -0.05961793
v 0.07267242 0.88238037 -0.06520075
v 0.009016593 0.8674604 -0.07309208
v 0.010718011 0.8498328 -0.080529444
v 0.009061149 0.87350047 -0.082243524
v 0.017161896 0.8829105 -0.072597496
v 0.016297096 0.87858 -0.059347596
v 0.02467179 0.890388 -0.08178731
v 0.043909684 0.88200414 -0.059097406
v 0.038250446 0.88754237 -0.07532414
v 0.043593157 0.8956052 -0.08265679
v 0.05782097 0.88332 -0.067271814
v 0.053324778 0.8842108 -0.08216451
v 0.061538555 0.8881554 -0.08123848
v 0.07246477 0.8845389 -0.05224177
v 0.07267242 0.88238037 -0.06520075
v 0.021575203 0.56612533 -0.061797757
v 0.016818391 0.55335116 -0.060821198
v 0.013811035 0.5564404 -0.07768327
v 0.03404382 0.56021583 -0.060030576
v 0.042167496 0.5426967 -0.0610548
v 0.04939936 0.5648909 -0.06287013
v 0.056005254 0.55021286 -0.06166595
v 0.06465821 0.5572544 -0.066844605
v 0.026688013 0.56408966 -0.07094295
v 0.021575203 0.56612533 -0.061797757
v 0.013811035 0.5564404 -0.07768327
v 0.044473268 0.5649296 -0.080377385
v 0.04939936 0.5648909 -0.06287013
v 0.06465821 0.5572544 -0.066844605
v 0.06902677 0.5595496 -0.08288233
v 0.016818391 0.55335116 -0.060821198
v 0.023824198 0.5428927 -0.078139514
v 0.013811035 0.5564404 -0.07768327
v 0.03773388 0.5346331 -0.08314436
v 0.0019255847 0.54212976 -0.083540544
v 0.042167496 0.5426967 -0.0610548
v 0.046721697 0.5398655 -0.0734188
v 0.060888644 0.54230374 -0.082706004
v 0.056005254 0.55021286 -0.06166595
v 0.06479581 0.5491921 -0.07430082
v 0.06465821 0.5572544 -0.066844605
v 0.06902677 0.5595496 -0.08288233
v 0.015408398 0.85032207 -0.06380867
v 0.031715862 0.8399128 -0.077378444
v 0.010718011 0.8498328 -0.080529444
v 0.039983008 0.83780336 -0.06326078
v 0.055523805 0.84137976 -0.079416096
v 0.04772876 0.844156 -0.057392325
v 0.055006683 0.84016615 -0.06725523
v 0.06705019 0.8489342 -0.05961793
v 0.055523805 0.84137976 -0.079416096
v 0.055006683 0.84016615 -0.06725523
v 0.06779135 0.8534877 -0.073519856
v 0.06705019 0.8489342 -0.05961793
v 0.07040559 0.86527383 -0.08274317
v 0.068517014 0.866436 -0.071839474
v 0.06859798 0.86318874 -0.058956064
v 0.07267242 0.88238037 -0.06520075
v 0.069627486 0.88099504 -0.0797691
v 0.061538555 0.8881554 -0.08123848
v 0.28135216 0.22436386 0.101601936
v 0.3008013 0.22828594 0.075778075
v 0.29139286 0.2623786 0.091633245
v 0.2996461 0.32047105 0.080975294
v 0.2892788 0.35208198 0.09466413
v 0.27596015 0.3057865 0.10362836
v 0.2804429 0.4224832 -0.2314285
v 0.30165827 0.39648566 -0.26018828
v 0.28324962 0.41279757 -0.27839804
v 0.2900663 0.39500305 -0.28674942
v 0.28641787 0.40425915 0.0844628
v 0.29453188 0.38452452 0.08628087
v 0.30100927 0.3943981 0.06711746
v 0.2920703 0.41255653 0.057862636
v 0.288445 0.2269333 -0.29331833
v 0.2877036 0.2547724 -0.29465812
v 0.3009898 0.24555823 -0.27860034
v 0.3000646 0.40407163 -0.07621712
v 0.30278844 0.4005612 -0.13794124
v 0.29128987 0.4158561 -0.15100889
v 0.29638308 0.35854498 -0.285576
v 0.30365807 0.3994873 0.017039567
v 0.28910702 0.41746235 0.014379212
v 0.29572484 0.30085337 -0.28673893
v 0.3050993 0.39773142 -0.20456448
v 0.30552635 0.3690316 0.07032802
v 0.29445255 0.4126351 -0.036043327
v 0.30155903 0.22446907 -0.27750182
v 0.3077716 0.3141114 -0.2619353
v 0.30581087 0.28360796 0.06917963
v 0.30565268 0.24523789 0.06967557
v 0.30696315 0.39155442 -0.015562496
v 0.30749196 0.26050168 -0.2631001
v 0.3095165 0.38042888 -0.12030288
v 0.3076908 0.35541373 -0.26503462
v 0.30847627 0.38428524 0.047209047
v 0.31038404 0.3715626 -0.17629299
v 0.3101787 0.3499846 0.05219822
v 0.30980167 0.22445759 -0.24920093
v 0.3109932 0.37331247 -0.24019311
v 0.31050548 0.24011445 0.047905687
v 0.30992216 0.37889963 -0.0577449
v 0.31040183 0.30844 0.050159287
v 0.318038 0.22393167 0.04462827
v 0.31135127 0.36989918 0.017582603
v 0.31089544 0.27210432 0.043997385
v 0.31113625 0.36161014 -0.020157712
v 0.31139302 0.3398903 -0.08913266
v 0.3113593 0.2782842 -0.24265417
v 0.3113511 0.24687687 -0.22027153
v 0.3123133 0.3421287 -0.23098306
v 0.31128263 0.24429893 0.008258298
v 0.31202918 0.30302775 -0.21449469
v 0.31141105 0.28697124 0.0013843699
v 0.31169716 0.3243429 0.006783389
v 0.31111273 0.22510159 0.0065732086
v 0.31097865 0.22488627 -0.034283675
v 0.31098694 0.24414176 -0.055145275
v 0.31128594 0.2992307 -0.052387577
v 0.31067356 0.2247087 -0.08372769
v 0.31117922 0.2916916 -0.11693186
v 0.3109007 0.24524337 -0.1070364
v 0.31237724 0.2236844 -0.12319722
v 0.31116647 0.26580608 -0.16116899
v 0.31152722 0.34262174 -0.13449126
v 0.3106991 0.2355575 -0.14206898
v 0.31152382 0.3076765 -0.17506154
v 0.31093186 0.22875437 -0.16832569
v 0.31144652 0.22463697 -0.20737666
v 0.356467 0.9814848 0.0049984218
v 0.3474648 0.9914911 -0.022120094
v 0.3462051 0.9972199 0.0013156668
v 0.35712212 0.7626531 0.048895583
v 0.355223 0.71187365 0.05567754
v 0.35275468 0.76898783 0.03452124
v 0.3487391 0.84021133 0.0110674035
v 0.3527026 0.88275 -0.001520535
v 0.35679066 0.8600717 0.01538486
v 0.35678527 0.9777024 -0.020384248
v 0.35010964 0.9736058 -0.030285425
v 0.3558048 0.5406688 0.11349076
v 0.35410208 0.5412906 0.14175068
v 0.35182866 0.5311994 0.12375023
v 0.3491871 0.9298909 -0.016995057
v 0.3567759 0.9047866 0.0024972444
v 0.3583251 0.5640006 0.12756291
v 0.35406262 0.57460356 0.09593314
v 0.35798696 0.5888494 0.10633419
v 0.35557485 0.62844104 0.0813549
v 0.35794374 0.639121 0.093702786
v 0.353895 0.67311424 0.06505029
v 0.35786033 0.67835325 0.08253725
v 0.35245162 0.8190962 0.062229224
v 0.35683715 0.7763539 0.070539296
v 0.35748976 0.80302763 0.054162387
v 0.35771522 0.7284285 0.071991116
v 0.3555584 0.81165683 0.027047716
v 0.35739765 0.92673266 0.01879264
v 0.35081434 0.94983846 0.021271313
v 0.3556412 0.9092524 0.03293877
v 0.3570103 0.94565725 -0.011811225
v 0.35242212 0.5750569 0.13727562
v 0.35619152 0.60148394 0.12802999
v 0.35641578 0.6398621 0.11581789
v 0.35713392 0.68390167 0.100686446
v 0.35157183 0.73227906 0.08931205
v 0.3560044 0.8622839 0.04604701
v 0.357333 0.8377533 0.038921326
v 0.35734105 0.88176656 0.025452642
v 0.3575201 0.96490973 -0.0015132842
v 0.35716113 0.95661926 0.015061954
v 0.42482203 0.21111438 -0.32274038
v 0.41652408 0.22097951 -0.33922398
v 0.41831535 0.21957383 -0.29705793
v 0.41553256 0.22064376 0.009520764
v 0.4244411 0.20863196 -0.022139505
v 0.41173273 0.22136495 -0.035274595
v 0.41843587 0.2186676 -0.17948954
v 0.4247559 0.20950288 -0.21720733
v 0.41344556 0.22107536 -0.23268496
v 0.41802567 0.015710562 0.410801
v 0.4207448 0.0072678924 0.4019447
v 0.4262222 0.03916222 0.40308052
v 0.41575226 0.22084302 0.31972933
v 0.4238582 0.21420306 0.36388302
v 0.42538568 0.20936948 0.31516516
v 0.42230353 0.007633269 0.029750764
v 0.4162532 0.0031791031 0.0040366487
v 0.4252847 0.015624106 -0.004956221
v 0.41739336 0.003822893 -0.10729809
v 0.41900095 0.0049128234 -0.176771
v 0.42567948 0.019004136 -0.16392569
v 0.42408392 0.21345684 -0.37661022
v 0.42065156 0.2112939 -0.405787
v 0.4150275 0.22218803 -0.38752973
v 0.42604762 0.016754746 -0.39977288
v 0.42398205 0.0106678605 -0.37193114
v 0.4146753 0.003913164 -0.40182573
v 0.4242405 0.012544006 0.20499074
v 0.4177077 0.004009068 0.2051837
v 0.42335066 0.009618819 0.16930103
v 0.42515787 0.20621267 0.02972587
v 0.42101362 0.21735513 0.040383335
v 0.4206824 0.006075412 -0.024083624
v 0.41949582 0.00548169 -0.06909254
v 0.42612463 0.023306578 -0.047857035
v 0.4249448 0.20560905 -0.11432621
v 0.42032057 0.21668565 -0.12830935
v 0.42138425 0.21476388 -0.0726994
v 0.42121357 0.21642938 0.26897323
v 0.420723 0.007028222 0.24803394
v 0.42635337 0.038472265 0.17842364
v 0.42224282 0.21572831 0.15608108
v 0.42571533 0.20331585 0.1493625
v 0.42039445 0.21696502 0.11609352
v 0.41882554 0.21879971 0.07711759
v 0.42511055 0.20858985 0.08036261
v 0.42575845 0.018755436 -0.10171558
v 0.42402074 0.010349482 -0.2214113
v 0.4210767 0.21673906 -0.25388938
v 0.4258276 0.20099637 -0.28632665
v 0.42575797 0.042120874 -0.4051416
v 0.41795287 0.0215832 -0.4105636
v 0.42044857 0.07314652 0.41118383
v 0.42660064 0.07863736 0.40258932
v 0.42456222 0.111714035 0.4063778
v 0.42534748 0.17033741 0.40593863
v 0.4240273 0.21352965 0.39845616
v 0.42100602 0.2049832 0.4091128
v 0.42126757 0.0070727766 0.31872147
v 0.42555776 0.01548326 0.35058933
v 0.41742897 0.0038214922 0.3726104
v 0.42375615 0.01088047 0.28682768
v 0.42602506 0.020489842 0.30991298
v 0.42626593 0.031590134 0.26760572
v 0.41870275 0.004945874 0.123674184
v 0.42604184 0.023692995 0.12668855
v 0.42717293 0.18015993 0.388498
v 0.4267662 0.022816628 0.38434917
v 0.42683512 0.18737313 0.34961903
v 0.42664513 0.17869648 0.3058858
v 0.42625123 0.038119346 0.22859815
v 0.4265364 0.027943611 0.026454212
v 0.42622244 0.19978863 -0.18803257
v 0.42446828 0.011158824 -0.2635932
v 0.42624122 0.030428022 -0.23975976
v 0.4226204 0.008775324 -0.31668103
v 0.42652863 0.030542284 -0.35068303
v 0.4220604 0.13152158 -0.40911055
v 0.42301583 0.17611486 -0.40869862
v 0.42717627 0.15319303 -0.3915183
v 0.42640832 0.19506317 0.25968885
v 0.4239101 0.21162206 0.20354182
v 0.42625162 0.1949737 0.116201
v 0.42471927 0.013055354 0.07375052
v 0.42631966 0.19279352 -0.07134503
v 0.4263105 0.18031782 -0.17233627
v 0.42642587 0.19343007 -0.24275608
v 0.42609397 0.023427963 -0.29710102
v 0.42673975 0.18458885 -0.33728415
v 0.4271764 0.19219679 -0.39893502
v 0.42727873 0.11414349 0.38615072
v 0.4268566 0.072004795 0.36322474
v 0.42674547 0.1352939 0.34442973
v 0.4267505 0.037923813 0.34809017
v 0.4262346 0.119461745 0.29704046
v 0.42641467 0.056080014 0.3095681
v 0.42612776 0.16336039 0.25406587
v 0.42606792 0.07749298 0.24988778
v 0.42584962 0.11465034 0.24711241
v 0.42611307 0.19388637 0.21809746
v 0.42588016 0.09456977 0.20011741
v 0.42595795 0.14651021 0.19075064
v 0.42630285 0.18367109 0.18104784
v 0.4260111 0.07527533 0.1666639
v 0.4259072 0.111928284 0.14833307
v 0.42615628 0.1661467 0.13718432
v 0.42617306 0.057318658 0.122392535
v 0.4260571 0.14689654 0.09689705
v 0.4259922 0.085707754 0.091583796
v 0.42631412 0.034747154 0.0737484
v 0.42630833 0.18750414 0.065254465
v 0.4259286 0.11478603 0.061975095
v 0.42621934 0.081201166 0.014385998
v 0.42617097 0.14922208 0.030487452
v 0.4263189 0.17324123 -0.01685854
v 0.42611113 0.11980021 -0.02967171
v 0.42663485 0.049042493 -0.01840791
v 0.42634204 0.08141786 -0.039876554
v 0.4261258 0.15506926 -0.0611913
v 0.42611998 0.110522926 -0.07626005
v 0.4265001 0.05947292 -0.084830046
v 0.42618445 0.16460225 -0.113600016
v 0.4261718 0.106181055 -0.13071804
v 0.42658484 0.05379331 -0.13734691
v 0.42604133 0.14173469 -0.16485335
v 0.42635325 0.070212185 -0.173446
v 0.4260448 0.10146776 -0.18968584
v 0.42629126 0.04791811 -0.20633312
v 0.42604 0.12215936 -0.22091043
v 0.42605197 0.075720966 -0.23431271
v 0.42636174 0.17495483 -0.21616872
v 0.42620215 0.15023342 -0.2648099
v 0.42597124 0.106170565 -0.27444166
v 0.42614323 0.06481373 -0.2783051
v 0.42621773 0.14582336 -0.31571472
v 0.4261937 0.057020873 -0.324753
v 0.4260306 0.098148674 -0.33691758
v 0.4263823 0.06859839 -0.36116755
v 0.42652568 0.12604079 -0.3693273
v 0.4270075 0.19034421 -0.37430042
v 0.42688453 0.08466378 -0.38882965
v 0.42703548 0.04091412 -0.38875026
v 0.42579126 0.10438773 -0.4039374
v -0.31048232 0.23205847 0.0077474965
v -0.30883947 0.22491089 0.050724644
v -0.30865353 0.24718973 0.055199556
v -0.31078628 0.27542493 0.035361953
v -0.30773935 0.33792102 0.059964076
v -0.31153762 0.3172593 -0.0022144632
v -0.30797413 0.3803205 0.011637059
v -0.31072465 0.29001248 -0.043859806
v -0.31126544 0.35097927 -0.030467128
v -0.31064656 0.22439626 -0.037039965
v -0.31078786 0.35479155 -0.06913383
v -0.30347455 0.39611876 -0.053668465
v -0.3105263 0.30588162 -0.09796188
v -0.310096 0.24465147 -0.093377076
v -0.30937204 0.22825417 -0.12733094
v -0.30929175 0.37757772 -0.10984694
v -0.31065053 0.34320214 -0.14691688
v -0.31035507 0.27763158 -0.15617046
v -0.3108758 0.33207363 -0.18595886
v -0.30758086 0.38437238 -0.14892362
v -0.31000438 0.23621377 -0.20252277
v -0.31032395 0.22366711 -0.19017914
v -0.31070548 0.307661 -0.21968934
v -0.3105085 0.27038896 -0.21223249
v -0.3098766 0.37600926 -0.20724693
v -0.3101635 0.34961247 -0.24171944
v -0.3099821 0.22437748 -0.22864832
v -0.30903944 0.23590109 -0.24857907
v -0.30938703 0.2880296 -0.24933614
v -0.31327084 0.22397831 -0.25484103
v -0.302184 0.28746545 0.07565937
v -0.3042837 0.39541337 -0.19326973
v -0.30500826 0.39201635 -0.2423649
v -0.30445188 0.26297194 -0.27016985
v -0.30538857 0.36264583 -0.2668423
v -0.3014967 0.40015626 -0.10415277
v -0.30178764 0.2304512 0.07823365
v -0.29920784 0.23499799 -0.27980554
v -0.30033144 0.396061 0.06441112
v -0.29859385 0.3070346 -0.28234458
v -0.29496905 0.4100908 -0.16954069
v -0.29526037 0.39706504 -0.2749201
v -0.29171306 0.32566366 0.09236728
v -0.29348272 0.4122653 -0.07291197
v -0.2968675 0.40827304 -0.13378014
v -0.29362965 0.36018205 -0.288136
v -0.29232946 0.3720562 0.09078833
v -0.2961798 0.40874285 -0.24249451
v -0.29489934 0.26335138 -0.28693473
v -0.28423768 0.41304582 0.07239974
v -0.28861117 0.41702864 -0.20766424
v -0.28547323 0.26282337 0.09729429
v -0.28808618 0.41738978 0.031612154
v -0.28665948 0.4182855 -0.03328211
v -0.28057203 0.24055195 -0.29937392
v -0.28912306 0.22500616 -0.2918659
v -0.28324714 0.4206092 -0.10676434
v -0.28029156 0.22475314 0.10079733
v -0.28345162 0.41811436 -0.26084447
v -0.28689793 0.31168303 -0.29563075
v -0.2823015 0.40801504 -0.28278095
v -0.2726573 0.39191854 -0.29968065
v -0.27394307 0.39550605 0.09901432
v -0.29489934 0.26335138 -0.28693473
v -0.28689793 0.31168303 -0.29563075
v -0.26915905 0.2901172 -0.30601192
v -0.28057203 0.24055195 -0.29937392
v -0.28912306 0.22500616 -0.2918659
v -0.26840508 0.22455612 -0.30944437
v -0.26742384 0.33436978 -0.30744565
v -0.29362965 0.36018205 -0.288136
v -0.2726573 0.39191854 -0.29968065
v -0.2753313 0.3648249 -0.3036086
v -0.26132092 0.4116527 -0.2918557
v -0.2823015 0.40801504 -0.28278095
v -0.24331614 0.37275043 -0.3109426
v -0.2540976 0.25188553 -0.31076884
v -0.24903044 0.32562357 -0.31195742
v -0.23000023 0.39913055 -0.304644
v -0.22982596 0.22479966 -0.3124444
v -0.23124044 0.28351223 -0.31296057
v -0.21898612 0.4161198 -0.2913512
v -0.220515 0.24287206 -0.31295508
v -0.2162388 0.3555285 -0.31331003
v -0.20430556 0.3235038 -0.31324387
v -0.19661288 0.38756692 -0.309233
v -0.17118767 0.2611977 -0.31301463
v -0.17142221 0.22446984 -0.31270254
v -0.1679722 0.40824646 -0.29822016
v -0.16286947 0.36207834 -0.3129934
v -0.16100316 0.32160556 -0.31302756
v -0.15729164 0.38971984 -0.308542
v -0.1168224 0.37048322 -0.3122868
v -0.111636646 0.40219834 -0.30242878
v -0.12892388 0.25114882 -0.3128305
v -0.12153589 0.3288311 -0.31314754
v -0.105317436 0.22781524 -0.31257713
v -0.09834044 0.28019258 -0.31294143
v -0.073767036 0.31610534 -0.31315738
v -0.072179995 0.3877003 -0.30917537
v -0.06421454 0.3576129 -0.313051
v -0.044718158 0.25076613 -0.3128844
v -0.072992 0.22457513 -0.31387812
v -0.06610146 0.4115764 -0.2953239
v -0.022958932 0.22455806 -0.3130086
v -0.015430034 0.31148404 -0.31319308
v -0.015346456 0.36420196 -0.3130842
v 0.007888886 0.24996722 -0.31291193
v -0.010720957 0.38981888 -0.30861503
v 0.0016964352 0.41350335 -0.29378647
v 0.020355478 0.37623906 -0.31202477
v 0.029048745 0.34106708 -0.3133368
v 0.038574785 0.39947003 -0.30451888
v 0.03100759 0.22458857 -0.31245595
v 0.050873257 0.30060512 -0.31315976
v 0.044040043 0.41655132 -0.2901485
v 0.056185044 0.260989 -0.312984
v 0.06695752 0.37625867 -0.31150728
v 0.07214483 0.22527725 -0.312492
v 0.08706331 0.33650902 -0.31342244
v 0.10700272 0.40367696 -0.30188483
v 0.09640324 0.23770443 -0.31289214
v 0.10597244 0.28442574 -0.3131712
v 0.110592715 0.3712999 -0.31245786
v 0.12930606 0.22457197 -0.3136176
v 0.1326772 0.33440882 -0.3134163
v 0.13383462 0.24500838 -0.31300712
v 0.15104388 0.39538315 -0.30629522
v 0.15238242 0.27391106 -0.3131646
v 0.17173691 0.32381576 -0.3133664
v 0.14991526 0.4217421 -0.2834429
v 0.17778511 0.4058216 -0.30032456
v 0.17886318 0.24217734 -0.31312704
v 0.17594585 0.37255788 -0.3122561
v 0.17908959 0.22291294 -0.31617385
v 0.19148184 0.27523214 -0.3132788
v 0.21695799 0.35673347 -0.31326318
v 0.20768766 0.31162214 -0.3133533
v 0.22568814 0.3862046 -0.30980223
v 0.2424296 0.25459817 -0.31187087
v 0.21864738 0.22970489 -0.31197542
v 0.22100006 0.4091799 -0.29842085
v 0.2365444 0.30040646 -0.31294227
v 0.25127405 0.22758326 -0.3110385
v 0.25827447 0.38753483 -0.30677474
v 0.25596163 0.35057932 -0.31076235
v 0.23424886 0.42089128 -0.28551018
v 0.2670285 0.40922123 -0.29204482
v 0.26276553 0.30295536 -0.3087358
v 0.27235648 0.24805921 -0.30471843
v 0.2753374 0.3833766 -0.30143416
v 0.269562 0.22420198 -0.30588865
v 0.27880904 0.34235296 -0.3014027
v 0.28146476 0.2934456 -0.2995423
v 0.288445 0.2269333 -0.29331833
v 0.2877036 0.2547724 -0.29465812
v 0.29638308 0.35854498 -0.285576
v 0.2900663 0.39500305 -0.28674942
v 0.29572484 0.30085337 -0.28673893
v 0.28324962 0.41279757 -0.27839804
v -0.0826262 0.43362534 0.0046373825
v -0.08890078 0.45484328 -0.0002014452
v -0.09169645 0.43341017 -0.017146064
v -0.0907054 0.44745705 -0.029039884
v -0.089341424 0.59072834 -0.00013069197
v -0.09044819 0.6124588 -0.048965544
v -0.09062596 0.56530786 -0.02458555
v -0.09058275 0.4832913 -0.012102235
v -0.089019895 0.543069 -0.0003396255
v -0.09050464 0.52617395 -0.0127435755
v -0.08891445 0.8262867 -0.0019625789
v -0.08980389 0.895711 -0.03650926
v -0.09051364 0.81724524 -0.028963566
v -0.09021637 0.52184474 -0.05625741
v -0.09019729 0.4688717 -0.062193166
v -0.09061945 0.43461823 -0.058197953
v -0.089677654 0.84777117 -0.0692796
v -0.09061176 0.7295733 -0.042034287
v -0.08990673 0.78103244 -0.06996411
v -0.08994102 0.5547829 -0.06741416
v -0.089206845 0.49538365 0.00006111845
v -0.09017209 0.77269244 -0.002810237
v -0.08986977 0.726567 -0.0025185545
v -0.0900811 0.6611451 -0.00683736
v -0.089347094 0.87899673 -0.005763975
v -0.08992728 0.66756546 -0.06445914
v -0.087964326 0.727525 -0.079920195
v -0.08162959 0.9184617 -0.016461711
v -0.08806139 0.45397782 -0.081083134
v -0.08761239 0.50840175 -0.08107684
v -0.088802874 0.5725155 -0.08024837
v -0.08856257 0.6656334 -0.079012975
v -0.08747569 0.7901164 -0.08208515
v -0.0861492 0.8331437 -0.08228216
v -0.08751071 0.88347447 -0.0817529
v -0.08643561 0.43315253 -0.08235847
v -0.087733075 0.6142194 -0.08167364
v -0.08407786 0.9156436 -0.0803342
v -0.08160269 0.91862404 -0.042833462
v -0.08070565 0.8292434 0.011786625
v -0.07365697 0.9231664 -0.07843314
v -0.06000344 0.92244124 -0.048319012
v -0.047592107 0.92339456 -0.01940467
v -0.043941233 0.9250387 -0.08075154
v 0.008150754 0.92223513 -0.042381264
v -0.00032403885 0.92440236 -0.08136345
v 0.018821497 0.9229129 -0.016345257
v 0.025728289 0.9237703 -0.07109063
v 0.047707804 0.9247325 -0.08141039
v 0.06504237 0.9218374 -0.057455055
v 0.06940254 0.92219174 -0.017003227
v 0.06504237 0.9218374 -0.057455055
v 0.076543696 0.92128444 -0.07996386
v 0.047707804 0.9247325 -0.08141039
v 0.06940254 0.92219174 -0.017003227
v 0.0840604 0.91644526 -0.047467228
v 0.08522433 0.9131892 -0.0148062995
v 0.086541004 0.9110179 -0.074041046
v 0.083127856 0.90956354 -0.08219827
v 0.08822927 0.9059416 -0.032379247
v 0.088818856 0.88603854 -0.06946277
v 0.08938944 0.66247714 -0.06080559
v 0.08580448 0.70178986 -0.08254326
v 0.08901858 0.7173693 -0.06516029
v 0.085693136 0.43430117 -0.07920614
v 0.089179166 0.46015248 -0.06594393
v 0.089359626 0.4361549 -0.045253064
v 0.08664928 0.4498302 -0.08143768
v 0.087097086 0.485722 -0.08128394
v 0.089258224 0.50000155 -0.060546163
v 0.08705969 0.5184752 -0.081508055
v 0.08904531 0.54159313 -0.06741547
v 0.08410317 0.54524696 -0.082385466
v 0.089476205 0.5869349 -0.05712709
v 0.08664109 0.60151905 -0.081912205
v 0.089306526 0.6198403 -0.06540778
v 0.07924885 0.63667846 -0.08323148
v 0.08606356 0.76877546 -0.081728965
v 0.08885288 0.78101397 -0.06520508
v 0.08506023 0.824342 -0.08210571
v 0.08880195 0.84707016 -0.06995787
v 0.08647044 0.87971926 -0.081834644
v 0.0887809 0.7882959 -0.0154891
v 0.08730834 0.8025924 -0.00038110814
v 0.08725362 0.7571745 0.00033499004
v 0.08607753 0.456508 -0.0020574438
v 0.08969726 0.49292102 -0.010276675
v 0.08324812 0.5000171 0.0013879937
v 0.089481734 0.52258325 -0.0263607
v 0.089676924 0.55741364 -0.0056068655
v 0.087476924 0.71015227 0.00026202924
v 0.08896011 0.74111974 -0.022828901
v 0.08815197 0.8331156 -0.0026840824
v 0.08899334 0.84772146 -0.035911065
v 0.087686345 0.8629619 -0.0024553766
v 0.08654974 0.593038 0.00037419779
v 0.089489944 0.62751704 -0.021585744
v 0.08838145 0.61954457 -0.0017721549
v 0.08633993 0.666697 -0.00024308442
v 0.08916277 0.6883782 -0.029313562
v 0.088855185 0.8963407 -0.009527536
v 0.08958374 0.46169817 -0.027287105
v 0.09311707 0.4334197 0.001827806
v 0.089423336 0.55742127 -0.027026905
vt 0.8388762 0.36550522
vt 0.8671522 0.36377943
vt 0.8365369 0.35211897
vt 0.8983122 0.36242628
vt 0.86611193 0.35326594
vt 0.81504613 0.35663283
vt 0.89506733 0.3511362
vt 0.90749156 0.3405742
vt 0.8357117 0.02149719
vt 0.87352824 0.026264489
vt 0.8546167 0.0062229037
vt 0.89556295 0.020005763
vt 0.88903666 0.006367743
vt 0.8025536 0.020695984
vt 0.8085218 0.0036892295
vt 0.82768875 0.002830565
vt 0.8985177 0.0017871261
vt 0.8337126 0.32521415
vt 0.80374545 0.33723235
vt 0.89126486 0.32369876
vt 0.80877334 0.3197602
vt 0.8668442 0.3002723
vt 0.82760185 0.28995734
vt 0.807149 0.29464346
vt 0.89819854 0.28848124
vt 0.9091159 0.3067267
vt 0.8786239 0.2602812
vt 0.9085924 0.2731409
vt 0.8128244 0.26754475
vt 0.84605384 0.24405593
vt 0.9010032 0.25531197
vt 0.8176735 0.23168129
vt 0.8030948 0.24290383
vt 0.9021205 0.23461968
vt 0.8774225 0.23111558
vt 0.8934989 0.20333588
vt 0.8256902 0.19479549
vt 0.9077997 0.2129404
vt 0.8627081 0.19200331
vt 0.8075361 0.20660299
vt 0.90858984 0.18995327
vt 0.8023271 0.18624091
vt 0.8752067 0.16327232
vt 0.8078146 0.1623956
vt 0.8330823 0.14742357
vt 0.90559965 0.17055583
vt 0.90055126 0.14799345
vt 0.807434 0.12597078
vt 0.88280493 0.11871749
vt 0.8605483 0.12442589
vt 0.81824195 0.10707128
vt 0.9015687 0.11916375
vt 0.8491179 0.10517979
vt 0.8962416 0.089455664
vt 0.80478454 0.08957833
vt 0.87002265 0.06494272
vt 0.91010004 0.10513002
vt 0.8435423 0.07270479
vt 0.81662804 0.06592083
vt 0.9083363 0.074371636
vt 0.9028717 0.06350523
vt 0.80252206 0.05638987
vt 0.81983423 0.045630693
vt 0.89106864 0.04830116
vt 0.8465712 0.044666767
vt 0.9049138 0.04315716
vt 0.83058906 0.033608973
vt 0.7995547 0.005515337
vt 0.9060261 0.018690169
vt 0.80763936 0.36502397
vt 0.8025708 0.35994834
vt 0.91045296 0.36274076
vt 0.91042805 0.2512483
vt 0.80217904 0.26739132
vt 0.80382866 0.22051305
vt 0.9096066 0.14483452
vt 0.907776 0.00307101
vt 0.8793344 0.0006964803
vt 0.80133504 0.30803287
vt 0.79983294 0.14034891
vt 0.7989547 0.110316336
vt 0.79928535 0.077495754
vt 0.90976 0.050332487
vt 0.9099909 0.03260678
vt 0.85387444 0.00034844875
vt 0.80008525 0.20860183
vt 0.91045296 0.0160141
vt 0.799631 0.16357356
vt 0.33360258 0.0014318824
vt 0.3704498 0.00034844875
vt 0.35486895 0.006700635
vt 0.20643389 0.0022469163
vt 0.17920254 0.0064483285
vt 0.1852878 0.0009934306
vt 0.15730776 0.0030192733
vt 0.27319738 0.0028834343
vt 0.252624 0.00834012
vt 0.23146065 0.0017967224
vt 0.19863732 0.012328029
vt 0.324917 0.012021482
vt 0.29702425 0.0018962622
vt 0.15103279 0.015668392
vt 0.11407431 0.004754901
vt 0.09386963 0.011796117
vt 0.0805645 0.0021693707
vt 0.37355667 0.017025948
vt 0.29735002 0.019003034
vt 0.22194144 0.0096052885
vt 0.39461228 0.0038173795
vt 0.035095643 0.0034796596
vt 0.024676282 0.016480505
vt 0.017030258 0.0043669343
vt 0.05339517 0.013474226
vt 0.054397207 0.0036315322
vt 0.2401232 0.022585392
vt 0.2662284 0.027040958
vt 0.007886396 0.01852107
vt 0.002915601 0.0038166046
vt 0.12206889 0.02643168
vt 0.39566752 0.013058543
vt 0.00034843205 0.01858753
vt 0.3459497 0.027204096
vt 0.17983371 0.03420967
vt 0.3897045 0.030620754
vt 0.21927382 0.027993143
vt 0.080463775 0.028903186
vt 0.32429075 0.032453775
vt 0.047112867 0.038356543
vt 0.15107673 0.043348074
vt 0.20405973 0.043337584
vt 0.3598135 0.046135247
vt 0.39686412 0.028820515
vt 0.02152047 0.043991864
vt 0.008749349 0.051030517
vt 0.29657975 0.04604131
vt 0.10952847 0.045256674
vt 0.39557233 0.049201727
vt 0.24352434 0.048535526
vt 0.0011250702 0.06959295
vt 0.3874377 0.05614084
vt 0.07567921 0.052125394
vt 0.057771042 0.053664923
vt 0.27075788 0.0552119
vt 0.32470208 0.059740007
vt 0.13731457 0.054017067
vt 0.034276824 0.06051737
vt 0.18096173 0.053471506
vt 0.22338568 0.054364085
vt 0.20261133 0.05357325
vt 0.106934845 0.053537548
vt 0.088338755 0.05367601
vt 0.2366791 0.057673275
vt 0.35902166 0.08207506
vt 0.29550216 0.07124734
vt 0.049258504 0.073051214
vt 0.24757423 0.0677259
vt 0.2633796 0.074959874
vt 0.05776773 0.06338394
vt 0.39386517 0.07425064
vt 0.014724647 0.08520472
vt 0.325446 0.09029102
vt 0.037167363 0.090118885
vt 0.2535642 0.09538126
vt 0.38763157 0.093304336
vt 0.29064924 0.091620564
vt 0.047786273 0.0910691
vt 0.26449353 0.09725428
vt 0.0031250878 0.1126644
vt 0.023293575 0.10294193
vt 0.3942288 0.10262269
vt 0.341623 0.12148309
vt 0.31181684 0.11101675
vt 0.3837124 0.13047457
vt 0.28654087 0.111576796
vt 0.047628105 0.1183483
vt 0.040190913 0.117298484
vt 0.25893793 0.117663324
vt 0.025977336 0.12863278
vt 0.27955216 0.13690656
vt 0.25327417 0.12580132
vt 0.2978999 0.129399
vt 0.3559681 0.13739812
vt 0.3956026 0.12421858
vt 0.012489835 0.13037825
vt 0.31644517 0.13875586
vt 0.04035732 0.1408078
vt 0.25310647 0.13890654
vt 0.25987807 0.14228511
vt 0.0065132817 0.14262056
vt 0.047650747 0.14922482
vt 0.024130972 0.1481387
vt 0.29646704 0.15537924
vt 0.39374638 0.16013736
vt 0.37638858 0.1613996
vt 0.2676397 0.16684896
vt 0.2530007 0.15679908
vt 0.009932007 0.15926504
vt 0.003051627 0.1561802
vt 0.33708844 0.16573131
vt 0.047003556 0.16432256
vt 0.3545702 0.1679421
vt 0.028119758 0.16697538
vt 0.31249768 0.1711058
vt 0.253299 0.17064142
vt 0.2930492 0.17785871
vt 0.011529872 0.17638832
vt 0.38717526 0.18090111
vt 0.0019954552 0.17761338
vt 0.3658238 0.18779087
vt 0.037686665 0.18502599
vt 0.39456114 0.18278462
vt 0.04739522 0.18769252
vt 0.33576587 0.18522346
vt 0.3109488 0.19591981
vt 0.0033126818 0.19410467
vt 0.25330904 0.19126213
vt 0.2884198 0.20096028
vt 0.020131439 0.19728881
vt 0.26068005 0.19942582
vt 0.34964275 0.20726603
vt 0.39395604 0.21334088
vt 0.37499356 0.2077735
vt 0.037545014 0.2064166
vt 0.009834041 0.21413016
vt 0.26570898 0.22465158
vt 0.04763157 0.21289957
vt 0.25286534 0.20858383
vt 0.33234498 0.21472937
vt 0.0027360907 0.21579182
vt 0.38588646 0.22771877
vt 0.037947718 0.23092312
vt 0.30724257 0.22637159
vt 0.28833255 0.22793329
vt 0.015338446 0.23316824
vt 0.25297362 0.22937554
vt 0.3250205 0.23437321
vt 0.36863923 0.23579746
vt 0.3425848 0.23618925
vt 0.047590546 0.23211408
vt 0.003493698 0.24244165
vt 0.28788307 0.24731696
vt 0.3159863 0.24954593
vt 0.260517 0.25151175
vt 0.3919679 0.25078213
vt 0.026762415 0.24912041
vt 0.047013797 0.25881237
vt 0.25290412 0.25316894
vt 0.33901536 0.263314
vt 0.3810394 0.2600206
vt 0.36489737 0.2672574
vt 0.011148105 0.26426923
vt 0.3074801 0.2677561
vt 0.030325249 0.2653314
vt 0.003576298 0.26549357
vt 0.39014754 0.26630604
vt 0.2824463 0.27878004
vt 0.2549225 0.27328438
vt 0.3957445 0.2664618
vt 0.37786147 0.28868926
vt 0.32582444 0.28904772
vt 0.028889917 0.284813
vt 0.045749705 0.28206384
vt 0.3530212 0.28857595
vt 0.009707606 0.28312296
vt 0.3932831 0.2857827
vt 0.0037493813 0.28533232
vt 0.26803723 0.2979858
vt 0.30463314 0.28719187
vt 0.01796547 0.30616105
vt 0.25318477 0.2982601
vt 0.005375867 0.3157773
vt 0.040148485 0.3108948
vt 0.34949565 0.30735266
vt 0.2894483 0.30662835
vt 0.047756292 0.3005432
vt 0.3167704 0.306898
vt 0.39334467 0.31349635
vt 0.3848807 0.3132155
vt 0.26317236 0.31968343
vt 0.370088 0.3202536
vt 0.04819063 0.3157829
vt 0.251357 0.31969786
vt 0.34243524 0.3249246
vt 0.31741938 0.32435048
vt 0.29964632 0.32876086
vt 0.028530046 0.3350917
vt 0.3920272 0.33929753
vt 0.050669782 0.3243276
vt 0.27749223 0.34179378
vt 0.043891232 0.32932675
vt 0.013383418 0.3350042
vt 0.25011343 0.3410533
vt 0.24764207 0.33005965
vt 0.38301554 0.34037
vt 0.32399002 0.34250998
vt 0.39599958 0.32317495
vt 0.056735255 0.3331545
vt 0.35798556 0.3403846
vt 0.0026645379 0.33814895
vt 0.058129013 0.34763294
vt 0.23514764 0.33912992
vt 0.0643735 0.33928847
vt 0.015180125 0.35912853
vt 0.29145893 0.3572396
vt 0.078049354 0.34315413
vt 0.22008029 0.34716344
vt 0.19119358 0.35200864
vt 0.15853341 0.3534662
vt 0.18193863 0.3438226
vt 0.1580378 0.34365278
vt 0.13895749 0.3444267
vt 0.1346429 0.3569771
vt 0.117143184 0.34372687
vt 0.109842 0.35457963
vt 0.098266035 0.3439455
vt 0.08933252 0.35101318
vt 0.20168857 0.34390783
vt 0.3735208 0.35817015
vt 0.24583492 0.35962677
vt 0.22575869 0.36529523
vt 0.38814977 0.36863154
vt 0.34759277 0.36419445
vt 0.002674681 0.3634308
vt 0.26736796 0.35900843
vt 0.03996943 0.36039048
vt 0.20722635 0.36236125
vt 0.3958058 0.36271888
vt 0.063079976 0.36916554
vt 0.18295135 0.37361753
vt 0.3158249 0.37168038
vt 0.15525432 0.37299478
vt 0.09188845 0.37213862
vt 0.009518406 0.37614417
vt 0.27663136 0.37435925
vt 0.23967758 0.37828296
vt 0.12473959 0.3739307
vt 0.3648589 0.37829328
vt 0.2582092 0.37819934
vt 0.10435763 0.38330603
vt 0.20562325 0.38169664
vt 0.39413667 0.37691545
vt 0.29730606 0.38043123
vt 0.33859494 0.38367224
vt 0.038297348 0.38311875
vt 0.22182232 0.38844985
vt 0.021382133 0.3860199
vt 0.061048225 0.3851782
vt 0.31063282 0.38993454
vt 0.38507012 0.38904095
vt 0.0037667544 0.38822132
vt 0.13341181 0.38757825
vt 0.15801133 0.3883894
vt 0.085974 0.3915732
vt 0.28575274 0.3912723
vt 0.25912288 0.3896165
vt 0.18140218 0.39088225
vt 0.39350668 0.39121807
vt 0.37213743 0.39243412
vt 0.011121844 0.39222658
vt 0.23572809 0.39425713
vt 0.3530071 0.39295578
vt 0.13642491 0.3948419
vt 0.111685656 0.39393336
vt 0.32846898 0.3954785
vt 0.20305392 0.39268178
vt 0.07571974 0.39512563
vt 0.054853644 0.39381218
vt 0.034471754 0.3929522
vt 0.25456804 0.39501143
vt 0.163306 0.3953693
vt 0.2968384 0.3967017
vt 0.01639547 0.39646232
vt 0.37434646 0.39676607
vt 0.27389687 0.3958968
vt 0.3910589 0.39686412
vt 0.21796975 0.39525878
vt 0.0022936678 0.39484292
vt 0.18774493 0.3968249
vt 0.093449906 0.39686412
vt 0.0010452962 0.55527335
vt 0.004784986 0.5530598
vt 0.0022817792 0.5309714
vt 0.0010609059 0.7721937
vt 0.004774608 0.78869176
vt 0.012069394 0.76372105
vt 0.005909607 0.5682267
vt 0.0010452962 0.7334468
vt 0.0050186636 0.46028125
vt 0.0028431325 0.50439566
vt 0.014357 0.5021986
vt 0.0041088355 0.40391612
vt 0.0020848077 0.42856872
vt 0.010914957 0.41124725
vt 0.013300943 0.53640836
vt 0.016592758 0.61018485
vt 0.0025467186 0.5924872
vt 0.0050933096 0.61711156
vt 0.0056819688 0.67492926
vt 0.0116908485 0.655404
vt 0.0038897472 0.642323
vt 0.01087991 0.726909
vt 0.014968202 0.4351827
vt 0.010015252 0.63489074
vt 0.011536793 0.39781523
vt 0.0023637407 0.3983683
vt 0.004441573 0.7105565
vt 0.021949476 0.69155496
vt 0.02720118 0.56323487
vt 0.019211954 0.46329367
vt 0.03111368 0.7243812
vt 0.023898007 0.40012932
vt 0.025802517 0.637431
vt 0.037940603 0.66076285
vt 0.034214735 0.79068947
vt 0.025865551 0.41383576
vt 0.03797318 0.48337698
vt 0.044356313 0.74690765
vt 0.035266496 0.7818788
vt 0.046466425 0.45309132
vt 0.040402465 0.51988935
vt 0.04070205 0.42624104
vt 0.048714966 0.61396754
vt 0.056812458 0.56539387
vt 0.047763668 0.40660036
vt 0.047149744 0.6416577
vt 0.058245316 0.7062138
vt 0.06346172 0.39791954
vt 0.052782245 0.76432467
vt 0.06672233 0.78493285
vt 0.056876834 0.6866613
vt 0.060253076 0.7297977
vt 0.06293116 0.43560553
vt 0.086070865 0.5218386
vt 0.06963461 0.65173614
vt 0.07493773 0.48148763
vt 0.07208815 0.77111125
vt 0.06705227 0.7530707
vt 0.07608568 0.40721285
vt 0.09314498 0.66357267
vt 0.081554286 0.69247884
vt 0.08563596 0.7491369
vt 0.08201773 0.7185423
vt 0.090336494 0.43136913
vt 0.102297306 0.59618646
vt 0.08619899 0.55570906
vt 0.09964387 0.4039635
vt 0.10103177 0.73341733
vt 0.096456364 0.7773161
vt 0.10550731 0.71282893
vt 0.09542566 0.49278855
vt 0.11506909 0.47089118
vt 0.085674666 0.7916337
vt 0.099603124 0.788635
vt 0.107200615 0.63797265
vt 0.10293205 0.69348586
vt 0.10481044 0.53706217
vt 0.123681664 0.5003775
vt 0.11788826 0.76000583
vt 0.11825755 0.6743968
vt 0.12669419 0.55929434
vt 0.12988345 0.4199009
vt 0.119222626 0.65118265
vt 0.116773926 0.7822576
vt 0.1179253 0.7903475
vt 0.13769904 0.3999486
vt 0.13214459 0.6950297
vt 0.12464823 0.7388752
vt 0.13625391 0.52946454
vt 0.13593695 0.72317433
vt 0.13195811 0.63893074
vt 0.1356123 0.7904469
vt 0.13907392 0.779355
vt 0.14120467 0.4662363
vt 0.14871281 0.58982986
vt 0.14600328 0.66307837
vt 0.15150672 0.75305074
vt 0.14233717 0.6209293
vt 0.16570702 0.4966501
vt 0.15547583 0.5462661
vt 0.15716408 0.6333605
vt 0.15380387 0.7156795
vt 0.16320503 0.6889609
vt 0.17061321 0.45427006
vt 0.1622389 0.60625714
vt 0.15427543 0.7897815
vt 0.1623805 0.7742318
vt 0.17504296 0.56151986
vt 0.16009857 0.6537923
vt 0.16894157 0.40408945
vt 0.16948512 0.4167524
vt 0.18063524 0.67076707
vt 0.176425 0.53441
vt 0.17727795 0.7268574
vt 0.17983311 0.6446896
vt 0.17532483 0.78800464
vt 0.17294626 0.6195788
vt 0.18094386 0.7077769
vt 0.17773324 0.5875177
vt 0.1799553 0.752023
vt 0.18330406 0.7778133
vt 0.19611797 0.61469287
vt 0.1920196 0.63343704
vt 0.19111945 0.40849817
vt 0.20190234 0.44171417
vt 0.19415025 0.690502
vt 0.19330855 0.42349207
vt 0.19240737 0.5212136
vt 0.1965187 0.3997022
vt 0.2025682 0.7446072
vt 0.20012493 0.4914682
vt 0.1946671 0.57872206
vt 0.20067881 0.66220224
vt 0.19989611 0.76622546
vt 0.20252807 0.721921
vt 0.18845128 0.7908615
vt 0.19622426 0.5480248
vt 0.21215302 0.78257304
vt 0.21618079 0.6353132
vt 0.2141163 0.59216505
vt 0.19630729 0.4571787
vt 0.2112219 0.4716708
vt 0.21719988 0.5248112
vt 0.21422474 0.5574296
vt 0.20998946 0.40617216
vt 0.22085233 0.6984807
vt 0.2161153 0.6788044
vt 0.22220555 0.7875019
vt 0.23362999 0.4235518
vt 0.22061945 0.75884914
vt 0.22545932 0.49908465
vt 0.21940592 0.6126616
vt 0.22120513 0.72614557
vt 0.2205463 0.39939946
vt 0.23349553 0.6575287
vt 0.22853719 0.46302378
vt 0.23560978 0.7729124
vt 0.2390518 0.61100507
vt 0.24025333 0.6775294
vt 0.23944819 0.58269244
vt 0.23693758 0.5284813
vt 0.24985592 0.4019171
vt 0.24220078 0.56077
vt 0.2422204 0.74188757
vt 0.24779277 0.7203738
vt 0.2345814 0.791942
vt 0.25050032 0.7856228
vt 0.2650207 0.43931985
vt 0.2616212 0.49726653
vt 0.2495278 0.63943225
vt 0.24700966 0.69872886
vt 0.25533906 0.5285352
vt 0.25335744 0.7736502
vt 0.252441 0.79198605
vt 0.262994 0.7447922
vt 0.2585234 0.5795132
vt 0.25676954 0.5993325
vt 0.26395074 0.66450846
vt 0.26595774 0.68820316
vt 0.26530153 0.61969715
vt 0.2672595 0.7147882
vt 0.2694592 0.76466334
vt 0.26397797 0.5521007
vt 0.27134943 0.64060664
vt 0.2736672 0.78975904
vt 0.27704003 0.5709868
vt 0.2786657 0.5284061
vt 0.27475277 0.5931798
vt 0.27561414 0.7813257
vt 0.27819327 0.41022444
vt 0.28333217 0.4693935
vt 0.27123767 0.39852548
vt 0.2852561 0.6746969
vt 0.28662944 0.7304616
vt 0.29034194 0.69628453
vt 0.28764617 0.7563875
vt 0.2892625 0.6163716
vt 0.29281512 0.647807
vt 0.2914331 0.5441408
vt 0.29031605 0.40046322
vt 0.2914062 0.43608344
vt 0.29620552 0.5660312
vt 0.29217318 0.507083
vt 0.29951945 0.5849604
vt 0.30386704 0.76730305
vt 0.2941989 0.7825257
vt 0.31336284 0.71591496
vt 0.30550525 0.41479552
vt 0.29686147 0.79033655
vt 0.30969575 0.4558109
vt 0.29947814 0.48156577
vt 0.31387103 0.5241358
vt 0.31976873 0.65835154
vt 0.31001014 0.7430431
vt 0.3120836 0.67484576
vt 0.32131952 0.6321455
vt 0.3136792 0.5004726
vt 0.31401682 0.40074456
vt 0.31636745 0.5996507
vt 0.31419325 0.780517
vt 0.31462848 0.42953217
vt 0.3182779 0.69643754
vt 0.3176768 0.5506146
vt 0.32191482 0.78987265
vt 0.32549435 0.5771128
vt 0.32730523 0.7470956
vt 0.33346245 0.4747221
vt 0.33247802 0.6810672
vt 0.33741298 0.7343862
vt 0.33186784 0.7773545
vt 0.33828983 0.44697678
vt 0.33613944 0.42858613
vt 0.34279895 0.6174513
vt 0.34240603 0.53316027
vt 0.33483854 0.40754157
vt 0.33474496 0.70628035
vt 0.3374324 0.5077312
vt 0.3480528 0.7572308
vt 0.32867745 0.39787984
vt 0.3446917 0.56099635
vt 0.3439013 0.64207435
vt 0.3563387 0.5959806
vt 0.34596056 0.6644193
vt 0.34245318 0.78577316
vt 0.34241408 0.79143715
vt 0.3552599 0.7129556
vt 0.34818384 0.40104508
vt 0.35799164 0.67901707
vt 0.3619919 0.7766799
vt 0.35102525 0.41251147
vt 0.3556456 0.4974947
vt 0.36013597 0.7886533
vt 0.36226895 0.4276588
vt 0.3595069 0.46885043
vt 0.3672786 0.7437505
vt 0.36885256 0.54244477
vt 0.3685279 0.5612898
vt 0.36811817 0.6486145
vt 0.3706674 0.40289104
vt 0.36655602 0.63074917
vt 0.37215376 0.4485023
vt 0.36976042 0.51861924
vt 0.3777346 0.7169008
vt 0.38308132 0.67895323
vt 0.38041842 0.49289203
vt 0.38055164 0.5812277
vt 0.38206297 0.6047322
vt 0.37878877 0.78804916
vt 0.3711719 0.7915115
vt 0.38674363 0.39901423
vt 0.35505384 0.39686412
vt 0.38636228 0.74461395
vt 0.3846606 0.7778209
vt 0.38317272 0.4677062
vt 0.38406447 0.6368999
vt 0.38098407 0.73571503
vt 0.3855799 0.40910912
vt 0.3838512 0.54095006
vt 0.38601846 0.7919603
vt 0.38361233 0.42699736
vt 0.3908876 0.56870663
vt 0.38978043 0.51491195
vt 0.38795003 0.44602114
vt 0.39140335 0.7889334
vt 0.38980618 0.6159043
vt 0.39220762 0.5933619
vt 0.39281878 0.41575825
vt 0.39336988 0.5357123
vt 0.3937064 0.62860036
vt 0.3927199 0.6470105
vt 0.3943331 0.47578716
vt 0.39436978 0.4016224
vt 0.39190844 0.46286786
vt 0.39291996 0.49643564
vt 0.3906536 0.70656013
vt 0.3920957 0.7638593
vt 0.39574638 0.77452755
vt 0.3934572 0.6804872
vt 0.39459893 0.4417252
vt 0.3942671 0.606912
vt 0.39512077 0.7479047
vt 0.39503208 0.5809708
vt 0.39616725 0.5597674
vt 0.39575425 0.457093
vt 0.39554465 0.5137256
vt 0.39579 0.7019971
vt 0.3959916 0.72232294
vt 0.4261324 0.8756992
vt 0.42673558 0.8564077
vt 0.4321551 0.8727436
vt 0.4302636 0.8852033
vt 0.43145242 0.8303899
vt 0.42908475 0.8051606
vt 0.44902182 0.8001347
vt 0.42872322 0.78612524
vt 0.44481823 0.7802903
vt 0.43076682 0.77682483
vt 0.43928358 0.857306
vt 0.45820025 0.88564324
vt 0.44698188 0.8771568
vt 0.45286572 0.84381974
vt 0.46302614 0.8182322
vt 0.48643497 0.873012
vt 0.49288478 0.78120387
vt 0.4828709 0.84133923
vt 0.48704898 0.81119084
vt 0.48903388 0.8902439
vt 0.5071614 0.85568774
vt 0.50778097 0.8270214
vt 0.519763 0.79590935
vt 0.50728405 0.8842797
vt 0.53350264 0.77793217
vt 0.53498834 0.8183677
vt 0.52689195 0.8675263
vt 0.5225625 0.88071895
vt 0.52044046 0.88808143
vt 0.526424 0.8443173
vt 0.53773654 0.8864741
vt 0.54749954 0.8540792
vt 0.54664993 0.8772433
vt 0.5539158 0.8369834
vt 0.55533373 0.7835957
vt 0.5544114 0.88632727
vt 0.5584478 0.80961335
vt 0.56958634 0.86805975
vt 0.5617345 0.7738676
vt 0.56776696 0.88255835
vt 0.58199644 0.788725
vt 0.5726621 0.84810036
vt 0.5745858 0.77744526
vt 0.575512 0.8051995
vt 0.5720258 0.8875125
vt 0.58470935 0.8809247
vt 0.5794976 0.8243244
vt 0.59191203 0.8892834
vt 0.5906222 0.8626167
vt 0.5947774 0.77872115
vt 0.5942748 0.8448317
vt 0.59678215 0.8226627
vt 0.6011643 0.80249685
vt 0.60438675 0.8863786
vt 0.6061767 0.78554094
vt 0.60449237 0.87802404
vt 0.61087036 0.86361206
vt 0.61034185 0.77752817
vt 0.6124086 0.8345704
vt 0.6197782 0.8025297
vt 0.62594783 0.88087577
vt 0.6354047 0.85860234
vt 0.6309968 0.7843595
vt 0.63079566 0.7777375
vt 0.63631505 0.8902439
vt 0.62867385 0.8283269
vt 0.6417792 0.80122983
vt 0.64816105 0.8849869
vt 0.64854807 0.8295759
vt 0.64898723 0.87770164
vt 0.6498151 0.78475267
vt 0.6559399 0.7771456
vt 0.6656857 0.8591912
vt 0.66074276 0.8038267
vt 0.6675342 0.7853068
vt 0.6666339 0.8753355
vt 0.6650613 0.88490444
vt 0.6715632 0.8212757
vt 0.6749066 0.84415936
vt 0.6776911 0.7769756
vt 0.69066167 0.78382045
vt 0.68233716 0.88066727
vt 0.68322194 0.79489106
vt 0.6851823 0.8882139
vt 0.6895934 0.83315676
vt 0.689421 0.86093646
vt 0.6919007 0.8102573
vt 0.6993595 0.87436616
vt 0.6964118 0.7767382
vt 0.70199597 0.8469673
vt 0.7071432 0.88724065
vt 0.7103505 0.8307156
vt 0.7102659 0.79922724
vt 0.7129802 0.7820928
vt 0.71947265 0.87366635
vt 0.72933525 0.84856546
vt 0.7251435 0.77504134
vt 0.72493094 0.8829377
vt 0.72433096 0.8187505
vt 0.73085386 0.8884747
vt 0.72971636 0.7821738
vt 0.72878027 0.7954327
vt 0.73836267 0.8677716
vt 0.74098307 0.8153303
vt 0.7517968 0.7950997
vt 0.746294 0.7777268
vt 0.74327314 0.88130504
vt 0.7502881 0.8864583
vt 0.75502485 0.7830095
vt 0.75442624 0.87072694
vt 0.75189596 0.84567267
vt 0.765935 0.8296829
vt 0.76515305 0.881811
vt 0.76627594 0.8553085
vt 0.7701808 0.7777337
vt 0.76707494 0.8901003
vt 0.7732481 0.7866112
vt 0.7773931 0.8018957
vt 0.7844413 0.87486094
vt 0.7776025 0.88672256
vt 0.78229004 0.84417456
vt 0.7816825 0.82048416
vt 0.7894447 0.7824321
vt 0.79167455 0.8859822
vt 0.79037005 0.7941471
vt 0.7936341 0.7765918
vt 0.79187727 0.8349213
vt 0.7980586 0.8559335
vt 0.79501015 0.8146999
vt 0.7997716 0.7822017
vt 0.79823434 0.8788046
vt 0.8003772 0.82284415
vt 0.80079556 0.8001767
vt 0.7971661 0.8888949
vt 0.8025751 0.83676237
vt 0.80251914 0.8683819
vt 0.8031359 0.88341826
vt 0.8006536 0.7318844
vt 0.7886736 0.6945781
vt 0.80262524 0.7036352
vt 0.79380506 0.67208207
vt 0.8031359 0.6724224
vt 0.80084676 0.76304483
vt 0.794739 0.74689865
vt 0.7993351 0.66025513
vt 0.78649265 0.7585069
vt 0.7904205 0.6585817
vt 0.79213333 0.7664249
vt 0.7805205 0.7144055
vt 0.7704521 0.7476231
vt 0.77447957 0.6843255
vt 0.7753877 0.66055447
vt 0.7803289 0.76956886
vt 0.76927894 0.67129254
vt 0.7675908 0.76109207
vt 0.75707906 0.68960416
vt 0.7419722 0.71455467
vt 0.7428403 0.7649368
vt 0.75859886 0.7337325
vt 0.7548153 0.6790166
vt 0.7560199 0.6591888
vt 0.74664897 0.7476038
vt 0.74512136 0.66772646
vt 0.7293999 0.7349145
vt 0.7292198 0.75453675
vt 0.7252048 0.69178873
vt 0.7273206 0.6789905
vt 0.7322218 0.65749127
vt 0.7263823 0.74490964
vt 0.7257243 0.6660274
vt 0.70704055 0.76242673
vt 0.7118823 0.67279637
vt 0.7086668 0.7734241
vt 0.7119832 0.74744624
vt 0.7092678 0.70898074
vt 0.7052692 0.65868986
vt 0.7079038 0.6787046
vt 0.69120824 0.68248284
vt 0.6880946 0.7265378
vt 0.6952378 0.67740816
vt 0.6848523 0.66253644
vt 0.69016963 0.7455674
vt 0.6854647 0.75244844
vt 0.69071823 0.6927175
vt 0.6725414 0.77024215
vt 0.6728821 0.76003927
vt 0.67326045 0.68870413
vt 0.6664385 0.7355073
vt 0.6715232 0.74592125
vt 0.670344 0.7044348
vt 0.6640725 0.666766
vt 0.6600417 0.7520898
vt 0.6660756 0.68330956
vt 0.65056604 0.74172884
vt 0.657671 0.7622269
vt 0.65225786 0.7474975
vt 0.6542733 0.67924845
vt 0.6478275 0.69893235
vt 0.65086 0.6591166
vt 0.64648914 0.7252801
vt 0.6427973 0.66594195
vt 0.63037723 0.76282734
vt 0.6358991 0.753042
vt 0.638166 0.68155795
vt 0.6429799 0.77456445
vt 0.616778 0.7706337
vt 0.63558334 0.7468586
vt 0.629465 0.66099614
vt 0.6287887 0.67526335
vt 0.6278521 0.70221364
vt 0.6271636 0.7409284
vt 0.61719364 0.7206173
vt 0.6208635 0.6867313
vt 0.6156415 0.7483732
vt 0.6183924 0.66459614
vt 0.6158148 0.6807405
vt 0.61631215 0.6744935
vt 0.6008936 0.66036355
vt 0.60596347 0.73414165
vt 0.6079983 0.66797787
vt 0.59849197 0.7502997
vt 0.60528654 0.6955937
vt 0.5876897 0.7597951
vt 0.5985924 0.6793089
vt 0.59157366 0.7007183
vt 0.59402317 0.7700783
vt 0.5801085 0.7326627
vt 0.5814793 0.6702455
vt 0.57865614 0.6815384
vt 0.5575758 0.7110569
vt 0.5683198 0.7654372
vt 0.5663201 0.77287376
vt 0.5681355 0.66572505
vt 0.5516247 0.6829995
vt 0.56484973 0.67543143
vt 0.5655963 0.65782297
vt 0.5603322 0.74925584
vt 0.54598945 0.7381178
vt 0.54772574 0.6712043
vt 0.5460582 0.76907784
vt 0.5453183 0.7580041
vt 0.55074984 0.66271377
vt 0.54906285 0.6934763
vt 0.5428771 0.7477746
vt 0.53114766 0.683137
vt 0.5361909 0.6642591
vt 0.5332915 0.76284844
vt 0.5325214 0.65885466
vt 0.5247358 0.674955
vt 0.5295635 0.7250336
vt 0.51512355 0.7033603
vt 0.51856786 0.7513936
vt 0.5200908 0.74087656
vt 0.52800614 0.771565
vt 0.5216214 0.6648743
vt 0.51423764 0.6825612
vt 0.5141651 0.76344347
vt 0.5064187 0.6588762
vt 0.50806236 0.66820693
vt 0.50563836 0.7720225
vt 0.4988535 0.6759646
vt 0.5001081 0.6859077
vt 0.49719235 0.66271317
vt 0.4917566 0.76804465
vt 0.4943325 0.7553057
vt 0.49075973 0.73474175
vt 0.49322098 0.6807565
vt 0.48563263 0.7003724
vt 0.4837517 0.6654566
vt 0.48425892 0.6854599
vt 0.48220783 0.6748208
vt 0.47118655 0.7232553
vt 0.4775135 0.7441265
vt 0.48189056 0.65749127
vt 0.47069567 0.6872562
vt 0.4731822 0.7512593
vt 0.4718955 0.68127996
vt 0.46680754 0.7648277
vt 0.47332582 0.77244765
vt 0.46532923 0.673308
vt 0.45979497 0.66227007
vt 0.46326348 0.74199706
vt 0.45525897 0.7098848
vt 0.46216202 0.7466387
vt 0.45479783 0.6687234
vt 0.4520677 0.77424294
vt 0.45257437 0.69079775
vt 0.44831985 0.7617717
vt 0.4510356 0.74806166
vt 0.45493677 0.6821317
vt 0.45180222 0.7337607
vt 0.44630936 0.68108696
vt 0.4393205 0.667367
vt 0.44638017 0.6598846
vt 0.43693933 0.77045506
vt 0.43707368 0.75233823
vt 0.43669134 0.7251291
vt 0.4361243 0.70330656
vt 0.43286532 0.6598165
vt 0.4309968 0.6830931
vt 0.43089038 0.76495606
vt 0.42961395 0.7354091
vt 0.42736638 0.71573067
vt 0.42908412 0.66817576
vt 0.4267349 0.6858615
vt 0.42932957 0.7710634
vt 0.42659274 0.66164315
vt 0.4261324 0.7529535
vt 0.6413188 0.9447969
vt 0.6363402 0.9350363
vt 0.6169449 0.94651425
vt 0.607585 0.9350444
vt 0.5815827 0.94154686
vt 0.5632021 0.9336412
vt 0.5659684 0.9469176
vt 0.55151814 0.9404355
vt 0.5187953 0.9399981
vt 0.5400396 0.9502013
vt 0.6526477 0.9327438
vt 0.65595114 0.9401923
vt 0.6195299 0.9313589
vt 0.64873207 0.95123327
vt 0.5801709 0.9320843
vt 0.6326502 0.9514086
vt 0.6044911 0.9511062
vt 0.5473788 0.93216175
vt 0.50559497 0.9514971
vt 0.48131227 0.93279636
vt 0.48220363 0.94370645
vt 0.46187007 0.9399524
vt 0.44506365 0.93926716
vt 0.45009714 0.9313589
vt 0.46690762 0.9501977
vt 0.4296608 0.93592286
vt 0.44160864 0.95042354
vt 0.42682928 0.946818
vt 0.658885 0.9498798
vt 0.58490324 0.9519817
vt 0.5613153 0.9522648
vt 0.5153297 0.9313712
vt 0.91693527 0.35811663
vt 0.9111498 0.36360717
vt 0.9189248 0.36550522
vt 0.92868483 0.36112738
vt 0.92887723 0.34293497
vt 0.9128213 0.33742404
vt 0.92203474 0.32551056
vt 0.9299148 0.32705748
vt 0.92973137 0.30444676
vt 0.92140603 0.3009802
vt 0.9128396 0.28584182
vt 0.92392504 0.27824295
vt 0.92996514 0.2754705
vt 0.9131271 0.26129842
vt 0.9232606 0.25569105
vt 0.92981917 0.2452054
vt 0.9132446 0.23497146
vt 0.921446 0.23233372
vt 0.9295123 0.2208054
vt 0.91319263 0.21078807
vt 0.9209117 0.18923217
vt 0.91306645 0.18068755
vt 0.9293805 0.17383778
vt 0.922321 0.15393639
vt 0.9126458 0.15007365
vt 0.92865473 0.14046061
vt 0.9188515 0.13591123
vt 0.9120435 0.12987113
vt 0.92795444 0.11056036
vt 0.9195794 0.10777593
vt 0.9120557 0.099310875
vt 0.9193326 0.084788084
vt 0.92801416 0.07983923
vt 0.91300774 0.07391828
vt 0.91915065 0.0625422
vt 0.9275912 0.055472255
vt 0.91171336 0.054400444
vt 0.9205794 0.046883464
vt 0.9111498 0.03765869
vt 0.92612916 0.035607934
vt 0.9145986 0.031152666
vt 0.91150343 0.026132405
vt 0.92136806 0.027141869
vt 0.48231268 0.65481603
vt 0.4529965 0.65749127
vt 0.46965885 0.6501458
vt 0.5874071 0.65725666
vt 0.5511909 0.655915
vt 0.5728609 0.6529387
vt 0.42134848 0.65671045
vt 0.40443918 0.6512805
vt 0.41992536 0.65138197
vt 0.43999127 0.65332663
vt 0.5002992 0.6570318
vt 0.5171074 0.6552018
vt 0.5537644 0.651956
vt 0.6206179 0.6539552
vt 0.59583193 0.6526397
vt 0.6456113 0.64340496
vt 0.64293 0.65498286
vt 0.42962548 0.6486103
vt 0.45199165 0.6482489
vt 0.4094145 0.64480186
vt 0.5310949 0.6490494
vt 0.61410284 0.6486133
vt 0.50032294 0.6494211
vt 0.6303321 0.6440263
vt 0.5609566 0.6487702
vt 0.585232 0.64901125
vt 0.49106798 0.64513767
vt 0.43045595 0.644234
vt 0.5449905 0.6443008
vt 0.39407665 0.6460609
vt 0.39896858 0.62672514
vt 0.45938432 0.6431366
vt 0.5179263 0.64394015
vt 0.57273334 0.64419013
vt 0.59861493 0.64408195
vt 0.6193718 0.62628275
vt 0.4166028 0.6329433
vt 0.45220348 0.62652373
vt 0.48469868 0.6348518
vt 0.5060187 0.64000195
vt 0.5372181 0.63103807
vt 0.55952954 0.63922024
vt 0.5869155 0.6334486
vt 0.6366735 0.6276984
vt 0.4685681 0.6234955
vt 0.5145006 0.61460197
vt 0.5992104 0.6052876
vt 0.64576375 0.61235946
vt 0.5555282 0.6105125
vt 0.4156807 0.6008667
vt 0.536127 0.6108595
vt 0.4817911 0.60965085
vt 0.63894117 0.6102052
vt 0.57422376 0.6078604
vt 0.63151234 0.6002532
vt 0.50365895 0.60200894
vt 0.52316827 0.5810339
vt 0.45375463 0.57575846
vt 0.5481472 0.5920406
vt 0.57073224 0.5750726
vt 0.6394775 0.5805448
vt 0.48357028 0.5831369
vt 0.4244119 0.5702006
vt 0.65067023 0.58478445
vt 0.6512195 0.6126817
vt 0.64515835 0.58573353
vt 0.39856353 0.57891893
vt 0.5032328 0.58156437
vt 0.53474706 0.5804151
vt 0.63504994 0.58229566
vt 0.62077546 0.5786479
vt 0.40743434 0.56823057
vt 0.64439887 0.5689466
vt 0.6331927 0.5680673
vt 0.6013869 0.562432
vt 0.49437174 0.5583511
vt 0.5508484 0.5536188
vt 0.647223 0.55648494
vt 0.39858887 0.5562589
vt 0.62204146 0.5527785
vt 0.6358661 0.55058116
vt 0.46973205 0.5363678
vt 0.5254824 0.54374194
vt 0.58273286 0.5383251
vt 0.4126562 0.54079956
vt 0.4283218 0.5338215
vt 0.4038047 0.532209
vt 0.6401104 0.53546923
vt 0.49746498 0.5411845
vt 0.6472748 0.5353828
vt 0.39685956 0.53188926
vt 0.6175211 0.52807015
vt 0.5179032 0.5206565
vt 0.633629 0.51629406
vt 0.6404566 0.51516753
vt 0.6471772 0.51788604
vt 0.40938532 0.5202431
vt 0.56013006 0.5174585
vt 0.4173389 0.5145242
vt 0.4472696 0.5102681
vt 0.39694956 0.5094257
vt 0.40470788 0.5055161
vt 0.57513124 0.49421668
vt 0.41029826 0.50761837
vt 0.49802807 0.4845891
vt 0.53871626 0.4880334
vt 0.42130077 0.49666178
vt 0.603673 0.49751663
vt 0.64389753 0.49572778
vt 0.64942515 0.50458354
vt 0.6236582 0.4865985
vt 0.6373499 0.48535204
vt 0.39757484 0.4815277
vt 0.41101146 0.4833756
vt 0.46177065 0.47379053
vt 0.40411437 0.47493148
vt 0.64770824 0.4785359
vt 0.59959334 0.47656822
vt 0.4201268 0.4757616
vt 0.6409438 0.4495738
vt 0.5844398 0.45730472
vt 0.63316125 0.46005386
vt 0.55689484 0.45818913
vt 0.40810388 0.46539116
vt 0.41327214 0.4575014
vt 0.52661794 0.45122075
vt 0.4401342 0.44494122
vt 0.494554 0.45160103
vt 0.39843428 0.4532267
vt 0.6165011 0.44856262
vt 0.40592876 0.4513781
vt 0.6491086 0.44991028
vt 0.54577345 0.42117786
vt 0.5964222 0.4368893
vt 0.56957096 0.43658596
vt 0.41144258 0.42344725
vt 0.40045556 0.4346735
vt 0.49912393 0.41916478
vt 0.64669025 0.428851
vt 0.6333649 0.42606246
vt 0.46209994 0.41962636
vt 0.62569094 0.42551148
vt 0.6402712 0.41297925
vt 0.58074105 0.4106598
vt 0.40042815 0.40669596
vt 0.42472175 0.40385598
vt 0.5167818 0.38853467
vt 0.6100984 0.41149056
vt 0.6459682 0.40239912
vt 0.6512195 0.40517056
vt 0.41253287 0.3933965
vt 0.40501454 0.38519382
vt 0.6243431 0.3965016
vt 0.47630435 0.39123046
vt 0.6357818 0.39052784
vt 0.5969013 0.39593917
vt 0.64113533 0.39047325
vt 0.5808787 0.37800884
vt 0.6506282 0.38659322
vt 0.4373827 0.3753208
vt 0.6459361 0.38204312
vt 0.39863434 0.3833282
vt 0.64033645 0.36786103
vt 0.6309815 0.3775128
vt 0.6195821 0.36719847
vt 0.4096775 0.36901033
vt 0.6487241 0.36328024
vt 0.3998017 0.3653245
vt 0.41403595 0.3640257
vt 0.48633647 0.3638065
vt 0.63534075 0.36579394
vt 0.5401313 0.36021256
vt 0.40768126 0.3570016
vt 0.5763022 0.35202253
vt 0.50841254 0.3564397
vt 0.602216 0.3554954
vt 0.4003506 0.34969717
vt 0.47004402 0.34953278
vt 0.4230483 0.3521068
vt 0.44493616 0.3523742
vt 0.4098265 0.345742
vt 0.63977754 0.3481784
vt 0.63489354 0.35099918
vt 0.64691186 0.34390926
vt 0.6254695 0.35082185
vt 0.41515344 0.34813362
vt 0.49099815 0.34994793
vt 0.43159336 0.34839952
vt 0.450842 0.34739625
vt 0.512158 0.34827936
vt 0.53949815 0.34937346
vt 0.60181206 0.34964454
vt 0.426665 0.34445947
vt 0.48076326 0.34466338
vt 0.45687643 0.3434764
vt 0.5207649 0.3444147
vt 0.553383 0.3449301
vt 0.6148212 0.34537375
vt 0.43959594 0.34235358
vt 0.58263487 0.3445421
vt 0.5053359 0.33908212
vt 0.53297573 0.3411408
vt 0.5515276 0.33926845
vt 0.62059385 0.34091496
vt 0.42168772 0.33867872
vt 0.56785154 0.34186262
vt 0.40397295 0.3387829
vt 0.48578012 0.340706
vt 0.43610007 0.33664167
vt 0.48030987 0.3367133
vt 0.599154 0.33864707
vt 0.5295783 0.33624172
vt 0.63898665 0.33910072
vt 0.57472736 0.33820796
vt 0.45666322 0.33688986
vt 0.62529707 0.33805114
vt 0.61030215 0.33484322
vt 0.43130356 0.027596712
vt 0.4143519 0.021809042
vt 0.43137488 0.02180475
vt 0.53850496 0.03741628
vt 0.50678605 0.024206877
vt 0.52932656 0.021925211
vt 0.635416 0.027306795
vt 0.63343066 0.021536231
vt 0.64978266 0.023537457
vt 0.4611499 0.02185738
vt 0.491145 0.029444873
vt 0.48186 0.023513794
vt 0.56572974 0.022777855
vt 0.6008818 0.028589606
vt 0.60663325 0.02125436
vt 0.41004795 0.041531205
vt 0.40347633 0.025041282
vt 0.453791 0.03736013
vt 0.57850915 0.036962092
vt 0.47783834 0.049508274
vt 0.6103402 0.041094422
vt 0.65115106 0.034134388
vt 0.50739795 0.05462891
vt 0.63889223 0.04085338
vt 0.4347284 0.055886567
vt 0.40034848 0.041823328
vt 0.6251792 0.08075446
vt 0.6497978 0.062164247
vt 0.57940346 0.07821506
vt 0.40091413 0.056528687
vt 0.5321663 0.075900376
vt 0.4073585 0.06633067
vt 0.4741008 0.075995564
vt 0.4009103 0.077403426
vt 0.44846064 0.094707966
vt 0.4121515 0.08780724
vt 0.5043738 0.098288596
vt 0.64876235 0.092916965
vt 0.59758115 0.11071038
vt 0.63693917 0.11367452
vt 0.47257712 0.117666066
vt 0.54087126 0.11224604
vt 0.64973676 0.10755336
vt 0.41288126 0.107031524
vt 0.4018188 0.10414833
vt 0.43290812 0.11905146
vt 0.40926552 0.13071358
vt 0.5730895 0.13190985
vt 0.6512195 0.131544
vt 0.5189665 0.14024746
vt 0.53941905 0.13495266
vt 0.4884144 0.14798808
vt 0.40132475 0.13207626
vt 0.6147253 0.13743591
vt 0.4500753 0.15510583
vt 0.64335454 0.13813007
vt 0.5917965 0.13937747
vt 0.5650153 0.14286876
vt 0.6125132 0.1426264
vt 0.63044375 0.15845835
vt 0.5501824 0.144737
vt 0.404066 0.15460515
vt 0.61525077 0.1576271
vt 0.64760107 0.15497708
vt 0.5344447 0.15410906
vt 0.4236916 0.17930973
vt 0.50470454 0.16489655
vt 0.51833147 0.17049795
vt 0.63637906 0.1776017
vt 0.64933395 0.16932523
vt 0.40362227 0.19794112
vt 0.48254696 0.18221617
vt 0.5139385 0.18368876
vt 0.61457664 0.1869222
vt 0.6469102 0.1927036
vt 0.5233762 0.17990601
vt 0.50157076 0.20254683
vt 0.5224437 0.1959455
vt 0.63159245 0.2039485
vt 0.41017687 0.2032091
vt 0.52871096 0.19371665
vt 0.45806414 0.2042982
vt 0.5370471 0.20273727
vt 0.6142578 0.20920634
vt 0.6461904 0.21397817
vt 0.41819996 0.21986759
vt 0.53618115 0.21096039
vt 0.550509 0.20894015
vt 0.4717098 0.2199645
vt 0.61642224 0.21872175
vt 0.5684315 0.21587199
vt 0.5595631 0.20689887
vt 0.55066013 0.22844702
vt 0.56430256 0.20937431
vt 0.5729258 0.2133379
vt 0.52387285 0.22676146
vt 0.60952115 0.21610647
vt 0.5835363 0.21623778
vt 0.4515041 0.23260665
vt 0.4891195 0.23669869
vt 0.5948025 0.22225833
vt 0.6006312 0.21768326
vt 0.40190881 0.2287314
vt 0.6354534 0.23043108
vt 0.5710667 0.23803902
vt 0.6055826 0.2367003
vt 0.6494248 0.23477507
vt 0.41196668 0.24689543
vt 0.5250471 0.2470094
vt 0.40109658 0.25630844
vt 0.4382822 0.24562263
vt 0.63856417 0.2518285
vt 0.58538383 0.25842482
vt 0.54506123 0.25494826
vt 0.4546743 0.25667107
vt 0.61141586 0.26319593
vt 0.42703778 0.26199317
vt 0.64847594 0.25985777
vt 0.4799537 0.27225196
vt 0.6314524 0.2807542
vt 0.5557577 0.280837
vt 0.40787995 0.28072017
vt 0.5191547 0.2760737
vt 0.64654475 0.27573943
vt 0.45731968 0.29154396
vt 0.42485538 0.28689396
vt 0.60005826 0.29279387
vt 0.4009877 0.28463447
vt 0.4916585 0.29544783
vt 0.649351 0.2934023
vt 0.5263369 0.30165178
vt 0.57506377 0.30396402
vt 0.4103061 0.30885088
vt 0.55196327 0.31221986
vt 0.40068647 0.30710024
vt 0.6471793 0.30963606
vt 0.44130996 0.3120445
vt 0.47819293 0.3088944
vt 0.59815145 0.32075036
vt 0.62915105 0.3178922
vt 0.5077741 0.32532954
vt 0.47970244 0.32565522
vt 0.5331577 0.32557547
vt 0.64897835 0.32418644
vt 0.5808985 0.32633203
vt 0.40034842 0.32561493
vt 0.43095288 0.3263235
vt 0.46042067 0.3302318
vt 0.40692255 0.32899737
vt 0.5534502 0.329363
vt 0.569815 0.3324086
vt 0.64059526 0.33332694
vt 0.6333178 0.33045983
vt 0.61745983 0.3327765
vt 0.40110075 0.33498186
vt 0.5008453 0.33528757
vt 0.53170294 0.33409393
vt 0.4282486 0.33432597
vt 0.4565411 0.3354066
vt 0.4806502 0.334455
vt 0.5922952 0.33424664
vt 0.5535147 0.33623695
vt 0.40869966 0.3356654
vt 0.52556324 0.16397297
vt 0.40897527 0.661077
vt 0.4199459 0.65749127
vt 0.42370608 0.669575
vt 0.4141572 0.68319947
vt 0.40442166 0.67159915
vt 0.4257065 0.702818
vt 0.40454015 0.7017565
vt 0.4205669 0.70304334
vt 0.41691104 0.7166316
vt 0.42245317 0.73285913
vt 0.41184998 0.7352468
vt 0.40383276 0.73482686
vt 0.40435293 0.75061834
vt 0.41751194 0.7570988
vt 0.40913358 0.7573209
vt 0.4245694 0.7632696
vt 0.4071709 0.7763266
vt 0.41924372 0.7771586
vt 0.42461693 0.78598344
vt 0.4201761 0.7995934
vt 0.40997642 0.8018839
vt 0.40429023 0.80155945
vt 0.42524388 0.80458736
vt 0.40588352 0.81694037
vt 0.41675246 0.818764
vt 0.42353758 0.8188236
vt 0.4128666 0.83519554
vt 0.4238652 0.8468896
vt 0.4041503 0.84206855
vt 0.41919202 0.8512127
vt 0.4102169 0.8582807
vt 0.40394264 0.8648713
vt 0.41852337 0.8692217
vt 0.42487428 0.8775252
vt 0.40766844 0.8870466
vt 0.4191485 0.89321715
vt 0.4261324 0.9000838
vt 0.41117543 0.90773064
vt 0.4206702 0.9128355
vt 0.40567905 0.9138204
vt 0.42349386 0.92555046
vt 0.41293263 0.92908126
vt 0.40500858 0.9308586
vt 0.42069027 0.94303715
vt 0.42508766 0.94517714
vt 0.4080704 0.9496514
vt 0.41995555 0.9590574
vt 0.4260419 0.96976
vt 0.411409 0.9664762
vt 0.4054678 0.9668791
vt 0.41916734 0.9794938
vt 0.40793237 0.9822601
vt 0.42413202 0.99011344
vt 0.41267002 0.99076474
vt 0.40383276 0.99407667
vt 0.39616725 0.8773715
vt 0.38634947 0.865465
vt 0.39512315 0.8588971
vt 0.39017558 0.8914447
vt 0.3920575 0.8392374
vt 0.38712755 0.82529134
vt 0.39528286 0.8211681
vt 0.39210066 0.9294121
vt 0.38589633 0.90830964
vt 0.39496416 0.90887
vt 0.38945425 0.81177497
vt 0.39308614 0.9629541
vt 0.3915721 0.98405784
vt 0.38049304 0.97057945
vt 0.37687862 0.8438963
vt 0.37812686 0.81832784
vt 0.37893245 0.80542815
vt 0.38882542 0.8004218
vt 0.3761967 0.90796494
vt 0.37611827 0.98490626
vt 0.38228 0.8826666
vt 0.38708878 0.99784887
vt 0.37613207 0.99509114
vt 0.3793352 0.7958639
vt 0.38051274 0.95162743
vt 0.3699231 0.874116
vt 0.35774112 0.93999517
vt 0.36925453 0.82737064
vt 0.36024183 0.8111624
vt 0.36028656 0.79639006
vt 0.3629225 0.9688292
vt 0.35869455 0.90324146
vt 0.3572218 0.84191954
vt 0.36198664 0.99442184
vt 0.34662735 0.8812945
vt 0.35226244 0.981619
vt 0.34237063 0.9634189
vt 0.3374902 0.99664074
vt 0.34055653 0.80527353
vt 0.34221238 0.91258276
vt 0.33558825 0.81940144
vt 0.3409044 0.8534589
vt 0.33710885 0.98739374
vt 0.33729944 0.7931341
vt 0.32912827 0.97730494
vt 0.32674527 0.87249434
vt 0.31447908 0.95457786
vt 0.32323033 0.9181856
vt 0.3204935 0.9885953
vt 0.31673142 0.83105403
vt 0.3066858 0.8072515
vt 0.31193095 0.7912892
vt 0.3005959 0.89222383
vt 0.3072726 0.97655827
vt 0.30819806 0.9069868
vt 0.29323047 0.8500138
vt 0.30651703 0.99965155
vt 0.30832976 0.9269288
vt 0.29750627 0.98811024
vt 0.29147485 0.7952562
vt 0.3044522 0.9389666
vt 0.30374995 0.91775024
vt 0.30048594 0.95028466
vt 0.30174038 0.90528125
vt 0.2836812 0.96162635
vt 0.28544885 0.8719252
vt 0.28646475 0.9053616
vt 0.27659333 0.97449213
vt 0.28308955 0.99682254
vt 0.28217188 0.9487765
vt 0.273578 0.8068326
vt 0.27472273 0.98596627
vt 0.26667723 0.8286724
vt 0.26255345 0.876394
vt 0.2669998 0.89645
vt 0.26097536 0.79646635
vt 0.2537839 0.8482891
vt 0.25583217 0.9056724
vt 0.2594083 0.9957101
vt 0.2583543 0.955096
vt 0.25374284 0.9489316
vt 0.25927845 0.98597
vt 0.249272 0.9737876
vt 0.24662545 0.8096091
vt 0.24609813 0.8204529
vt 0.2356175 0.8849239
vt 0.2263215 0.8278757
vt 0.24193998 0.79861003
vt 0.23769727 0.9869092
vt 0.2354832 0.90599567
vt 0.23668867 0.95830894
vt 0.23763362 0.99511576
vt 0.22661015 0.97589666
vt 0.23271345 0.94951195
vt 0.2210453 0.80253804
vt 0.21599153 0.8535664
vt 0.22125942 0.8149924
vt 0.2135529 0.79290086
vt 0.21328925 0.9904651
vt 0.22139274 0.94989896
vt 0.22430444 0.90795857
vt 0.20436731 0.97112626
vt 0.20866196 0.9048173
vt 0.20688681 0.88301706
vt 0.21732105 0.9266924
vt 0.22283328 0.9255389
vt 0.19796742 0.93841624
vt 0.19841224 0.8269852
vt 0.1991293 0.8121676
vt 0.1943328 0.8027294
vt 0.1859001 0.8468287
vt 0.19074218 0.8686771
vt 0.1865741 0.91844106
vt 0.18320724 0.98912275
vt 0.19636916 0.99965155
vt 0.17688881 0.89521354
vt 0.18092254 0.9555003
vt 0.17886192 0.80903935
vt 0.18202835 0.9737573
vt 0.17442867 0.8290311
vt 0.17955238 0.9969449
vt 0.16944003 0.8637696
vt 0.16153437 0.92536306
vt 0.18171051 0.7941413
vt 0.16541345 0.81408864
vt 0.16393866 0.97992367
vt 0.16355564 0.958023
vt 0.16299304 0.99364775
vt 0.16227372 0.7953942
vt 0.15722601 0.83618987
vt 0.15637505 0.8021712
vt 0.14255817 0.8571819
vt 0.14656521 0.88226444
vt 0.1468627 0.94402313
vt 0.14750376 0.96484274
vt 0.14422889 0.8111325
vt 0.14948697 0.98791283
vt 0.14884023 0.9961358
vt 0.14033042 0.97576314
vt 0.1415962 0.79897046
vt 0.13587445 0.83041644
vt 0.14017753 0.9107537
vt 0.14088832 0.99020046
vt 0.14150071 0.9990455
vt 0.13327779 0.95754945
vt 0.13436773 0.8061312
vt 0.13142197 0.8720494
vt 0.13486451 0.9937443
vt 0.13217656 0.98004067
vt 0.13060823 0.93150324
vt 0.12787457 0.9107507
vt 0.9098823 0.9931392
vt 0.9018105 0.98413986
vt 0.9122163 0.97335607
vt 0.9150343 0.9407328
vt 0.9058873 0.9281313
vt 0.915331 0.916725
vt 0.90712196 0.90492535
vt 0.89409673 0.91364276
vt 0.88598293 0.9459866
vt 0.88339853 0.9938851
vt 0.89626175 0.8950715
vt 0.87531865 0.98102117
vt 0.88127553 0.90405273
vt 0.88219863 0.89321065
vt 0.8626102 0.9153374
vt 0.85780895 0.8953608
vt 0.86049896 0.9441909
vt 0.8542441 0.9916715
vt 0.8474693 0.96557695
vt 0.842218 0.9267515
vt 0.82696736 0.899012
vt 0.82827216 0.9824776
vt 0.83083826 0.9568325
vt 0.8130902 0.9123057
vt 0.84168065 0.9940612
vt 0.81450385 0.9343039
vt 0.8245318 0.9937682
vt 0.80160904 0.9716771
vt 0.811266 0.99368614
vt 0.7985645 0.9508739
vt 0.80256575 0.9882997
vt 0.8036907 0.8951348
vt 0.7915021 0.99407667
vt 0.7874724 0.93154585
vt 0.7847464 0.98669136
vt 0.7797328 0.90230453
vt 0.7801436 0.89388806
vt 0.76954544 0.9556467
vt 0.77576953 0.9139022
vt 0.77489895 0.99398875
vt 0.7674607 0.9331196
vt 0.76606965 0.9819183
vt 0.7607434 0.9034302
vt 0.75497204 0.99395084
vt 0.75255936 0.91399544
vt 0.75848854 0.89305943
vt 0.7456529 0.9818814
vt 0.745571 0.9306967
vt 0.7390858 0.9572867
vt 0.74078256 0.89989215
vt 0.7343129 0.88954705
vt 0.7321674 0.9938854
vt 0.7247191 0.9131339
vt 0.724048 0.9779848
vt 0.7220102 0.93333393
vt 0.717396 0.89763635
vt 0.7094159 0.95876515
vt 0.7128957 0.99407667
vt 0.7022297 0.9830386
vt 0.70358336 0.91667235
vt 0.6926813 0.9361186
vt 0.6977792 0.9054341
vt 0.70069486 0.8936395
vt 0.68895185 0.99376744
vt 0.6865117 0.96403307
vt 0.68425214 0.8908472
vt 0.6814357 0.9001118
vt 0.6838281 0.91321105
vt 0.68208146 0.9880835
vt 0.67245364 0.95052624
vt 0.666864 0.9803208
vt 0.66967565 0.9274859
vt 0.67214483 0.91108245
vt 0.6701495 0.89331913
vt 0.66839874 0.9935321
vt 0.66091037 0.95116234
vt 0.6628139 0.89981633
vt 0.66003156 0.9124278
vt 0.658454 0.9931131
vt 0.6549595 0.92691666
vt 0.65625304 0.8995949
vt 0.6539653 0.9731051
vt 0.6526132 0.9098476
vt 0.16001192 0.2769513
vt 0.14579624 0.26191986
vt 0.15982842 0.25441253
vt 0.16020833 0.16761285
vt 0.15226455 0.16378951
vt 0.16079599 0.14592385
vt 0.15642317 0.13942611
vt 0.16132404 0.12069327
vt 0.16004571 0.29606712
vt 0.1525054 0.2935071
vt 0.15110004 0.23451883
vt 0.15989316 0.2318874
vt 0.15218121 0.20453197
vt 0.16121982 0.1985097
vt 0.15211643 0.18314403
vt 0.15705423 0.30629385
vt 0.1503091 0.1328103
vt 0.1491031 0.15048087
vt 0.13768917 0.3057567
vt 0.15188207 0.14201164
vt 0.113024615 0.29145837
vt 0.1344392 0.21332467
vt 0.14054781 0.1575954
vt 0.12964393 0.19469512
vt 0.1334786 0.17799163
vt 0.1327001 0.16578174
vt 0.12123018 0.22607934
vt 0.121666014 0.18160641
vt 0.1219717 0.16853964
vt 0.10521274 0.24577224
vt 0.118387684 0.20121664
vt 0.11647333 0.19022638
vt 0.10767692 0.30562425
vt 0.10625365 0.18511981
vt 0.10411906 0.16624922
vt 0.119082004 0.16127151
vt 0.11392785 0.15066218
vt 0.10198198 0.15420431
vt 0.106314585 0.1961686
vt 0.09593724 0.2061019
vt 0.08801781 0.1868769
vt 0.0867897 0.17039257
vt 0.08547674 0.3065902
vt 0.081233025 0.25270045
vt 0.08487386 0.15417832
vt 0.08323136 0.2194289
vt 0.083961494 0.12582469
vt 0.07908869 0.1216591
vt 0.07988067 0.113625586
vt 0.07610288 0.19631332
vt 0.07618807 0.23114973
vt 0.076716885 0.29584897
vt 0.07798877 0.27519858
vt 0.07547368 0.17576408
vt 0.075434595 0.15348905
vt 0.07509458 0.2186073
vt 0.08023061 0.1384989
vt 0.07389961 0.24806881
vt 0.073519185 0.30696863
vt 0.07484195 0.13185018
vt 0.07783775 0.112478316
vt 0.07374875 0.11719501
vt 0.07351916 0.102787435
vt 0.23967788 0.24557793
vt 0.24501161 0.22841233
vt 0.24447228 0.2579589
vt 0.24541993 0.09902668
vt 0.23866405 0.099823415
vt 0.2446435 0.08912903
vt 0.24511659 0.124842405
vt 0.24013694 0.14505029
vt 0.2456446 0.15517199
vt 0.24495883 0.17487836
vt 0.23472 0.16202885
vt 0.23751557 0.18961579
vt 0.24545899 0.19917792
vt 0.24385825 0.27821648
vt 0.24458003 0.30187827
vt 0.23927988 0.29001725
vt 0.23806603 0.22050762
vt 0.23569264 0.264755
vt 0.23631264 0.31303734
vt 0.24301694 0.31704855
vt 0.23423041 0.1342051
vt 0.2393196 0.12117237
vt 0.23815021 0.32082844
vt 0.22848918 0.08892912
vt 0.22523946 0.23676169
vt 0.23278311 0.29941165
vt 0.23517631 0.28988254
vt 0.23150069 0.2828921
vt 0.23549435 0.14962846
vt 0.2344807 0.1440137
vt 0.2118964 0.22220528
vt 0.22560838 0.28432167
vt 0.22679214 0.30307996
vt 0.21122451 0.112588346
vt 0.22409984 0.15074801
vt 0.22398882 0.32160282
vt 0.21614927 0.313627
vt 0.21061903 0.17322636
vt 0.22668347 0.14196134
vt 0.22582625 0.13678837
vt 0.21336189 0.27728856
vt 0.2188299 0.26409173
vt 0.21731688 0.1380971
vt 0.20817497 0.30310965
vt 0.21159683 0.28320086
vt 0.20324099 0.32133424
vt 0.19019341 0.245013
vt 0.20257759 0.1406666
vt 0.19610779 0.08886653
vt 0.20967099 0.15018553
vt 0.2103041 0.1427697
vt 0.1919388 0.31540048
vt 0.19800705 0.28594983
vt 0.20766485 0.29002
vt 0.19284591 0.21092981
vt 0.19878155 0.29715765
vt 0.19079196 0.27667075
vt 0.19587052 0.15529144
vt 0.19609171 0.14684165
vt 0.19137341 0.30513775
vt 0.19221431 0.1401515
vt 0.18856294 0.18019497
vt 0.18213703 0.1514864
vt 0.18792701 0.28170162
vt 0.18240865 0.30760044
vt 0.17283253 0.10362017
vt 0.18038207 0.32143068
vt 0.172564 0.124634385
vt 0.18553528 0.13715583
vt 0.1746032 0.0888502
vt 0.1767638 0.28195202
vt 0.17298639 0.2637682
vt 0.1714409 0.15965557
vt 0.16961087 0.20252073
vt 0.17787139 0.30217993
vt 0.18580376 0.30299473
vt 0.17110804 0.22114503
vt 0.17394795 0.30399567
vt 0.17194736 0.314705
vt 0.16931161 0.24317062
vt 0.1744832 0.14081222
vt 0.16574927 0.18532711
vt 0.16671813 0.2859406
vt 0.16662163 0.3198086
vt 0.17055158 0.14899206
vt 0.16699766 0.30305254
vt 0.16956204 0.29309225
vt 0.1634166 0.14218521
vt 0.17039694 0.30045402
vt 0.16357231 0.31407964
vt 0.16274324 0.27382278
vt 0.16265838 0.08947706
vt 0.162371 0.24762285
vt 0.16218643 0.16875899
vt 0.16259311 0.21602345
vt 0.16224565 0.09690845
vt 0.16203031 0.11391997
vt 0.1620209 0.12945741
vt 0.1620209 0.29990947
vt 0.5161801 0.99162674
vt 0.5139373 0.9841256
vt 0.53040284 0.9855698
vt 0.54380995 0.98330224
vt 0.53678316 0.9785421
vt 0.54532045 0.97570664
vt 0.53015846 0.9933798
vt 0.5479127 0.99103
vt 0.5564739 0.9768523
vt 0.56306374 0.98762476
vt 0.5678234 0.97526133
vt 0.57108015 0.9933798
vt 0.50836235 0.9177005
vt 0.50224507 0.90737355
vt 0.50618625 0.90278745
vt 0.4992661 0.91348845
vt 0.49860626 0.902937
vt 0.49860626 0.925784
vt 0.6196725 0.988235
vt 0.6198109 0.9930052
vt 0.6142857 0.98758847
vt 0.6143479 0.99407667
vt 0.61755705 0.98508173
vt 0.6144868 0.9803134
vt 0.6229378 0.9808662
vt 0.62631035 0.9890442
vt 0.62742203 0.98123914
vt 0.6288833 0.9865834
vt 0.6309942 0.990011
vt 0.6324042 0.9747323
vt 0.6142857 0.97172344
vt 0.62833995 0.963485
vt 0.62257063 0.95923346
vt 0.6184669 0.92096555
vt 0.6200593 0.90599763
vt 0.6268967 0.91930676
vt 0.6294648 0.9271777
vt 0.62905735 0.90134335
vt 0.6370719 0.9052155
vt 0.64425087 0.9197709
vt 0.644176 0.9145538
vt 0.64113635 0.9006969
vt 0.6442508 0.9065098
vt 0.53786606 0.9006969
vt 0.530662 0.90076494
vt 0.5357954 0.9044872
vt 0.531497 0.9124873
vt 0.5418118 0.90757626
vt 0.54079026 0.91489094
vt 0.53598744 0.92038846
vt 0.5380887 0.9267944
vt 0.530662 0.9271777
vt 0.51691025 0.92662454
vt 0.50937796 0.9271777
vt 0.50905925 0.9200844
vt 0.51944596 0.91700417
vt 0.5134957 0.910035
vt 0.50905925 0.90141976
vt 0.5195122 0.9052545
vt 0.51286423 0.9013937
vt 0.5546053 0.91737217
vt 0.5550523 0.9264808
vt 0.5498484 0.9257538
vt 0.5425088 0.92446494
vt 0.54918855 0.91875476
vt 0.54303914 0.916699
vt 0.5475306 0.91046435
vt 0.55443114 0.9086584
vt 0.5425087 0.90598977
vt 0.5450097 0.9006969
vt 0.5495387 0.90537
vt 0.5526333 0.9010582
vt 0.594656 0.910257
vt 0.59673595 0.8958188
vt 0.6003523 0.9119162
vt 0.5919861 0.90443623
vt 0.59267044 0.9187072
vt 0.597329 0.92271054
vt 0.6032721 0.92360127
vt 0.60191613 0.929985
vt 0.59437513 0.9290551
vt 0.6038328 0.9156689
vt 0.59198606 0.9320558
vt 0.5189127 0.9646601
vt 0.511846 0.9745644
vt 0.5062718 0.96401
vt 0.5272096 0.9711561
vt 0.5132566 0.95710653
vt 0.5188614 0.95943815
vt 0.53063303 0.9614569
vt 0.5282341 0.9560393
vt 0.53949463 0.9575524
vt 0.53745997 0.96618974
vt 0.5420916 0.9695168
vt 0.5504899 0.96213967
vt 0.5548601 0.9709618
vt 0.5616092 0.9648296
vt 0.5565093 0.9529617
vt 0.5694782 0.97456443
vt 0.57039833 0.96319866
vt 0.57874566 0.9743138
vt 0.57856286 0.97526133
vt 0.57595557 0.9889291
vt 0.57091475 0.98032737
vt 0.56759584 0.98912376
vt 0.5867585 0.9859795
vt 0.5910861 0.99383
vt 0.5864593 0.99686414
vt 0.5917457 0.9754739
vt 0.6009761 0.9810814
vt 0.60516363 0.97526133
vt 0.60172015 0.98619586
vt 0.60022616 0.99276096
vt 0.6080139 0.98027515
vt 0.6094505 0.9630463
vt 0.6184669 0.96254694
vt 0.6087875 0.96827984
vt 0.60170203 0.9659745
vt 0.60125524 0.95923346
vt 0.5985733 0.9719589
vt 0.5883002 0.96129614
vt 0.5919053 0.9691772
vt 0.58968776 0.97456443
vt 0.5820939 0.9659937
vt 0.58492255 0.9730243
vt 0.58068854 0.97328717
vt 0.57456446 0.95923346
vt 0.5749517 0.96549904
vt 0.58665407 0.9074098
vt 0.5801394 0.9077007
vt 0.581233 0.89930314
vt 0.58626807 0.9141052
vt 0.5801394 0.9210241
vt 0.5912892 0.9200671
vt 0.5860164 0.9257651
vt 0.5911839 0.9285714
vt 0.52490854 0.9066117
vt 0.52948356 0.90373534
vt 0.5202091 0.9006969
vt 0.5210112 0.9156508
vt 0.52996516 0.91742885
vt 0.5278097 0.9251966
vt 0.5202091 0.92787457
vt 0.61777 0.9011151
vt 0.60818124 0.90545726
vt 0.61000407 0.8975249
vt 0.6045296 0.9128014
vt 0.60457575 0.89512193
vt 0.6165886 0.9143303
vt 0.6103684 0.9167435
vt 0.60683215 0.9243276
vt 0.61777 0.9217653
vt 0.61197966 0.92629683
vt 0.61704636 0.92770195
vt 0.6105738 0.9327526
vt 0.5641237 0.92549443
vt 0.55642897 0.9168889
vt 0.5557491 0.92787457
vt 0.56326777 0.9125983
vt 0.5557491 0.9052983
vt 0.56689894 0.9091688
vt 0.56164646 0.9053953
vt 0.56643915 0.9
vt 0.5682971 0.9012339
vt 0.5742106 0.9
vt 0.5721508 0.9090242
vt 0.5788855 0.9065912
vt 0.56759584 0.9147243
vt 0.57310075 0.91515243
vt 0.5794425 0.91342705
vt 0.57668996 0.92292404
vt 0.56930757 0.92222077
vt 0.56759584 0.9271777
vt 0.036810823 0.9838949
vt 0.03809123 0.9713176
vt 0.054955076 0.9787864
vt 0.08287606 0.97320586
vt 0.098543 0.97964054
vt 0.076449476 0.9843206
vt 0.13066202 0.82083625
vt 0.11736667 0.80703884
vt 0.12557659 0.79809666
vt 0.116730414 0.79416037
vt 0.12385171 0.97432953
vt 0.11410445 0.9753432
vt 0.118614756 0.9659669
vt 0.12756522 0.96135384
vt 0.035185065 0.79213125
vt 0.04869871 0.7912892
vt 0.044034585 0.79914075
vt 0.12234584 0.8963091
vt 0.12015687 0.8663633
vt 0.12775055 0.85992044
vt 0.09890664 0.7949776
vt 0.12067945 0.94161636
vt 0.12971468 0.94020987
vt 0.0709252 0.7948112
vt 0.11827398 0.8340345
vt 0.10622711 0.9676978
vt 0.12690444 0.9157586
vt 0.03379796 0.79981923
vt 0.07725171 0.8067549
vt 0.06477027 0.9677292
vt 0.04616239 0.9682348
vt 0.11653155 0.92584
vt 0.051241904 0.8065593
vt 0.11035694 0.8750617
vt 0.09726971 0.80496526
vt 0.11340112 0.95636594
vt 0.10565148 0.847938
vt 0.096755765 0.95902383
vt 0.03379791 0.81355476
vt 0.106048 0.81690085
vt 0.043416407 0.95769733
vt 0.11003503 0.9054451
vt 0.0765817 0.95832026
vt 0.035370566 0.95621294
vt 0.10615275 0.9420792
vt 0.058900233 0.9555789
vt 0.101877354 0.9238128
vt 0.090860985 0.89047384
vt 0.05992069 0.81636107
vt 0.044837464 0.8274449
vt 0.09095247 0.8215866
vt 0.045156628 0.9384184
vt 0.07210269 0.829862
vt 0.06580849 0.93478656
vt 0.08396953 0.93714994
vt 0.035835505 0.93773276
vt 0.035453726 0.9178975
vt 0.04465202 0.907636
vt 0.07138996 0.9085948
vt 0.03503531 0.8938929
vt 0.06729193 0.8773094
vt 0.044832375 0.8824343
vt 0.034228515 0.8747357
vt 0.054430615 0.85600996
vt 0.0918718 0.86843246
vt 0.039897554 0.8654923
vt 0.07464015 0.8489758
vt 0.036411565 0.85279083
vt 0.034134306 0.83385897
vt 0.05479899 0.31306916
vt 0.06616368 0.32160282
vt 0.054371886 0.32086122
vt 0.06637316 0.20608759
vt 0.07068433 0.18175828
vt 0.07223944 0.21108407
vt 0.0728223 0.2472341
vt 0.072406866 0.26860547
vt 0.06775995 0.25572765
vt 0.067230985 0.31498885
vt 0.07257102 0.31454796
vt 0.0687522 0.09467578
vt 0.055458907 0.09089059
vt 0.065401986 0.0888502
vt 0.07278311 0.2925272
vt 0.06722711 0.27815223
vt 0.058699906 0.10337204
vt 0.07201503 0.11281973
vt 0.06499355 0.11786306
vt 0.0709103 0.13968056
vt 0.06352525 0.14280665
vt 0.07200889 0.1625827
vt 0.06299236 0.16246152
vt 0.051916376 0.23013616
vt 0.0542344 0.20926875
vt 0.057973582 0.22389716
vt 0.060578402 0.18701434
vt 0.069428824 0.23178059
vt 0.056367096 0.285895
vt 0.051916376 0.29618013
vt 0.052339353 0.27581924
vt 0.06791988 0.2990132
vt 0.052621674 0.10707039
vt 0.05301049 0.1205498
vt 0.053088166 0.13996202
vt 0.05369335 0.16239804
vt 0.052000538 0.18630195
vt 0.053094503 0.2523253
vt 0.060011297 0.24206716
vt 0.059853084 0.2642529
vt 0.06026454 0.30638212
vt 0.05372867 0.3001796
vt 0.80944085 0.7357674
vt 0.8044054 0.74308896
vt 0.8050851 0.7243838
vt 0.80423605 0.58839595
vt 0.8104157 0.6024277
vt 0.8039053 0.60826707
vt 0.8054338 0.6722331
vt 0.8101612 0.6889547
vt 0.804248 0.695832
vt 0.9085199 0.41022623
vt 0.912845 0.41414702
vt 0.8965623 0.41366923
vt 0.80383277 0.45079672
vt 0.8071938 0.4312042
vt 0.80971235 0.45280975
vt 0.9130229 0.5792414
vt 0.9153135 0.5906448
vt 0.90897995 0.5946426
vt 0.9150948 0.64002985
vt 0.9146082 0.6708467
vt 0.90740883 0.6651595
vt 0.8082958 0.75966465
vt 0.8094235 0.77260536
vt 0.80383277 0.76451725
vt 0.9087878 0.7697724
vt 0.9118664 0.75741786
vt 0.915331 0.7706742
vt 0.9103473 0.5015139
vt 0.91469616 0.5014223
vt 0.91187465 0.5173425
vt 0.8116021 0.5794196
vt 0.8058942 0.5747024
vt 0.91386837 0.60311973
vt 0.91421366 0.62308407
vt 0.90509915 0.6136784
vt 0.81205016 0.6433164
vt 0.8063992 0.6495291
vt 0.8073283 0.62486035
vt 0.80614495 0.47330582
vt 0.91311705 0.48241717
vt 0.8971334 0.5133198
vt 0.8066144 0.5233807
vt 0.812966 0.5263497
vt 0.80601877 0.54111934
vt 0.8051172 0.5584098
vt 0.8103386 0.55696064
vt 0.9074755 0.6375647
vt 0.9118826 0.6906515
vt 0.80649525 0.7052326
vt 0.8145748 0.7196067
vt 0.89583665 0.7721753
vt 0.9063195 0.77456445
vt 0.87918776 0.4101045
vt 0.8764012 0.41392028
vt 0.8595003 0.41226816
vt 0.82955974 0.4125123
vt 0.8075044 0.41586804
vt 0.8118544 0.41113442
vt 0.91302645 0.4510622
vt 0.90870637 0.43693286
vt 0.9146286 0.4271567
vt 0.91111654 0.4652121
vt 0.9061896 0.45497984
vt 0.9005615 0.47375548
vt 0.91429853 0.5375781
vt 0.9047318 0.5362555
vt 0.82456267 0.42025638
vt 0.9049299 0.421964
vt 0.8209159 0.43750817
vt 0.8253897 0.45689964
vt 0.8972647 0.49106348
vt 0.9026591 0.58072
vt 0.81509674 0.6760052
vt 0.911511 0.7093627
vt 0.9016487 0.6988069
vt 0.9127771 0.7329092
vt 0.9016987 0.7480092
vt 0.850173 0.774012
vt 0.82739794 0.7738668
vt 0.839095 0.76622593
vt 0.8170749 0.4774052
vt 0.8086681 0.50232476
vt 0.81725997 0.5410521
vt 0.91021454 0.55972856
vt 0.8185561 0.6242401
vt 0.8250263 0.6690263
vt 0.81839794 0.7002735
vt 0.9052796 0.72423583
vt 0.82300603 0.74219584
vt 0.81918085 0.7695488
vt 0.8582833 0.42124188
vt 0.8798275 0.43137562
vt 0.8475204 0.43976605
vt 0.8972491 0.43806016
vt 0.8556521 0.46077323
vt 0.8880127 0.45516276
vt 0.8332723 0.47987258
vt 0.87713337 0.48165333
vt 0.8581575 0.48291588
vt 0.81771594 0.49585295
vt 0.8684596 0.50374454
vt 0.84193987 0.50794315
vt 0.8229698 0.5122783
vt 0.8783469 0.51856714
vt 0.859644 0.52672917
vt 0.83196294 0.53172016
vt 0.88756174 0.5381895
vt 0.84183407 0.54957414
vt 0.87309164 0.5518793
vt 0.8991378 0.5597475
vt 0.82112473 0.5636441
vt 0.85826844 0.5650374
vt 0.8754688 0.5861181
vt 0.8407111 0.57903343
vt 0.8284896 0.600055
vt 0.85579693 0.6056934
vt 0.8919266 0.6006373
vt 0.87541115 0.61018753
vt 0.8378138 0.6197044
vt 0.8605806 0.6263509
vt 0.8866636 0.6301091
vt 0.83299583 0.6429594
vt 0.8628513 0.6505031
vt 0.8896157 0.65339917
vt 0.84472513 0.66567457
vt 0.88126445 0.6694256
vt 0.86531585 0.6766556
vt 0.8926831 0.6839945
vt 0.85477793 0.6905233
vt 0.8785096 0.696429
vt 0.8278082 0.6884646
vt 0.84048194 0.7100195
vt 0.8629962 0.71425474
vt 0.88412344 0.71593344
vt 0.8427838 0.7325957
vt 0.8881489 0.7365298
vt 0.8671543 0.74196035
vt 0.8822713 0.752692
vt 0.85294056 0.75635993
vt 0.8201029 0.75862
vt 0.8740936 0.7649755
vt 0.89643914 0.76490337
vt 0.86403245 0.7716938
vt 0.6687987 0.04436046
vt 0.6673546 0.025746167
vt 0.678526 0.024805069
vt 0.6914387 0.034440875
vt 0.72312945 0.026732564
vt 0.71010697 0.052082658
vt 0.741466 0.048644423
vt 0.69482714 0.06866419
vt 0.72533476 0.06535715
vt 0.66287756 0.06310177
vt 0.7255477 0.08192366
vt 0.74686325 0.076857924
vt 0.7001791 0.09231472
vt 0.6702044 0.08793497
vt 0.6605165 0.10177159
vt 0.7350096 0.100156486
vt 0.71637547 0.11464393
vt 0.68361825 0.116042495
vt 0.70911974 0.13081151
vt 0.7366806 0.117167115
vt 0.6610332 0.13429695
vt 0.65535545 0.12852669
vt 0.69567925 0.14422071
vt 0.67758375 0.13973868
vt 0.7296323 0.14162862
vt 0.71515477 0.15491402
vt 0.6540761 0.14509416
vt 0.6588079 0.15429437
vt 0.68493676 0.15625226
vt 0.6519776 0.15617669
vt 0.69939715 0.017451823
vt 0.7402593 0.136639
vt 0.7357064 0.15723133
vt 0.6718045 0.16474092
vt 0.72034216 0.16581261
vt 0.7470749 0.09859502
vt 0.6714735 0.013871968
vt 0.6572743 0.1688031
vt 0.7514207 0.027123928
vt 0.6932191 0.17142844
vt 0.7500301 0.12717122
vt 0.7364715 0.17161018
vt 0.71928865 0.010857642
vt 0.75550896 0.08569682
vt 0.7503821 0.11166537
vt 0.71849126 0.17553926
vt 0.7420284 0.014123678
vt 0.7450105 0.15871513
vt 0.67146194 0.17312348
vt 0.7625244 0.023328304
vt 0.75274295 0.1441462
vt 0.6887293 0.0046797395
vt 0.7627178 0.04126036
vt 0.76128983 0.068980396
vt 0.6593686 0.18096507
vt 0.6517608 0.17551297
vt 0.7605566 0.1007002
vt 0.67030823 0.00034844875
vt 0.7500175 0.16868961
vt 0.6951791 0.17897171
vt 0.7426589 0.17778325
vt 0.73343134 0.18524706
vt 0.75674534 0.009547532
vt 0.67146194 0.17312348
vt 0.6951791 0.17897171
vt 0.68422353 0.18747663
vt 0.6593686 0.18096507
vt 0.6517608 0.17551297
vt 0.65062577 0.18751997
vt 0.70595837 0.18867254
vt 0.71849126 0.17553926
vt 0.73343134 0.18524706
vt 0.7204576 0.18515444
vt 0.7449445 0.18822014
vt 0.7426589 0.17778325
vt 0.72468525 0.19851643
vt 0.6646496 0.19398344
vt 0.70172554 0.1966024
vt 0.7384812 0.20312238
vt 0.65062284 0.20477295
vt 0.68067044 0.20424074
vt 0.75001454 0.2069264
vt 0.65992063 0.20894313
vt 0.71681494 0.21030837
vt 0.70098037 0.21586174
vt 0.733502 0.21806854
vt 0.66948324 0.23084056
vt 0.65052265 0.2308721
vt 0.7464547 0.2300632
vt 0.7212484 0.23345613
vt 0.7005717 0.23489618
vt 0.73576033 0.23535305
vt 0.72652566 0.25385982
vt 0.74391615 0.2555979
vt 0.6645834 0.24980974
vt 0.7048682 0.25237262
vt 0.6526017 0.26058006
vt 0.6799444 0.26328963
vt 0.69893813 0.2739712
vt 0.73641974 0.27370477
vt 0.7207206 0.27774465
vt 0.6651573 0.2877767
vt 0.6511705 0.27521616
vt 0.75097173 0.2759915
vt 0.6516595 0.29788244
vt 0.69730574 0.30039895
vt 0.7249236 0.29977632
vt 0.6653383 0.3116523
vt 0.73863035 0.30150568
vt 0.7535233 0.30671716
vt 0.73179775 0.31581163
vt 0.71344876 0.32021976
vt 0.7448985 0.3237694
vt 0.652255 0.32241762
vt 0.6924828 0.33063424
vt 0.7567417 0.32594585
vt 0.67171115 0.33350527
vt 0.7325629 0.33701885
vt 0.65309334 0.34115613
vt 0.7118944 0.34668547
vt 0.7485011 0.35492188
vt 0.65994614 0.3521036
vt 0.68471676 0.35593653
vt 0.73057204 0.35698545
vt 0.65341944 0.3672831
vt 0.7114358 0.3674996
vt 0.66428846 0.369128
vt 0.74420595 0.37515283
vt 0.67982435 0.37724864
vt 0.7064205 0.38542283
vt 0.7627178 0.37426937
vt 0.75080717 0.3872866
vt 0.6634474 0.38978565
vt 0.732121 0.3867625
vt 0.6531225 0.3901204
vt 0.68113005 0.39508438
vt 0.7242741 0.40550804
vt 0.7005697 0.40193492
vt 0.73975426 0.40921295
vt 0.6711672 0.41872418
vt 0.65754634 0.40821338
vt 0.753274 0.40717876
vt 0.6952399 0.4152285
vt 0.6570011 0.42321867
vt 0.7407027 0.4236889
vt 0.721745 0.42309284
vt 0.7620243 0.41384614
vt 0.7539361 0.42858058
vt 0.69715136 0.42726398
vt 0.668323 0.43296373
vt 0.7392678 0.4315505
vt 0.655587 0.43200165
vt 0.71826416 0.43436408
vt 0.6926279 0.43698454
vt 0.65747374 0.4423846
vt 0.6722508 0.44129777
vt 0.727788 0.44456834
vt 0.7469681 0.4400289
vt 0.6970473 0.44564462
vt 0.7580083 0.43802834
vt 0.7573692 0.64626735
vt 0.76074094 0.6366
vt 0.76947564 0.6462123
vt 0.77557546 0.6399182
vt 0.76081115 0.5759739
vt 0.7858678 0.566301
vt 0.77335304 0.5873225
vt 0.76690966 0.6239074
vt 0.760871 0.5972267
vt 0.7672639 0.604775
vt 0.7618283 0.47110897
vt 0.7794846 0.44039118
vt 0.7756431 0.47513908
vt 0.7895962 0.60672164
vt 0.79261607 0.6303692
vt 0.79054767 0.6456583
vt 0.79622585 0.46157736
vt 0.78233045 0.51412266
vt 0.7966108 0.49122417
vt 0.79532427 0.59202534
vt 0.7606329 0.6185061
vt 0.7622624 0.49493915
vt 0.7620953 0.5154564
vt 0.7642852 0.5445918
vt 0.7637846 0.44770193
vt 0.7938138 0.54174113
vt 0.8017754 0.51503253
vt 0.7691593 0.4298128
vt 0.8023754 0.63702065
vt 0.8024048 0.6127267
vt 0.80193484 0.58411664
vt 0.8013034 0.5425982
vt 0.8029331 0.48718536
vt 0.8031359 0.4680537
vt 0.8025753 0.44568658
vt 0.8031359 0.64634144
vt 0.80270016 0.56551516
vt 0.80182844 0.4313271
vt 0.7826503 0.4296224
vt 0.75365853 0.46975017
vt 0.80085593 0.42561686
vt 0.7853075 0.41982728
vt 0.770418 0.414522
vt 0.8017539 0.41239297
vt 0.78162456 0.38963616
vt 0.80159277 0.39305365
vt 0.76827365 0.38513076
vt 0.7960822 0.3816198
vt 0.8011294 0.37181592
vt 0.78870666 0.36437726
vt 0.7681507 0.36279726
vt 0.78870666 0.36437726
vt 0.79996145 0.35901874
vt 0.8011294 0.37181592
vt 0.7681507 0.36279726
vt 0.783427 0.35585773
vt 0.766995 0.35477513
vt 0.7964765 0.35301924
vt 0.80091566 0.35280418
vt 0.7757427 0.35116744
vt 0.7940608 0.3422457
vt 0.7877651 0.24490601
vt 0.7991049 0.26191878
vt 0.7904081 0.26882994
vt 0.7944102 0.14541966
vt 0.7879527 0.15678489
vt 0.7774083 0.14656723
vt 0.7956511 0.15215617
vt 0.79592466 0.16771555
vt 0.7856663 0.17409539
vt 0.7963913 0.18191707
vt 0.7895611 0.19210255
vt 0.7974623 0.19357228
vt 0.78500366 0.21195364
vt 0.79765207 0.21803254
vt 0.7895735 0.22622186
vt 0.79987735 0.23347229
vt 0.7992975 0.2910691
vt 0.79102147 0.29654032
vt 0.8001377 0.31526047
vt 0.7940012 0.32528442
vt 0.8004025 0.339445
vt 0.7661792 0.30010712
vt 0.7587006 0.30645
vt 0.75794095 0.28667867
vt 0.7559839 0.15573686
vt 0.7606118 0.17142195
vt 0.7541585 0.17468762
vt 0.76875824 0.1842233
vt 0.7588428 0.19968188
vt 0.75755996 0.26621354
vt 0.7694265 0.27950668
vt 0.76015955 0.31973064
vt 0.7769466 0.32583416
vt 0.76030505 0.33273697
vt 0.7561314 0.21527064
vt 0.76767886 0.23001516
vt 0.75764126 0.22676635
vt 0.75733334 0.24729693
vt 0.77219015 0.25647783
vt 0.76417226 0.34722984
vt 0.7687261 0.15779245
vt 0.75384974 0.14529616
vt 0.76955014 0.19943005
vn -0.526439 0.0014299274 0.8502117
vn -0.7434073 -0.0050158207 0.6688202
vn -0.998265 -0.0040171137 0.058743626
vn -0.9401856 0.09443751 0.32731116
vn -0.9999835 0.005274955 0.0022806858
vn -0.9943143 -0.096287206 0.045473147
vn -0.99970704 0.024203723 0.000014836951
vn -0.8738211 0.48566055 0.02388516
vn -0.9998649 -0.01584804 -0.004373325
vn -0.99991024 0.0003399879 0.013393015
vn -0.98684984 -0.009161416 -0.16137968
vn -0.99857396 0.05313465 -0.0051741763
vn -0.9950232 0.026008265 -0.096189514
vn -0.9454556 -0.3256983 -0.005858254
vn -0.9800224 -0.1082817 -0.16682678
vn -0.8165357 -0.002323032 -0.5772903
vn -0.5466066 0.1417705 -0.82530135
vn -0.9998572 -0.011537503 -0.012348981
vn -0.8450813 -0.5346328 -0.0023005016
vn -0.9997401 0.018994126 -0.012604818
vn -0.9916564 -0.12851019 0.01013238
vn -0.99997264 0.003553562 -0.006489045
vn -0.99999195 -0.001548341 -0.0037029807
vn -0.97543293 -0.2202953 -0.0007765413
vn -0.9989393 0.0445384 -0.011690645
vn -0.88750786 0.460509 -0.016163604
vn -0.99993503 0.011088278 -0.0026428716
vn -0.8173286 0.57613164 -0.0068061976
vn -0.9980837 -0.061846875 -0.0019746446
vn -0.999968 0.007964336 -0.0007683566
vn -0.994879 0.09888784 0.020903913
vn -0.9994063 -0.034038026 0.0053394362
vn -0.7433676 -0.6687778 0.011866468
vn -0.9974089 0.07178343 -0.0047495835
vn -0.9999883 0.004523197 -0.0017027733
vn -0.9992588 0.03840812 -0.0025663844
vn -0.9999647 -0.008103004 -0.0022159654
vn -0.73655397 0.6762522 -0.01308624
vn -0.9999705 0.007675263 -0.0003924723
vn -0.98248756 -0.18446314 -0.026297284
vn -0.769348 0.63881093 0.004915061
vn -0.8173016 -0.5762101 0.000200573
vn -0.99995714 0.009252396 -0.00022071195
vn -0.9895992 -0.1435042 0.009993396
vn -0.9999746 0.007032433 -0.0011718349
vn -0.9852932 0.17083997 0.0033163712
vn -0.99781615 0.06584516 0.0052318014
vn -0.9844718 -0.17553948 -0.0010791713
vn -0.99999374 0.00063173095 0.0034776956
vn -0.99999225 0.0039232634 -0.00034188086
vn -0.9999983 0.0009774739 0.0015686188
vn -0.979707 0.20019804 -0.009741003
vn -0.9999819 0.005310889 0.0028247053
vn -0.995268 0.09693543 0.006715959
vn -0.9628013 -0.27014884 0.0057737143
vn -0.9999888 0.001153832 0.0045907097
vn -0.4889896 0.87228745 0.0019348734
vn -0.99996066 0.007693385 0.004409692
vn -0.9997654 -0.02164018 0.00092769257
vn -0.64712495 0.7619899 0.024509633
vn -0.9941111 0.10808553 0.0077817175
vn -0.8438875 -0.536372 -0.0126053225
vn -0.99969566 -0.024559647 -0.0023376697
vn -0.99987584 0.011682332 0.0105758095
vn -0.9999574 0.0035193537 0.008534335
vn -0.97393626 0.22642039 0.013490631
vn -0.99985915 0.008956378 0.01419205
vn -0.2236434 -0.9020195 -0.3692485
vn -0.9399226 0.3363713 -0.05830886
vn -0.5860793 -0.15917492 0.7944648
vn -0.57340026 -0.8040563 0.1571803
vn -0.5698993 0.7783206 0.26349905
vn -0.479841 0.8772889 0.010810533
vn -0.6340989 -0.7731238 -0.014080485
vn -0.9315562 -0.36353368 0.006802948
vn -0.6467531 0.76269275 -0.0032053455
vn -0.42732906 0.7551206 -0.49717483
vn -0.36920428 0.018953413 -0.929155
vn -0.34848788 -0.93730724 0.003369859
vn -0.64367145 -0.7652971 -0.0027283253
vn -0.40155518 -0.91582066 -0.005090862
vn -0.31589383 -0.94879454 -0.00017548309
vn -0.55042505 0.83449984 0.02534355
vn -0.36908934 0.92933863 0.010137595
vn -0.15547685 -0.0015717593 -0.98783827
vn -0.23520994 -0.9719029 -0.008998446
vn -0.26188728 0.9632525 -0.059663173
vn -0.44051704 -0.8973688 0.025960928
vn -0.88750786 0.460509 -0.016163604
vn -0.8738211 0.48566055 0.02388516
vn -0.2941808 0.9555257 0.02069472
vn -0.769348 0.63881093 0.004915061
vn -0.21869914 0.97578543 0.0036709693
vn -0.9852932 0.17083997 0.0033163712
vn -0.6467531 0.76269275 -0.0032053455
vn -0.479841 0.8772889 0.010810533
vn -0.19700846 0.9802435 -0.017615344
vn -0.73655397 0.6762522 -0.01308624
vn -0.09599805 0.9953222 -0.010865167
vn -0.20760432 0.9779907 -0.02084895
vn -0.8173286 0.57613164 -0.0068061976
vn -0.08359961 0.9964968 0.0022962296
vn -0.4889896 0.87228745 0.0019348734
vn -0.13106461 0.9913454 0.007505132
vn -0.64712495 0.7619899 0.024509633
vn -0.13297087 0.9899122 0.04891388
vn -0.11775332 0.99293804 -0.014428218
vn -0.21791252 0.9756017 0.02674853
vn -0.5698993 0.7783206 0.26349905
vn -0.36908934 0.92933863 0.010137595
vn -0.050671395 0.9986415 -0.012148915
vn -0.26188728 0.9632525 -0.059663173
vn -0.10165032 0.99479824 0.0066111423
vn -0.55042505 0.83449984 0.02534355
vn -0.083325416 0.9965105 -0.0048685567
vn -0.04541321 0.9989626 -0.0033743533
vn -0.025107056 0.9741151 -0.22465417
vn -0.42732906 0.7551206 -0.49717483
vn -0.03906651 0.99922395 0.0050333203
vn -0.09564912 0.8577719 0.5050531
vn -0.002859636 0.38212532 -0.92410606
vn -0.0457643 0.998952 0.0007920223
vn -0.034142822 0.9994169 0.00044037664
vn -0.007069404 0.98808455 0.15374954
vn -0.022688638 0.9996888 -0.01036656
vn -0.0097884815 0.99993175 0.006380882
vn -0.008990894 0.999928 -0.007946877
vn -0.01007112 0.9999459 0.0026083305
vn -0.044400826 0.9990069 0.0036978032
vn -0.061654124 0.99808854 -0.0042472384
vn 0.0066470443 0.9997658 0.020595713
vn 0.009526349 0.40496027 0.91428465
vn -0.0014108592 0.9994175 -0.034098238
vn 0.023126524 0.9509719 -0.30841145
vn 0.0016588161 0.99995416 -0.00942946
vn -0.020237844 0.99977964 -0.0055714515
vn 0.010881714 0.61860484 0.7856269
vn -0.016209073 0.9998459 0.0067385575
vn 0.012671637 0.33238336 -0.94305927
vn 0.020450331 0.9943578 0.10408813
vn -0.15367664 0.98723274 -0.041892212
vn 0.007500537 0.9999064 0.011440355
vn 0.00742591 0.9999239 -0.009855128
vn 0.01158901 0.9999173 -0.0055677565
vn -0.87247103 0.48865515 -0.0032278528
vn 0.008255966 0.9998181 -0.017195368
vn -0.76189625 0.64758736 -0.01203046
vn -0.5813027 0.8097776 0.07967059
vn -0.9838843 0.17836861 0.012505981
vn -0.585075 0.81051314 -0.027489638
vn -0.68762887 0.72590655 0.015039098
vn -0.830011 0.2707974 0.4875967
vn 0.009607361 0.99963987 0.025057698
vn 0.012900291 0.99988294 -0.008225409
vn -0.12356131 0.9232324 -0.3638332
vn -0.31283557 0.7222307 0.6168604
vn 0.009810385 0.99995035 -0.0017360565
vn -0.5722337 0.649502 -0.5006953
vn 0.010104936 0.9229859 0.3847011
vn 0.010900228 0.98232424 -0.18686981
vn 0.009205446 0.99992824 -0.007666995
vn 0.0013972544 0.9999105 -0.013306593
vn -0.05458484 0.71615136 0.6958073
vn -0.010569109 0.994358 0.10554858
vn 0.010721371 0.9999071 -0.008418726
vn -0.036739018 0.5979426 -0.80069655
vn 0.008454671 0.9999595 -0.003078324
vn -0.010281979 0.79295576 -0.60919243
vn 0.012914013 0.99562037 -0.092591956
vn 0.03282016 0.685751 0.72709584
vn 0.0035385888 0.9999936 0.00042696568
vn 0.005941315 0.99993193 -0.010042311
vn 0.0035328323 0.9947185 0.10258018
vn 0.006330319 0.99995154 -0.007539996
vn -0.0051619844 0.5297693 -0.84812605
vn -0.0005047278 0.9999876 -0.004959
vn 0.006731695 0.9977359 0.06691555
vn -0.013872899 0.99736226 -0.07124638
vn 0.0030415468 0.99996483 -0.0078118374
vn 0.009056883 0.124735095 0.99214876
vn 0.0031350134 0.9999514 -0.009346573
vn -0.006690897 0.9998971 0.012687688
vn -0.004303777 0.46882445 0.8832809
vn -0.038748223 0.9912117 -0.12648287
vn 0.0012077242 0.99993694 -0.01116537
vn 0.00088444765 0.99918675 -0.040311858
vn 0.025049875 0.6396587 0.76825076
vn -0.0025070691 0.99994004 0.0106592085
vn -0.0081645725 0.9240794 -0.38211337
vn -0.0047560944 0.20585857 -0.9785702
vn 0.0036399716 0.9984421 -0.055678494
vn 0.00023880851 0.99995464 -0.009523661
vn -0.012207362 0.89447516 0.44695097
vn -0.0023296752 0.99782085 0.065940045
vn 0.00045429915 0.9999952 0.0030738271
vn -0.014008797 0.85585105 0.5170327
vn 0.0050275605 0.9918413 -0.12737939
vn -0.003761715 0.6800959 -0.73311347
vn 0.0003769734 0.99994713 -0.010274112
vn 0.0062582507 0.9076165 -0.41975364
vn 0.00010502627 0.99999475 0.0032417763
vn 0.006752276 0.99948436 -0.03139152
vn -0.00011049667 0.99993867 -0.011073316
vn 0.0053863935 0.74577886 0.66617185
vn 0.00038124833 0.99995184 -0.009809182
vn 0.009734729 0.98987883 -0.14158078
vn 0.0033564898 0.9874696 0.15777355
vn -0.0054573673 0.6272561 -0.77879393
vn 0.00021977609 0.9997802 0.02096677
vn -0.0009312757 0.99967796 -0.025360323
vn -0.0007242207 0.6125847 0.7904046
vn 0.0072285854 0.60336286 -0.79743403
vn 0.00047617604 0.99995935 -0.009004109
vn 0.00066819513 0.9999414 -0.01080434
vn -0.004924663 0.87418765 -0.4855633
vn 0.010519254 0.897226 0.44144633
vn -0.00018890934 0.99996704 -0.008118203
vn 0.00067002 0.99702054 -0.07713321
vn -0.00062980974 0.9999955 0.0029319196
vn -0.00018070405 0.99999964 -0.0008170267
vn -0.0014847635 0.77505684 0.63188976
vn -0.0006818923 0.99725634 0.07402241
vn 0.00017051866 0.99989855 -0.014244018
vn -0.006278255 0.99349195 -0.11372931
vn -0.0019881257 0.999998 0.00035932637
vn 0.00030787796 0.562195 -0.8270047
vn -0.0009936116 0.7632167 0.6461419
vn -0.00011998094 0.9999377 -0.011161979
vn 0.0011709507 0.86425877 -0.5030461
vn -0.011889568 0.99067855 0.13570046
vn -0.0008562704 0.9994752 -0.032383375
vn -0.0011506862 0.9999469 -0.010239151
vn -0.002189077 0.9999701 -0.0074232193
vn -0.0083149215 0.9940243 -0.108842045
vn -0.0016089573 0.7123219 0.70185107
vn -0.00094443274 0.9999425 -0.010685848
vn -0.0016242302 0.9998382 0.017916044
vn 0.00042310322 0.9999806 -0.006213105
vn -0.006193532 0.49975538 -0.8661444
vn -0.004041198 0.8282069 -0.5604079
vn -0.002759055 0.9999685 -0.007440582
vn -0.0020304262 0.9999553 -0.009233439
vn -0.002715046 0.999995 0.0016143064
vn -0.0054934956 0.8990606 0.4377897
vn 0.000047681668 0.9995505 -0.029979687
vn 0.00028915802 0.9273393 -0.37422144
vn -0.031741682 0.37309256 0.927251
vn -0.002139132 0.9999716 -0.0072224336
vn -0.0027780388 0.9966885 0.081267186
vn 0.0003022274 0.9999229 0.012416323
vn -0.0033297231 0.9940592 -0.10878975
vn -0.0033474318 0.999958 -0.008531286
vn 0.008230157 0.99990493 -0.011063719
vn -0.0089354785 0.73481923 -0.6782042
vn 0.00030426783 0.9699729 0.2432127
vn -0.003396427 0.99997383 -0.006388685
vn -0.0051882467 0.9100439 0.41447946
vn -0.012288076 0.54655534 0.83733284
vn -0.000867684 0.9978575 0.06541875
vn -0.0033421759 0.9999671 -0.007394004
vn -0.0038599148 0.99989 -0.014320671
vn -0.0061243223 0.90822166 -0.4184447
vn 0.0006912915 0.99999774 0.0020088388
vn -0.0034690355 0.99428266 -0.10672369
vn 0.002825958 0.9159213 0.40134805
vn -0.0040384107 0.8318646 -0.55496395
vn -0.0030369875 0.9999932 -0.002103522
vn -0.004581676 0.99995404 -0.008420181
vn -0.0048296703 0.99871063 -0.050534762
vn 0.021591963 0.8801318 0.47423813
vn -0.0023019074 0.94348896 -0.331396
vn -0.0017992436 0.99868625 -0.05121064
vn -0.0049419156 0.999987 0.0012715346
vn -0.0056863544 0.99994326 -0.009005416
vn 0.018600807 0.36308023 -0.9315722
vn -0.0041656843 0.99996626 -0.0070819836
vn -0.009492556 0.89137554 0.45316616
vn 0.0015890332 0.9931721 0.11664773
vn -0.0052259867 0.99998504 -0.001620993
vn -0.0051075444 0.99937075 0.035099678
vn 0.18249379 0.32898095 -0.92653525
vn 0.12939867 0.6499196 0.7489062
vn -0.006650327 0.9999687 -0.0042843376
vn -0.0068543353 0.9999567 -0.00628647
vn -0.00806219 0.9999367 -0.007851512
vn -0.0076839617 0.9999215 -0.009897825
vn -0.00246372 0.94108534 0.3381602
vn 0.27166632 0.75468713 -0.5971974
vn -0.009004747 0.9999249 -0.008316745
vn 0.0031610688 0.9998079 -0.019342575
vn -0.002364897 0.99381477 -0.11102548
vn 0.012038829 0.9998659 0.011104064
vn 0.4510907 0.60653 0.6547049
vn -0.012820482 0.99672323 0.079864755
vn -0.0056346804 0.99996823 -0.0056390157
vn -0.0030181047 0.34665346 0.9379884
vn 0.529499 0.6013481 -0.5983404
vn -0.005633844 0.9999492 0.008352649
vn -0.0037331134 0.90294003 -0.4297503
vn -0.0017257555 0.9999983 0.00070054206
vn 0.7784243 0.4218212 0.4648897
vn 0.81791794 0.4785927 -0.31931064
vn -0.00046310946 0.99767834 -0.068100385
vn -0.0011173078 0.9999799 -0.006234441
vn 0.830963 0.54499364 -0.11172491
vn 0.21753226 0.9757994 0.022255646
vn 0.006676719 0.99997765 0.00031066852
vn -0.00027818794 0.999999 -0.0013981649
vn 0.71457446 0.6995437 -0.0046775835
vn 0.835624 0.5493014 0.0007348413
vn 0.47425267 0.8798582 0.030560646
vn 0.017013706 0.99979043 0.011385534
vn 0.8057475 0.59219784 0.008526861
vn 0.035487156 0.9993244 -0.009564604
vn 0.642292 0.76537156 -0.040833443
vn -0.0052681523 0.99998575 0.0008536955
vn 0.7221111 0.6894857 -0.05625819
vn 0.0037807007 0.9994039 0.03431559
vn -0.00580403 0.99998194 -0.0015760596
vn 0.014811355 0.99988806 -0.0021040472
vn 0.006695481 0.9882558 0.15266176
vn 0.0089249825 0.99995965 -0.0010164693
vn -0.017076243 0.8142896 -0.5802076
vn -0.004642834 0.9999779 -0.004760525
vn 0.002322847 0.99997985 -0.005907174
vn 0.00017128634 0.9999987 -0.0016229494
vn -0.012746027 0.55317324 0.8329687
vn 0.009205927 0.999951 0.0036341816
vn 0.025853172 0.9996644 -0.001637673
vn 0.022857875 0.99972636 -0.004971676
vn 0.032135613 0.99947935 0.002894154
vn 0.03557179 0.99934417 0.006770659
vn 0.0018715548 0.9923579 -0.123378456
vn 0.044534653 0.9990046 -0.0025521861
vn 0.07485422 0.9971823 -0.004928161
vn 0.023064468 0.9997264 -0.0038849504
vn 0.053939935 0.9983906 0.017511362
vn 0.030408895 0.99953693 -0.001123661
vn 0.08078723 0.9967291 -0.0021357222
vn 0.06381072 0.99796164 -0.000897785
vn 0.0028919496 0.8514414 0.5244418
vn 0.05283674 0.99858916 -0.005284773
vn 0.11816697 0.992989 -0.0030685128
vn 0.056736592 0.9983853 -0.0027850384
vn 0.12912478 0.99161065 0.0059258747
vn 0.11769309 0.99303293 -0.0058221165
vn 0.12391703 0.9922594 0.00811421
vn 0.25287858 0.9674955 0.0022005753
vn 0.14937872 0.9861124 0.07258288
vn 0.09405353 0.87307686 -0.47842523
vn 0.14852242 0.9889078 -0.0015594244
vn 0.22772384 0.9737183 0.0038107785
vn 0.25895357 0.9658861 0.0026666601
vn 0.26274943 0.96486336 0.0011797863
vn 0.1919448 0.981391 -0.00537431
vn 0.23866908 0.9711001 -0.0012922103
vn 0.17732929 0.77776283 0.6030251
vn 0.26515502 0.9641934 0.0048928773
vn 0.31790972 0.94585806 -0.065466695
vn 0.3631603 0.9317264 0.0007042692
vn 0.37551782 0.92670417 -0.014342845
vn 0.82608736 0.5635326 0.003267337
vn 0.5686686 0.82255805 0.003772909
vn 0.8020773 0.5972008 -0.0048190965
vn 0.49789155 0.86711466 -0.014704332
vn 0.7887992 0.6146462 -0.0024188927
vn 0.5419463 0.84018826 0.019441463
vn 0.42542952 0.9048957 -0.013170445
vn 0.8543578 0.5196733 0.0035356884
vn 0.81851906 0.5744459 0.006206328
vn 0.9148299 0.40379968 0.005660993
vn 0.9052048 0.4246387 -0.016921075
vn 0.9227993 0.38510716 0.011571847
vn 0.7267753 0.68687415 -0.0012380264
vn 0.92256665 0.3664032 0.120911084
vn 0.7088341 0.70523113 -0.014256186
vn 0.5906565 0.34479132 -0.7295504
vn 0.9547516 0.29740196 -0.0011982258
vn 0.9509252 0.30941746 0.0014658197
vn -0.9315562 -0.36353368 0.006802948
vn -0.1857895 -0.9825764 0.0050987015
vn -0.7433676 -0.6687778 0.011866468
vn -0.9454556 -0.3256983 -0.005858254
vn -0.2236434 -0.9020195 -0.3692485
vn -0.10484698 -0.9942692 -0.020877011
vn -0.23520994 -0.9719029 -0.008998446
vn -0.8438875 -0.536372 -0.0126053225
vn -0.34848788 -0.93730724 0.003369859
vn -0.6340989 -0.7731238 -0.014080485
vn -0.06934727 -0.99758595 -0.003641549
vn -0.57340026 -0.8040563 0.1571803
vn -0.8450813 -0.5346328 -0.0023005016
vn -0.12454403 -0.9916987 0.03197637
vn -0.06570577 -0.99782926 0.0044180164
vn -0.043273527 -0.99905765 0.0033406005
vn -0.8173016 -0.5762101 0.000200573
vn -0.44051704 -0.8973688 0.025960928
vn -0.40155518 -0.91582066 -0.005090862
vn -0.030216407 -0.99954325 -0.0005031063
vn -0.64367145 -0.7652971 -0.0027283253
vn -0.11926595 -0.9928573 -0.003164345
vn -0.059414282 -0.9982239 -0.004357494
vn -0.057424843 -0.9983498 0.00036944426
vn -0.07325424 -0.5709827 0.81768733
vn -0.5860793 -0.15917492 0.7944648
vn -0.31589383 -0.94879454 -0.00017548309
vn -0.0146212755 -0.9998905 0.0022855925
vn -0.006905226 -0.999976 0.000605758
vn -0.023276536 -0.9997285 -0.0010713388
vn 0.004237706 -0.9999907 0.00079601567
vn -0.0020931934 -0.85015947 0.52652115
vn 0.0025634905 -0.99999624 -0.0009811986
vn 0.0043560057 -0.9999894 0.0014844972
vn 0.0032343022 -0.8306732 -0.5567509
vn -0.0065354933 -0.9995429 0.029518368
vn 0.0018652944 -0.9999967 -0.0017698854
vn 0.0028967112 -0.99999434 0.0017131153
vn -0.015055352 -0.9993371 -0.033146683
vn 0.00075295137 -0.99999404 -0.0033608046
vn 0.0034259614 -0.99999356 -0.0010882384
vn 0.0007561076 -0.9999829 -0.0058033234
vn 0.0043573882 -0.99999046 0.00034312814
vn 0.00493019 -0.9999876 0.0007371072
vn 0.007457256 -0.9917164 0.1282305
vn 0.0048470725 -0.99998826 0.00014622936
vn 0.0065824618 -0.99997604 0.0021306959
vn 0.0043694084 -0.52677846 0.8499914
vn 0.0037641218 -0.999975 0.0059771026
vn 0.000040185354 -0.94620556 -0.3235662
vn 0.004941454 -0.9999876 0.0006475583
vn 0.006292247 -0.9999759 0.002924831
vn 0.0013742681 -0.99999154 -0.0038704185
vn 0.003647046 -0.99999183 -0.001751619
vn 0.0028859081 -0.9999958 -0.00009516588
vn 0.0030710862 -0.9999885 -0.0036781451
vn 0.004583641 -0.99994844 0.009059602
vn 0.0058772247 -0.99997574 0.0037370473
vn 0.0013243722 -0.9944476 0.10522444
vn 0.0017257237 -0.9999985 0.000012239648
vn 0.0027992728 -0.99999607 0.00020998533
vn 0.002526906 -0.999987 0.0044273636
vn 0.0037409433 -0.9999908 0.0021023648
vn 0.0029874463 -0.9999951 -0.0009009923
vn 0.0014592238 -0.99999845 0.0009672515
vn 0.0016179427 -0.9999978 0.0013281533
vn 0.0013905384 -0.97132945 0.23773347
vn 0.001362624 -0.9999938 0.0032444117
vn 0.0033566442 -0.99997246 -0.006616056
vn 0.00026925662 -0.99999976 0.0006593536
vn 0.002841026 -0.99998695 -0.0042500906
vn 0.0027335784 -0.9999832 -0.0051075937
vn -0.0814679 -0.54938424 -0.8315888
vn 0.004483917 -0.95037377 -0.3110781
vn 0.0012621213 -0.9999992 0.00005880013
vn 0.00031907423 -0.9999999 -0.00038665955
vn 0.0006545161 -0.99999976 0.00012699632
vn 0.0012599834 -0.9999968 -0.0022133735
vn 0.0012138035 -0.9999861 0.0051319315
vn -0.000032775468 -1 0.0002259636
vn 0.0000460203 -0.99999845 0.0017479182
vn 0.0013383804 -0.9999444 0.0104580335
vn -0.00003317388 -0.99999976 0.0007095592
vn 0.0051560234 -0.99830437 -0.057981353
vn 0.008870383 -0.71128595 -0.70284677
vn -0.0012679645 -0.8542051 0.5199347
vn -0.00063456653 -0.99999976 0.0001849034
vn -0.00013774393 -0.99999416 0.003419968
vn 0.0004445319 -0.9999999 -0.0001213099
vn -0.00095564965 -0.9999991 0.0009640559
vn -0.00093287055 -0.9999996 -0.000065660315
vn -0.0056184246 -0.8560004 -0.5169446
vn 0.0017008822 -0.999491 -0.03185788
vn 0.002680467 -0.9999888 -0.0038952644
vn -0.00029129587 -0.99999887 0.001484276
vn -0.0012941955 -0.99999917 -0.00009187806
vn -0.0007908352 -0.99999315 0.003610037
vn -0.0007185214 -0.9999995 0.00064152124
vn 0.0006304323 -0.99999905 -0.0012091666
vn 0.0000738566 -0.9999984 0.0017867513
vn -0.0022047989 -0.99999744 0.0005125058
vn -0.0004300815 -0.9999994 0.0010069582
vn -0.0007702073 -0.9999997 -0.00019363887
vn 0.0019385027 -0.9999918 -0.0035583072
vn -0.0014781313 -0.9999972 0.0018428809
vn 0.004036577 -0.9480358 -0.31813812
vn -0.0023968013 -0.99985254 -0.017003875
vn -0.00056180556 -0.9999979 0.0019712197
vn -0.0016316563 -0.99999857 -0.00046215116
vn -0.008971909 -0.9635712 0.26730153
vn 0.0012171994 -0.99998087 -0.0060637966
vn -0.0010610473 -0.999999 -0.0009467677
vn -0.00028054471 -0.99999964 0.00076578674
vn -0.000089735295 -0.9999981 0.0019410915
vn -0.0007236596 -0.9999997 -0.00024983022
vn 0.0025606626 -0.9576376 -0.28796467
vn -0.0010894533 -0.99999875 0.0011583043
vn -0.0005187617 -0.9999999 0.0001666019
vn -0.000694923 -0.9999973 0.002212464
vn 0.00029411676 -0.9999911 0.0042045442
vn 0.0033750816 -0.9993118 -0.03694015
vn -0.00038901003 -0.9999982 0.001859815
vn 0.00009221295 -0.99999964 0.00081795105
vn 0.0027289037 -0.9990717 0.04299181
vn -0.00061607943 -0.99997926 -0.0064088064
vn -0.00041333522 -0.99999964 -0.00074048765
vn -0.000018957575 -0.99997956 -0.006394077
vn -0.0001017894 -0.9999998 0.0006062715
vn -0.012556971 -0.7139675 0.70006627
vn 0.00046250157 -0.999997 0.0024067739
vn 0.0005264035 -0.99999964 -0.0006953499
vn -0.0006317648 -0.9999978 0.0020022618
vn -0.000036722293 -0.99999994 -0.00041695574
vn 0.0019442891 -0.99999356 0.0030152982
vn -0.000044732107 -0.99999994 0.0004025733
vn 0.0015779065 -0.81870145 -0.57421726
vn -0.00061948027 -0.99999785 0.001970006
vn -0.005582273 -0.9991738 -0.0402559
vn 0.0004795068 -0.9999999 0.00017120762
vn -0.00015619925 -0.99999774 0.002126214
vn 0.0003045046 -0.9999941 -0.0034214342
vn -0.00017870433 -0.9999987 -0.0016063385
vn 0.00024394166 -0.99999917 0.0012697495
vn 0.00052553305 -0.9999975 0.002169662
vn 0.017566632 -0.9978911 0.06248787
vn 0.0004671011 -0.9999999 -0.00008890803
vn 0.0006956366 -0.9999993 -0.00095872534
vn -0.0006848938 -0.9363527 -0.35105988
vn 0.0031815518 -0.99991786 0.0124135185
vn 0.00042445463 -0.9999976 0.0021458876
vn -0.0001546969 -0.9999998 -0.0005915846
vn -0.000029133955 -0.9999993 0.0011867537
vn 0.0001368303 -0.9999996 0.000925726
vn 0.003288752 -0.90071476 0.43439862
vn 0.0010677406 -0.9999993 -0.00048231776
vn -0.0010137742 -0.9999927 -0.0036745234
vn 0.0012546835 -0.999998 -0.0015738213
vn 0.0011272992 -0.99999887 0.0010186674
vn 0.0011509252 -0.9999991 -0.0006905918
vn 0.00093183597 -0.9999963 0.0025555058
vn 0.00060699874 -0.9999994 0.00090069947
vn -0.0051754997 -0.9921467 0.12497301
vn 0.0014829271 -0.9999962 0.0023423263
vn 0.0010230506 -0.99999815 0.0016136363
vn 0.0012255622 -0.9999991 0.00054463476
vn -0.0043445923 -0.5569096 -0.83056176
vn 0.0017391137 -0.98481977 -0.17357144
vn -0.0007828835 -0.99999964 -0.00038030336
vn 0.0007271332 -0.999998 -0.001867375
vn 0.0015843507 -0.99999875 0.00008771492
vn 0.00119986 -0.9999992 0.00025187762
vn 0.0012323679 -0.9999992 0.00029272208
vn 0.002519448 -0.9999967 0.00043236295
vn -0.0013077174 -0.54492694 -0.8384825
vn 0.0023133815 -0.9999965 0.0013082785
vn 0.001985452 -0.9999928 0.0032366256
vn 0.0018159522 -0.9999971 0.0016003669
vn 0.0016181631 -0.9999987 -0.00020710402
vn 0.0017488298 -0.9999983 -0.0006125868
vn 0.0023549711 -0.9999971 0.0005625893
vn 0.0025225366 -0.9999968 0.00018320353
vn 0.0016440873 -0.99999654 0.0020652674
vn 0.0012229936 -0.99999845 0.0012513293
vn 0.0021546881 -0.9999976 0.00026822783
vn 0.0053402986 -0.8779238 -0.47877064
vn 0.0010888973 -0.9999965 0.0024225493
vn 0.0013332004 -0.999999 0.00046303755
vn 0.0019387541 -0.99999684 0.0015918408
vn 0.0004026532 -0.99981856 -0.019043766
vn -0.0044526504 -0.99896246 0.045322932
vn 0.0028396675 -0.9999892 -0.0036789153
vn 0.0016867575 -0.7136406 0.70051
vn 0.0021271575 -0.99999744 -0.00078732375
vn 0.0014693355 -0.9999982 0.0012027124
vn 0.0020428316 -0.99999785 -0.00036812152
vn -0.00010304909 -0.99999547 0.0030062385
vn 0.00091351254 -0.9999994 0.00062077993
vn 0.0011507899 -0.99999934 0.000063389336
vn 0.00064328354 -0.99999875 0.0014583417
vn -0.0031010692 -0.9018215 0.43209764
vn 0.0019321856 -0.99997693 -0.0065115066
vn 0.00049120764 -0.99999684 0.0024561763
vn 0.0011339603 -0.99999934 -0.00028578995
vn 0.0005806212 -0.9999985 0.001638171
vn -0.0017389519 -0.99998546 0.0051102303
vn 0.0045372895 -0.9960375 -0.088818334
vn 0.000030956704 -0.99999917 0.0013099367
vn -0.0017136513 -0.9997847 0.0206798
vn 0.00056232477 -0.6355943 -0.772023
vn -0.0003360028 -0.9999934 -0.003628831
vn 0.0014192916 -0.99999684 -0.0020835346
vn -0.00070124364 -0.9999995 0.00070395606
vn 0.00024797657 -0.9999991 -0.0013085544
vn -0.0006955001 -0.999994 0.0033933544
vn 0.0015277737 -0.9999982 -0.0011037962
vn -0.00040593735 -0.99999994 -0.000085353706
vn -0.0008808153 -0.9999989 -0.0011492231
vn -0.0018027185 -0.928811 0.37054944
vn -0.0009783029 -0.9999989 0.0011031933
vn 0.0011571227 -0.99657416 -0.082696095
vn -0.0016578914 -0.99996036 -0.0087451935
vn 0.00040164453 -0.9999999 0.0002449134
vn -0.0011687153 -0.99999857 0.0012400545
vn -0.009484113 -0.9045464 -0.42626977
vn -0.0011822929 -0.9999964 0.0023928238
vn -0.0015938268 -0.99998575 0.005098757
vn -0.0043609077 -0.9999867 -0.0027590375
vn -0.0021090535 -0.99999774 -0.00025972087
vn -0.00422971 -0.9999882 0.0024022977
vn -0.0044421535 -0.9999521 -0.008724587
vn -0.005213562 -0.99997425 -0.00492628
vn -0.0030391521 -0.999971 -0.006984053
vn -0.0022746597 -0.9999974 -0.0001187237
vn -0.0050117723 -0.99998736 0.00039782937
vn -0.00080778566 -0.9960351 0.08895766
vn -0.0038694204 -0.9999916 0.0013411401
vn -0.0035933005 -0.9999935 -0.00033513058
vn -0.0052974382 -0.9999736 0.0049751704
vn 0.0010621137 -0.49545997 0.8686301
vn -0.0050366744 -0.9999865 0.0012735833
vn -0.002472896 -0.9999965 -0.0009411505
vn -0.004152401 -0.99999124 0.00055370707
vn -0.0033059428 -0.99999404 -0.0009920521
vn -0.008163964 -0.9894522 -0.14462942
vn 0.0020322183 -0.5068592 -0.86202645
vn -0.0073796236 -0.9999695 0.0025706228
vn -0.0003906546 -0.91186565 0.41048855
vn -0.0048796088 -0.9999877 0.0008488105
vn -0.0020237516 -0.9999782 -0.0062896186
vn 0.00096387515 -0.9997377 0.022883466
vn -0.007270608 -0.99997276 -0.0012678895
vn -0.0058329306 -0.92347956 -0.38360322
vn -0.004253174 -0.99999094 0.00029849692
vn -0.0066530136 -0.999972 -0.003437401
vn -0.0042556277 -0.99999046 0.0009928044
vn -0.0051922565 -0.99998647 0.00033270929
vn 0.0061901864 -0.99998057 0.00075754366
vn -0.0046439175 -0.99998903 -0.000647721
vn -0.0011033363 -0.9755621 0.21972111
vn -0.0041375235 -0.9999914 0.000048417263
vn 0.0009376993 -0.99999607 -0.0026411072
vn 0.0040897704 -0.9999916 -0.00017139113
vn 0.014690447 -0.99988866 0.0026214442
vn 0.038985226 -0.9992388 0.0014236929
vn 0.044893138 -0.9989915 0.00081750174
vn 0.028136825 -0.99959284 0.0047385287
vn 0.030750861 -0.99952555 0.001744919
vn 0.013760565 -0.9809492 -0.19377637
vn -0.00497642 -0.43335336 -0.90121037
vn 0.041220304 -0.70634985 0.7066617
vn -0.0022035418 -0.25716183 0.9663658
vn 0.1313444 -0.9913184 0.0060387636
vn 0.098604895 -0.9950203 -0.014549278
vn 0.0576398 -0.9982196 -0.015338945
vn 0.055933803 -0.99843276 -0.0018678751
vn 0.007813419 -0.99994636 -0.006799089
vn 0.05857634 -0.9970174 0.050250527
vn 0.057353027 -0.9983522 -0.0018439746
vn 0.037872594 -0.39694947 -0.91705877
vn 0.040307436 -0.99918705 -0.0007463567
vn 0.21009067 -0.9776734 0.0040739304
vn 0.1415964 -0.9899245 -0.000095370786
vn 0.13983935 -0.9901742 0.0003003936
vn 0.40940922 -0.87999 -0.24083546
vn 0.20095892 -0.97953284 0.011444799
vn 0.30688152 -0.9516789 -0.011446226
vn 0.52851486 -0.848822 0.013164438
vn 0.6058149 -0.7956047 -0.0012421764
vn 0.701229 -0.71290463 -0.0067013167
vn 0.5140533 -0.85775757 -0.0010584018
vn 0.7250295 -0.6886752 -0.007656863
vn 0.74806136 -0.62839615 0.21335986
vn 0.37212777 -0.9278902 -0.02325368
vn 0.3582456 -0.93336755 0.02202398
vn 0.25720173 -0.96633613 -0.0064640446
vn 0.3890993 -0.9210608 -0.01577308
vn 0.87772465 -0.47907692 -0.009203681
vn 0.5305168 -0.8476178 0.009795629
vn 0.7056057 -0.708601 0.0022870721
vn 0.6659276 -0.7460161 -0.00065117015
vn 0.8339994 -0.55151093 0.016753618
vn 0.8680656 -0.49643245 0.0041142334
vn 0.9381696 -0.34610498 0.0070081856
vn 0.9330496 -0.35893738 -0.024133194
vn 0.914691 -0.40410906 -0.0060235406
vn 0.9126943 -0.40864238 0.00074932654
vn 0.7994735 -0.6006343 -0.008970485
vn -0.9800224 -0.1082817 -0.16682678
vn -0.8165357 -0.002323032 -0.5772903
vn -0.16116525 -0.12428803 -0.97907007
vn -0.2236434 -0.9020195 -0.3692485
vn -0.15547685 -0.0015717593 -0.98783827
vn -0.36920428 0.018953413 -0.929155
vn -0.0028076018 0.02797556 -0.99960464
vn -0.5466066 0.1417705 -0.82530135
vn -0.002859636 0.38212532 -0.92410606
vn -0.42732906 0.7551206 -0.49717483
vn -0.055820018 -0.0050690915 -0.998428
vn 0.0032343022 -0.8306732 -0.5567509
vn 0.0018332521 -0.1272746 -0.9918658
vn 0.0079602115 -0.0036996934 -0.9999615
vn 0.008034113 -0.000713835 -0.99996746
vn 0.004725761 -0.12507117 -0.99213654
vn 0.012671637 0.33238336 -0.94305927
vn 0.0061588166 -0.0021454121 -0.9999787
vn 0.004040183 0.019505287 -0.9998016
vn 0.000040185354 -0.94620556 -0.3235662
vn 0.0024943692 -0.0014077078 -0.9999959
vn 0.0049554226 -0.0017254709 -0.99998623
vn 0.0017383717 0.06085396 -0.99814516
vn -0.0814679 -0.54938424 -0.8315888
vn -0.010281979 0.79295576 -0.60919243
vn 0.0050401757 0.0050794645 -0.99997437
vn 0.0021965143 -0.018309286 -0.99982995
vn 0.0014621983 -0.21398029 -0.97683686
vn 0.004483917 -0.95037377 -0.3110781
vn 0.0017027626 0.001776217 -0.99999696
vn 0.008870383 -0.71128595 -0.70284677
vn 0.00028251915 -0.0005525189 -0.9999998
vn 0.00017868214 -0.11146664 -0.99376816
vn 0.0014295843 0.0018970394 -0.9999972
vn -0.0048118047 0.14736205 -0.9890709
vn -0.0056184246 -0.8560004 -0.5169446
vn -0.0032914258 0.009714856 -0.99994737
vn -0.0002035769 -0.02825061 -0.9996008
vn -0.0081645725 0.9240794 -0.38211337
vn -0.00017750842 -0.23160562 -0.97280973
vn -0.0058860863 0.089162126 -0.99599975
vn -0.00065701816 0.00567636 -0.99998367
vn -0.003761715 0.6800959 -0.73311347
vn -0.00052584155 0.0011954373 -0.99999917
vn 0.004036577 -0.9480358 -0.31813812
vn 0.0007721578 -0.229045 -0.97341555
vn 0.0006926727 0.0025372943 -0.99999654
vn 0.0025606626 -0.9576376 -0.28796467
vn -0.0019512568 -0.015028382 -0.99988514
vn -0.0054573673 0.6272561 -0.77879393
vn -0.0021214185 0.0064953244 -0.99997663
vn -0.002650523 0.0012094039 -0.99999577
vn -0.0019628487 0.0051698135 -0.9999847
vn 0.0015779065 -0.81870145 -0.57421726
vn 0.0014534855 0.12305089 -0.9923993
vn -0.0015738698 -0.10852895 -0.99409205
vn 0.0018761089 -0.010840036 -0.9999395
vn -0.004924663 0.87418765 -0.4855633
vn -0.0026776677 0.0035111893 -0.9999902
vn -0.0003970967 0.010994544 -0.9999395
vn -0.001717857 -0.19920821 -0.9799557
vn -0.0024336937 -0.0058724247 -0.9999798
vn -0.0018569462 0.17282164 -0.9849514
vn 0.0011709507 0.86425877 -0.5030461
vn -0.0006848938 -0.9363527 -0.35105988
vn -0.00077635783 0.0025674347 -0.9999964
vn -0.000863186 0.011205861 -0.9999368
vn -0.0043445923 -0.5569096 -0.83056176
vn 0.00094979844 0.0039928295 -0.9999916
vn -0.008114364 -0.052790537 -0.99857265
vn 0.0023185296 0.12525168 -0.9921223
vn -0.004041198 0.8282069 -0.5604079
vn 0.0035615189 -0.0023501 -0.9999909
vn 0.0011154405 0.010666877 -0.9999425
vn -0.0020269037 0.18082535 -0.9835131
vn 0.010371112 -0.093457125 -0.9955693
vn -0.0013077174 -0.54492694 -0.8384825
vn 0.0020098004 0.001278321 -0.99999714
vn 0.0026348152 0.0066630202 -0.9999743
vn -0.0089354785 0.73481923 -0.6782042
vn -0.0018182035 0.20046602 -0.97969896
vn 0.013210606 -0.14853667 -0.98881865
vn 0.00049428584 0.017299494 -0.9998502
vn 0.0053402986 -0.8779238 -0.47877064
vn 0.0011830134 0.004119028 -0.9999908
vn -0.001114249 -0.0087765595 -0.99996084
vn 0.0006505079 -0.00003980558 -0.99999976
vn 0.005217325 -0.08478406 -0.9963857
vn -0.0040384107 0.8318646 -0.55496395
vn 0.0021286707 0.0032644784 -0.99999243
vn 0.00056232477 -0.6355943 -0.772023
vn 0.0011168884 0.00201613 -0.9999973
vn 0.0011233462 0.020581357 -0.99978757
vn 0.0023766716 0.30753952 -0.95153236
vn -0.0034580498 -0.05066751 -0.9987096
vn -0.00051297876 0.0035502722 -0.99999356
vn -0.0023019074 0.94348896 -0.331396
vn -0.013946688 -0.21547844 -0.976409
vn 0.00013085967 0.00021352599 -0.99999994
vn -0.009484113 -0.9045464 -0.42626977
vn -0.010099542 0.21246761 -0.9771159
vn -0.003126174 0.017978588 -0.99983346
vn -0.0025960226 -0.01931714 -0.99981004
vn -0.0029112676 -0.000013318675 -0.99999577
vn -0.005495643 0.0150939375 -0.99987096
vn -0.0037331134 0.90294003 -0.4297503
vn 0.004773009 -0.18578443 -0.98257893
vn 0.0020322183 -0.5068592 -0.86202645
vn -0.0025499156 0.23261061 -0.9725666
vn -0.0024492159 -0.036827352 -0.99931866
vn -0.0027658425 0.0036931648 -0.99998933
vn -0.0055266824 0.0005254375 -0.99998456
vn -0.009094458 -0.24213335 -0.97020036
vn -0.0027815225 0.0006582661 -0.9999959
vn -0.017076243 0.8142896 -0.5802076
vn -0.0058329306 -0.92347956 -0.38360322
vn -0.0054732184 0.10861768 -0.9940685
vn -0.0058297636 0.0010927325 -0.9999824
vn 0.009551014 -0.044594407 -0.99895954
vn -0.00497642 -0.43335336 -0.90121037
vn 0.0019842328 -0.0038745925 -0.9999905
vn -0.007097363 0.0014786563 -0.9999737
vn 0.046584837 0.30034658 -0.95269185
vn 0.037872594 -0.39694947 -0.91705877
vn 0.057007488 0.033277564 -0.997819
vn 0.09405353 0.87307686 -0.47842523
vn 0.12042824 -0.0058661285 -0.9927047
vn 0.16814347 0.008480033 -0.98572606
vn 0.084465295 0.0046079005 -0.9964158
vn 0.5906565 0.34479132 -0.7295504
vn 0.2540053 -0.123490065 -0.959287
vn 0.6424592 -0.027643627 -0.7658211
vn 0.59056824 0.029787386 -0.80643773
vn 0.40940922 -0.87999 -0.24083546
vn 0.9028732 0.0078262985 -0.4298357
vn 0.9236632 -0.009332286 -0.38309163
vn 0.94666296 -0.25685278 -0.19456594
vn -0.526439 0.0014299274 0.8502117
vn -0.020588385 -0.021861734 0.999549
vn -0.7434073 -0.0050158207 0.6688202
vn -0.12837924 0.06008878 0.9899031
vn -0.9401856 0.09443751 0.32731116
vn -0.5860793 -0.15917492 0.7944648
vn -0.024061128 0.012115301 0.99963707
vn -0.5698993 0.7783206 0.26349905
vn -0.00246649 -0.097337924 0.9952483
vn -0.09564912 0.8577719 0.5050531
vn -0.07325424 -0.5709827 0.81768733
vn 0.0038124896 0.008506397 0.99995655
vn 0.019709153 0.012187869 0.9997315
vn 0.0452181 -0.009071749 0.99893594
vn 0.009526349 0.40496027 0.91428465
vn -0.0020931934 -0.85015947 0.52652115
vn 0.038444016 0.0008137831 0.9992604
vn 0.015538725 -0.09653907 0.9952079
vn -0.009276764 0.03809298 0.99923116
vn 0.0004819221 0.006264898 0.9999803
vn 0.0043694084 -0.52677846 0.8499914
vn -0.0040007327 -0.013756029 0.99989736
vn 0.008843651 -0.015631014 0.9998387
vn 0.010881714 0.61860484 0.7856269
vn 0.0075227916 -0.008898829 0.9999321
vn 0.009089714 0.057794396 0.99828714
vn 0.0050817565 -0.022695126 0.9997295
vn -0.015988115 0.041021656 0.99903035
vn 0.0052593793 0.042986304 0.9990618
vn 0.001366021 -0.007029924 0.99997437
vn 0.010104936 0.9229859 0.3847011
vn -0.0008050676 0.017350698 0.99984914
vn 0.015009298 0.16825788 0.9856287
vn -0.007272147 -0.2741143 0.9616696
vn 0.020032598 0.0148676075 0.9996888
vn 0.0013905384 -0.97132945 0.23773347
vn 0.0077522323 0.01754686 0.999816
vn 0.0040532374 0.011268805 0.9999283
vn 0.03282016 0.685751 0.72709584
vn 0.0040328917 -0.09286615 0.99567044
vn -0.003227701 0.049265634 0.9987805
vn 0.0037093132 -0.012690457 0.9999126
vn 0.012705141 -0.07014799 0.99745566
vn -0.004303777 0.46882445 0.8832809
vn 0.0041923467 -0.012847516 0.9999087
vn -0.0068460433 0.13507883 0.9908112
vn -0.0038758507 0.018421756 0.9998228
vn -0.0012679645 -0.8542051 0.5199347
vn 0.0010580639 -0.12306755 0.9923977
vn 0.009263499 0.04203367 0.99907327
vn -0.004136254 -0.028178835 0.99959433
vn 0.0049027684 0.016238632 0.9998561
vn 0.002618461 0.008067742 0.999964
vn -0.005789868 0.09052423 0.99587744
vn 0.010086053 0.19746892 0.9802573
vn 0.011281607 0.065906 0.9977621
vn -0.0015944821 -0.13497613 0.9908476
vn -0.0029185475 -0.11322021 0.9935656
vn 0.018055083 0.13179447 0.99111265
vn 0.0019825178 -0.025684763 0.9996681
vn 0.0037397637 0.03098853 0.99951273
vn -0.012207362 0.89447516 0.44695097
vn 0.000998556 0.007921176 0.9999681
vn 0.012151827 0.10648501 0.99424005
vn 0.0002134189 -0.23539598 0.9718995
vn 0.005521942 0.1934764 0.9810894
vn -0.00677818 0.0142855365 0.999875
vn -0.008971909 -0.9635712 0.26730153
vn -0.012556971 -0.7139675 0.70006627
vn -0.018335732 -0.060742084 0.99798506
vn -0.0007242207 0.6125847 0.7904046
vn 0.011684909 0.031475905 0.9994362
vn -0.0028217402 0.018492794 0.999825
vn -0.0044945925 -0.061793316 0.9980788
vn -0.00575375 0.012215099 0.99990886
vn 0.0010980339 0.07933069 0.99684775
vn -0.011256969 0.028674815 0.9995254
vn -0.032307386 0.21082248 0.97699034
vn 0.0142570445 -0.016163481 0.9997677
vn -0.014951616 -0.14562783 0.98922646
vn -0.0014847635 0.77505684 0.63188976
vn -0.004206944 -0.013138931 0.9999048
vn 0.08363018 0.094665594 0.99199015
vn -0.027181199 0.05304526 0.9982221
vn -0.0014719607 0.028245347 0.99959993
vn -0.00008437401 -0.06700538 0.9977526
vn -0.0056848894 0.038857277 0.9992286
vn 0.000020009633 0.02489552 0.99969006
vn 0.003288752 -0.90071476 0.43439862
vn -0.00094206445 0.0053111715 0.99998546
vn -0.043702886 0.037127662 0.99835443
vn 0.0069135344 0.015022523 0.99986327
vn -0.0011580022 0.022826334 0.99973875
vn -0.0029085772 -0.23586252 0.9717821
vn -0.0051754997 -0.9921467 0.12497301
vn -0.008270995 0.31343606 0.9495733
vn -0.004464599 -0.019410226 0.99980164
vn 0.0009128774 -0.084060095 0.99646026
vn -0.0054934956 0.8990606 0.4377897
vn 0.016578207 0.022282392 0.99961424
vn 0.00046023124 -0.028079784 0.9996056
vn -0.0014558735 -0.0029116287 0.9999947
vn 0.0016867575 -0.7136406 0.70051
vn -0.010108683 0.04864491 0.998765
vn -0.012288076 0.54655534 0.83733284
vn -0.006949111 0.067420766 0.99770045
vn -0.009496504 0.035992477 0.9993069
vn 0.0048285103 0.038894 0.9992317
vn 0.0017762375 0.22344688 0.9747145
vn 0.0066875378 -0.18642671 0.98244613
vn 0.002825958 0.9159213 0.40134805
vn -0.0034558096 -0.070588455 0.9974995
vn -0.0010377547 0.008680463 0.9999618
vn -0.0029599976 0.025709737 0.9996651
vn -0.012442816 0.06631824 0.99772096
vn -0.009118281 -0.00898356 0.99991804
vn -0.0031010692 -0.9018215 0.43209764
vn 0.002752216 0.31316355 0.9496952
vn -0.007542877 -0.012740139 0.9998904
vn 0.0045858873 -0.20969947 0.9777551
vn -0.009492556 0.89137554 0.45316616
vn 0.0048595797 0.14643244 0.98920876
vn -0.0018027185 -0.928811 0.37054944
vn 0.0077494467 -0.10309955 0.9946408
vn -0.013546306 0.10248732 0.9946421
vn -0.0030181047 0.34665346 0.9379884
vn 0.0010621137 -0.49545997 0.8686301
vn 0.008883943 -0.0025992852 0.99995714
vn 0.0021592681 0.0044895997 0.9999876
vn 0.0075209886 -0.032961614 0.99942833
vn 0.0016737995 0.018722512 0.99982333
vn -0.011009214 0.23267546 0.9724921
vn -0.0070906114 0.1707808 0.98528355
vn -0.008663994 -0.19350097 0.9810618
vn 0.010470684 0.005062293 0.99993235
vn 0.024751386 -0.0369602 0.99901015
vn -0.00246372 0.94108534 0.3381602
vn 0.016087087 0.060124554 0.99806124
vn -0.0011708245 0.08107985 0.9967069
vn 0.0129956845 0.0043657385 0.999906
vn -0.0022035418 -0.25716183 0.9663658
vn -0.0003906546 -0.91186565 0.41048855
vn -0.021392064 -0.08563825 0.9960966
vn -0.012746027 0.55317324 0.8329687
vn 0.048752926 -0.07415723 0.9960542
vn -0.011255454 0.0062649953 0.99991703
vn -0.0023794787 -0.008890475 0.9999576
vn -0.0113321785 0.077758804 0.9969078
vn -0.0011033363 -0.9755621 0.21972111
vn -0.034643713 0.06668327 0.9971726
vn -0.014123984 -0.05217889 0.9985379
vn -0.081036665 0.06919524 0.9943063
vn -0.078930795 -0.12365589 0.98918104
vn -0.023452105 -0.010164672 0.9996733
vn -0.043281574 -0.032297906 0.9985407
vn 0.033081397 0.1792458 0.983248
vn 0.0028919496 0.8514414 0.5244418
vn 0.041220304 -0.70634985 0.7066617
vn 0.099133596 -0.006667789 0.9950518
vn 0.0044841827 0.014085643 0.99989074
vn 0.0671706 0.003102295 0.9977367
vn 0.17732929 0.77776283 0.6030251
vn 0.117221214 0.00897385 0.9930653
vn 0.2657781 -0.13836204 0.9540534
vn 0.3970847 -0.016849881 0.9176273
vn 0.6787074 0.020677572 0.7341176
vn 0.42823556 0.18799227 0.8838966
vn 0.8737869 0.00094965374 0.48630807
vn 0.74806136 -0.62839615 0.21335986
vn 0.92256665 0.3664032 0.120911084
vn 0.9285685 -0.03906028 0.3691
vn -0.9952321 -0.053798456 -0.08135616
vn -0.96537554 0.05847103 0.25422662
vn -0.996251 -0.0208477 -0.083960526
vn -0.93154997 0.120457605 0.34308115
vn -0.99929917 -0.007234744 -0.03672615
vn -0.9836552 0.0471588 0.17377718
vn -0.97378135 -0.07816117 -0.21363688
vn -0.9996936 0.017485652 0.017521705
vn -0.9999771 -0.0067618205 -0.00026201067
vn -0.7023785 -0.20307633 -0.6822202
vn -0.301943 0.03790907 0.9525719
vn -0.9463578 -0.29048342 0.14151433
vn -0.2866819 0.30543265 0.90803325
vn -0.45700908 -0.38942274 -0.79968286
vn -0.5919399 0.2271729 0.77330434
vn -0.750949 -0.1990949 -0.6296323
vn -0.5139911 -0.23804963 -0.8241028
vn -0.62828946 0.2362144 0.7412524
vn -0.50768155 -0.27324408 -0.8170662
vn -0.9300661 0.11456307 0.34907362
vn -0.9958386 -0.03680133 -0.08337404
vn -0.999172 0.021003434 0.034845352
vn -0.99668723 0.080832765 0.008978791
vn -0.49718708 0.29833695 0.8147393
vn -0.76424 -0.19380589 -0.61512315
vn -0.79620886 0.49620998 0.34616053
vn -0.9238438 -0.0300618 -0.38158736
vn -0.6182696 0.6460468 -0.44762284
vn -0.33665425 -0.83031875 -0.44411114
vn -0.33168212 -0.29124448 -0.8973091
vn -0.297974 -0.2628086 -0.9176836
vn -0.6520516 0.20450181 0.73007375
vn -0.14760457 -0.8107842 0.566429
vn -0.301943 0.03790907 0.9525719
vn -0.9463578 -0.29048342 0.14151433
vn -0.33665425 -0.83031875 -0.44411114
vn -0.044315495 -0.9960714 0.076667435
vn 0.008806756 -0.10542078 0.9943887
vn -0.019603066 -0.9112699 0.41134283
vn -0.014482624 -0.8377225 -0.5459041
vn 0.0048091337 -0.9304096 -0.36648995
vn 0.0019879455 -0.8759017 0.48248553
vn 0.0045616305 -0.11349392 0.99352825
vn 0.014040322 -0.9268233 0.37523514
vn -0.0009812204 -0.7319007 -0.6814106
vn -0.013248451 -0.44825417 0.89380795
vn -0.007706996 -0.9345045 0.3558678
vn 0.026895339 -0.9340257 -0.35619184
vn -0.012032453 -0.6756327 0.73714024
vn 0.01842514 -0.97139853 0.23673914
vn 0.0057614027 -0.5578786 -0.8299025
vn 0.010209494 -0.5720739 0.8201386
vn 0.001419678 -0.98357093 0.1805165
vn 0.0008254343 -0.59187317 0.8060307
vn -0.005923654 -0.70335555 -0.7108135
vn -0.0049721533 -0.9679176 0.25121856
vn 0.002856748 -0.5493987 0.83555543
vn -0.0048659197 -0.75602615 -0.6545234
vn 0.0004251618 -0.9398378 0.34162068
vn 0.017922042 -0.27995667 0.9598453
vn -0.006240867 -0.94062585 -0.33938774
vn -0.0037227713 -0.92070395 0.39024395
vn -0.023964101 -0.31902623 0.9474429
vn -0.008179554 -0.9454922 0.32554197
vn -0.004946448 -0.9880147 -0.15428041
vn -0.009424691 -0.73131555 0.6819742
vn -0.0021610777 -0.94817966 0.3177273
vn 0.01560876 -0.86724085 -0.49764416
vn -0.00023385049 -0.52504164 0.8510765
vn 0.0042229355 -0.9401464 0.3407447
vn 0.03877135 -0.45150664 0.891425
vn 0.11240354 -0.93482983 -0.33683613
vn 0.17869423 -0.90613276 0.38339505
vn 0.76432586 -0.16289005 0.6239173
vn 0.62624866 -0.77900016 -0.031167477
vn -0.5919399 0.2271729 0.77330434
vn -0.93154997 0.120457605 0.34308115
vn 0.35032442 0.29006708 0.89058065
vn -0.9300661 0.11456307 0.34907362
vn -0.6520516 0.20450181 0.73007375
vn 0.0416359 0.3057205 0.9512105
vn -0.96537554 0.05847103 0.25422662
vn -0.301943 0.03790907 0.9525719
vn -0.060755767 0.2409162 0.9686424
vn -0.2866819 0.30543265 0.90803325
vn -0.9836552 0.0471588 0.17377718
vn -0.62828946 0.2362144 0.7412524
vn 0.23096865 0.2695091 0.9348895
vn -0.49718708 0.29833695 0.8147393
vn 0.03335319 0.30010223 0.9533238
vn -0.07027476 0.74844664 0.6594612
vn -0.79620886 0.49620998 0.34616053
vn 0.6070384 0.22088854 0.7633562
vn 0.70915926 0.20880982 0.67341787
vn 0.24794817 0.40163246 0.88159686
vn 0.54266703 0.24019548 0.8048718
vn 0.57981575 0.2686741 0.7691735
vn 0.5132444 0.25614625 0.81912714
vn 0.18814173 0.18283391 0.9649738
vn 0.76041406 0.1877559 0.62170583
vn 0.71151614 0.2108777 0.6702801
vn 0.4889537 0.26002726 0.83265245
vn 0.42734107 0.30542642 0.8509373
vn 0.37914822 0.267211 0.88591474
vn -0.14760457 -0.8107842 0.566429
vn 0.008806756 -0.10542078 0.9943887
vn 0.20929801 0.3052376 0.928991
vn 0.39930433 0.27228585 0.87545216
vn 0.4045593 0.26852977 0.8741988
vn 0.2555056 0.26425457 0.9299927
vn 0.018482145 0.24933335 0.96824133
vn 0.021720577 0.3699478 0.9287986
vn 0.005451664 0.31969458 0.94750494
vn 0.023631958 0.29544663 0.9550669
vn 0.020517057 0.30203912 0.9530747
vn 0.006049787 0.29429823 0.9556945
vn 0.0076738466 0.29449198 0.95562315
vn 0.0071332343 0.29225734 0.95631313
vn 0.0028480287 0.0557183 0.9984425
vn 0.008100271 0.29865608 0.95432645
vn 0.00889104 0.29491526 0.95548207
vn 0.0056461007 0.2898187 0.9570649
vn -0.020700421 0.60315764 0.7973533
vn 0.008151443 0.2939025 0.95580065
vn 0.007956705 0.37488595 0.9270368
vn 0.007431668 0.29450876 0.9556199
vn 0.0065831533 0.29911932 0.954193
vn -0.022272177 -0.1133083 0.9933102
vn 0.006251246 0.2926073 0.9562123
vn 0.015625726 0.14183125 0.9897675
vn 0.007049675 0.29602525 0.9551541
vn 0.0041096597 0.29468754 0.9555848
vn 0.0069047185 0.30692786 0.9517077
vn 0.0059784334 0.29353514 0.9559296
vn 0.0038373107 0.29199126 0.95641327
vn 0.019862762 -0.13813485 0.9902142
vn 0.0034584699 0.300298 0.9538392
vn 0.020628868 0.35633814 0.9341293
vn 0.011774303 0.98322785 0.18200104
vn -0.022307858 0.984925 -0.17153768
vn 0.011987836 0.4037124 0.91480744
vn 0.0045616305 -0.11349392 0.99352825
vn 0.0021616048 0.2970031 0.9548741
vn 0.003571828 0.29373482 0.9558803
vn 0.010708236 0.02308937 0.99967605
vn 0.005423737 0.27999026 0.9599875
vn 0.009468549 0.4816055 0.876337
vn 0.0319648 0.22528936 0.9737674
vn -0.012930257 0.07207474 0.9973154
vn 0.0041029654 0.29172292 0.9564941
vn 0.0017742013 0.29836452 0.95445037
vn 0.0019256657 0.2939288 0.9558254
vn 0.008653598 0.65471596 0.75582546
vn -0.013248451 -0.44825417 0.89380795
vn -0.0032886495 0.26549813 0.9641058
vn 0.01134013 0.05380904 0.9984869
vn 0.00019392987 0.29920548 0.9541887
vn 0.0014161833 0.2958013 0.9552484
vn 0.0024970109 0.29280558 0.9561687
vn 0.021183413 0.48061845 0.87667394
vn 0.0006633054 0.3010048 0.9536224
vn 0.004092117 0.47176728 0.8817136
vn -0.014410933 -0.10091858 0.9947903
vn -0.00016226851 0.2982782 0.954479
vn 0.0088395905 0.6558464 0.7548426
vn -0.012032453 -0.6756327 0.73714024
vn 0.006322916 0.28373143 0.9588829
vn -0.0002660589 0.29689038 0.95491153
vn 0.005561132 0.07714903 0.9970041
vn 0.005347 -0.10429633 0.99453187
vn -0.014107156 0.54367965 0.8391742
vn 0.023772739 0.70081306 0.71294874
vn 0.0008157305 0.29480264 0.9555578
vn 0.0036008293 0.31733978 0.9483051
vn -0.0003182376 0.29918084 0.9541964
vn 0.010209494 -0.5720739 0.8201386
vn 0.0022463382 0.550461 0.8348578
vn 0.0005431096 0.2945948 0.9556221
vn 0.0020963973 0.53262216 0.84635055
vn -0.0007519448 0.29832146 0.95446515
vn -0.0005586454 0.29630524 0.95509315
vn -0.0020253486 0.30237862 0.95318574
vn 0.0010706403 0.29401085 0.9558015
vn 0.032913312 0.17513587 0.98399395
vn 0.010941453 0.9557087 0.29411092
vn -0.0037824626 0.2562037 0.96661544
vn -0.004878928 -0.024228303 0.9996945
vn 0.0008254343 -0.59187317 0.8060307
vn -0.012663895 0.6070449 0.79456663
vn -0.0012562571 0.29917857 0.95419633
vn -0.01300781 0.395313 0.91845435
vn -0.0025692577 0.8022041 0.5970444
vn -0.0012550857 0.2912595 0.9566433
vn 0.0011455786 0.30185264 0.9533539
vn -0.019238742 -0.059776027 0.99802643
vn -0.00094841165 0.29407018 0.95578337
vn 0.006959509 0.15844993 0.9873425
vn -0.0008317151 0.29610446 0.9551552
vn -0.023650812 0.81881356 0.5735721
vn -0.03150761 0.4454508 0.89475185
vn -0.0018915385 0.29763988 0.95467633
vn -0.0062092096 0.31447 0.9492471
vn -0.002637207 0.29877344 0.95432043
vn 0.002856748 -0.5493987 0.83555543
vn 0.0006156841 0.2936372 0.95591676
vn 0.012723015 0.49116266 0.87097496
vn 0.008863668 0.8441894 0.53597176
vn -0.0041720923 0.29712304 0.9548301
vn -0.002414557 0.29253507 0.95625174
vn -0.0023256438 0.2951136 0.95545936
vn -0.009266462 0.427355 0.9040364
vn 0.017922042 -0.27995667 0.9598453
vn -0.003471095 0.29866245 0.9543525
vn -0.0022273203 0.62107867 0.78374505
vn 0.0005898043 0.036084194 0.9993486
vn -0.0039001966 0.29953983 0.9540758
vn -0.0043437313 0.30255884 0.9531208
vn -0.00058189017 -0.23190027 0.9727394
vn -0.003940658 0.29481247 0.95554703
vn -0.023964101 -0.31902623 0.9474429
vn 0.002207587 0.34414068 0.9389155
vn -0.004646125 0.29738864 0.95474523
vn -0.0030774428 0.29179126 0.95647705
vn -0.015161686 0.35893813 0.9332382
vn -0.023093546 0.98965347 0.14160736
vn 0.008535718 0.4767333 0.87900656
vn -0.018014703 0.32704026 0.9448387
vn -0.007208162 0.2925693 0.95621717
vn -0.004341508 0.29973027 0.9540141
vn -0.0011022568 -0.1731284 0.9848986
vn -0.006484426 0.2923789 0.9562806
vn -0.004298688 -0.20409204 0.9789423
vn -0.0086470125 0.29531208 0.9553617
vn -0.0033598286 0.87981033 0.475313
vn -0.004839616 0.30709872 0.95166534
vn -0.0022094937 0.26039705 0.9654991
vn -0.009424691 -0.73131555 0.6819742
vn -0.012143651 -0.26906028 0.9630468
vn -0.004988458 0.28069377 0.9597844
vn -0.009967054 0.28649193 0.9580308
vn -0.0042494824 0.78321904 0.62173134
vn 0.027358625 0.73976433 0.67230964
vn -0.00023385049 -0.52504164 0.8510765
vn 0.009926401 0.45085895 0.89254
vn -0.0075128623 0.30127636 0.95350724
vn -0.030317578 0.010129185 0.999489
vn -0.010676396 0.29271162 0.9561412
vn -0.019292414 0.45288974 0.8913578
vn -0.22881432 0.28796664 0.9299028
vn -0.01872116 0.29742488 0.95456165
vn -0.024166184 0.2988498 0.95399415
vn 0.03877135 -0.45150664 0.891425
vn -0.1446747 0.2947263 0.94456637
vn -0.014800492 0.31055915 0.95043886
vn -0.021254076 0.2928713 0.95591563
vn -0.10670396 0.28669235 0.95206183
vn -0.052488986 0.2361734 0.9702922
vn -0.24602984 0.0066955704 0.9692391
vn 0.3436863 0.8776587 0.33405817
vn -0.20821394 0.25708196 0.9436926
vn -0.34364387 0.55084354 0.76057893
vn -0.22764343 0.2961518 0.9276166
vn -0.46199697 0.2733803 0.84369546
vn -0.66265154 0.21373689 0.71778095
vn -0.57221 0.25072104 0.78084224
vn -0.35783184 0.2640497 0.89567524
vn -0.52803 0.27708155 0.8027516
vn -0.70108354 0.22922477 0.67523175
vn -0.5375389 0.24579485 0.8066206
vn -0.28307524 0.2852621 0.91569316
vn -0.6578388 0.21599042 0.7215236
vn -0.59310716 0.22096696 0.77420765
vn -0.5748696 0.24238145 0.78152174
vn -0.35474503 0.28857145 0.8893157
vn -0.30487978 0.29101467 0.90683997
vn 0.45920855 0.2696229 0.8464225
vn 0.047123227 0.29341784 0.9548222
vn 0.5249642 0.24789567 0.8142237
vn 0.2845082 0.31516865 0.905386
vn 0.32613555 0.22203867 0.9188767
vn 0.031963166 0.30598015 0.9515012
vn 0.76432586 -0.16289005 0.6239173
vn 0.038514238 0.23290111 0.9717375
vn 0.793358 0.18679959 0.57938665
vn 0.83252305 0.16955641 0.52740496
vn 0.5576597 0.25242934 0.79075605
vn 0.9368242 0.09591662 0.3363932
vn 0.7939515 0.42822686 0.43158168
vn 0.84729147 0.15611614 0.5076662
vn 0.89903975 0.13072532 0.41789758
vn 0.9339677 0.10215064 0.34244645
vn 0.9956985 0.024113256 0.089459755
vn -0.048055384 -0.3091559 -0.94979644
vn -0.45700908 -0.38942274 -0.79968286
vn -0.750949 -0.1990949 -0.6296323
vn -0.025219893 -0.29863352 -0.95403457
vn -0.297974 -0.2628086 -0.9176836
vn -0.7023785 -0.20307633 -0.6822202
vn -0.14077519 -0.24619327 -0.9589428
vn -0.9238438 -0.0300618 -0.38158736
vn -0.6182696 0.6460468 -0.44762284
vn -0.5139911 -0.23804963 -0.8241028
vn -0.016731467 -0.3024955 -0.95300394
vn -0.33168212 -0.29124448 -0.8973091
vn -0.50768155 -0.27324408 -0.8170662
vn -0.10352295 -0.29860854 -0.9487444
vn -0.76424 -0.19380589 -0.61512315
vn -0.025080862 -0.3760584 -0.9262565
vn -0.33665425 -0.83031875 -0.44411114
vn -0.034186546 -0.29634178 -0.9544699
vn -0.014483664 -0.30350485 -0.9527198
vn -0.006853585 -0.29917237 -0.95417446
vn -0.0009994728 -0.29636908 -0.95507294
vn -0.09966993 0.31687 -0.9432175
vn 0.00056050124 -0.29712117 -0.95483965
vn 0.0008666065 -0.26760367 -0.9635287
vn -0.002098573 -0.30756146 -0.9515259
vn -0.044315495 -0.9960714 0.076667435
vn 0.00029981972 -0.28875953 -0.95740163
vn 0.0054897694 0.29428774 -0.9557011
vn 0.0018937114 -0.30066842 -0.9537269
vn -0.014482624 -0.8377225 -0.5459041
vn 0.0023876377 -0.29970008 -0.9540305
vn -0.0032217917 -0.35994622 -0.9329675
vn 0.00073666504 -0.29638588 -0.955068
vn 0.0048091337 -0.9304096 -0.36648995
vn 0.000049591352 -0.30204588 -0.9532934
vn -0.0017821393 -0.33331078 -0.9428153
vn 0.0014529598 -0.29626465 -0.95510477
vn -0.010766214 -0.07460655 -0.99715495
vn 0.0033733256 -0.30048358 -0.953781
vn 0.003922341 -0.27426228 -0.9616469
vn 0.0011616355 -0.29528794 -0.9554076
vn 0.0038513797 -0.2994544 -0.9541029
vn 0.02785503 0.23475856 -0.97165453
vn 0.00002462015 -0.3255703 -0.94551784
vn -0.0009812204 -0.7319007 -0.6814106
vn 0.0024583114 -0.30518064 -0.9522913
vn 0.009310498 -0.33143836 -0.94343096
vn -0.032927606 -0.30569002 -0.95156157
vn 0.015447302 0.6397268 -0.7684471
vn -0.00824143 -0.30054507 -0.953732
vn -0.017426223 -0.29959095 -0.95390856
vn -0.0025160192 -0.2981635 -0.9545115
vn 0.026895339 -0.9340257 -0.35619184
vn -0.029000726 -0.28260347 -0.95879835
vn 0.0016425546 -0.30601582 -0.952025
vn -0.010590766 -0.23469011 -0.9720125
vn -0.89784735 -0.11406837 -0.42527464
vn -0.76267046 -0.4056294 -0.5037842
vn -0.70480126 0.68382657 -0.18877602
vn -0.017207209 -0.25242114 -0.96746445
vn -0.2673542 -0.3909818 -0.88071275
vn 0.0057614027 -0.5578786 -0.8299025
vn -0.024803791 0.5158935 -0.85629356
vn 0.0047134995 -0.043088436 -0.99906015
vn -0.3287098 -0.5027549 -0.79949194
vn -0.0016262137 -0.3122264 -0.9500063
vn -0.011281128 -0.31057027 -0.9504835
vn -0.06621139 -0.43666005 -0.89718676
vn 0.004499895 -0.25548148 -0.9668035
vn 0.005678371 0.4858891 -0.87400204
vn -0.005923654 -0.70335555 -0.7108135
vn 0.0019208257 -0.3036526 -0.9527809
vn 0.012496321 -0.33575392 -0.9418668
vn 0.01885794 0.17214486 -0.9848911
vn -0.0035985452 0.09852718 -0.99512786
vn 0.161239 -0.88515025 -0.4364757
vn 0.010142741 -0.3017903 -0.9533204
vn 0.064371124 -0.36252525 -0.92974824
vn 0.0019536866 -0.28827077 -0.95754695
vn -0.0007923403 -0.33076477 -0.9437129
vn 0.43194827 -0.88329357 -0.18224484
vn 0.0021431847 -0.30144808 -0.9534802
vn 0.64108306 -0.67338073 -0.3681995
vn 0.11182934 0.8346842 -0.53925544
vn 0.019580951 -0.04825606 -0.99864304
vn -0.00032599122 -0.31705546 -0.94840693
vn 0.033487633 -0.31867707 -0.9472716
vn 0.46140596 -0.39491874 -0.7944455
vn 0.0016444447 -0.29634064 -0.9550809
vn 0.020629441 -0.2862111 -0.95794445
vn 0.179333 -0.34126285 -0.9227022
vn 0.87168515 -0.1351685 0.47105673
vn 0.014685018 -0.30416575 -0.95250595
vn 0.67058456 -0.122237235 0.73169285
vn 0.9396564 -0.19119889 0.28370556
vn 0.0054649436 -0.2984096 -0.95442224
vn 0.7763213 0.39490014 -0.49130347
vn 0.9851122 -0.10443875 -0.13655238
vn -0.0020460621 -0.29914284 -0.95420617
vn -0.0010760911 -0.2960329 -0.9551771
vn 0.07451284 -0.2993994 -0.9512139
vn 0.9901844 -0.013746036 -0.13908917
vn -0.0048659197 -0.75602615 -0.6545234
vn 0.006842337 -0.2633658 -0.9646718
vn 0.00042084418 -0.30188444 -0.9533444
vn -0.0042498503 -0.30120963 -0.9535485
vn -0.004207025 0.51773626 -0.8555299
vn -0.0043887845 -0.35369956 -0.9353488
vn -0.0034451957 -0.29727268 -0.9547864
vn -0.006240867 -0.94062585 -0.33938774
vn -0.0049167243 -0.30383122 -0.9527132
vn -0.008921333 -0.26876858 -0.96316344
vn -0.003981677 -0.30229574 -0.9532059
vn -0.005327629 -0.3013289 -0.9535054
vn -0.0019514812 -0.29569072 -0.95528173
vn -0.001974405 -0.29812106 -0.954526
vn -0.00230297 -0.30627915 -0.9519389
vn -0.006631528 0.35255897 -0.9357661
vn -0.0025223223 -0.29631564 -0.95508677
vn 0.00040132253 -0.27001157 -0.962857
vn -0.0038255753 -0.3012892 -0.9535251
vn -0.0013456298 -0.37976605 -0.9250816
vn -0.003520521 -0.29848832 -0.9544068
vn 0.034697495 -0.003309657 -0.9993924
vn -0.0029171521 -0.29656616 -0.95500785
vn 0.000060811337 -0.31058374 -0.950546
vn -0.0013163919 -0.2983175 -0.9544658
vn -0.004946448 -0.9880147 -0.15428041
vn -0.0029034268 -0.29679635 -0.9549364
vn -0.00869004 0.5559633 -0.83116144
vn -0.0019134483 -0.30027485 -0.9538508
vn -0.0012449098 -0.30004838 -0.95392317
vn 0.009312063 -0.36197934 -0.93213964
vn 0.0036500602 -0.30099204 -0.95361966
vn 0.01560876 -0.86724085 -0.49764416
vn -0.0018573675 -0.08344943 -0.99651027
vn 0.0014024358 -0.30267808 -0.9530918
vn -0.0019083055 -0.29588935 -0.95522034
vn 0.014865183 -0.29632157 -0.95497257
vn 0.0073586847 -0.27813494 -0.96051383
vn 0.041058842 -0.30037913 -0.95293576
vn 0.05122309 -0.28942052 -0.9558305
vn 0.021644173 -0.3014785 -0.9532273
vn 0.081556134 0.33606568 -0.93830085
vn 0.024125233 -0.3000708 -0.9536118
vn 0.11240354 -0.93482983 -0.33683613
vn 0.066022925 -0.3145976 -0.94692624
vn 0.09862187 -0.30186287 -0.9482365
vn 0.15448102 -0.43838176 -0.88541347
vn 0.14055996 -0.2898111 -0.9467061
vn 0.263341 -0.30114076 -0.91649646
vn 0.3742584 -0.080709144 -0.92380553
vn 0.02973443 -0.29132333 -0.95616245
vn 0.27616727 -0.2891226 -0.9165914
vn 0.62624866 -0.77900016 -0.031167477
vn 0.7111636 -0.20987791 -0.6709677
vn 0.4378869 -0.2704469 -0.8573876
vn 0.58017486 -0.26606223 -0.7698104
vn 0.7886594 -0.18340188 -0.5868391
vn 0.6367675 -0.21059184 -0.74174
vn 0.39094633 -0.27140617 -0.8794883
vn 0.9228039 -0.11053261 -0.36907396
vn 0.94237006 -0.22645697 -0.24628432
vn -0.4001452 -0.79965734 0.4476962
vn -0.6182696 0.6460468 -0.44762284
vn -0.79620886 0.49620998 0.34616053
vn -0.07027476 0.74844664 0.6594612
vn -0.037987832 0.9726382 -0.22919843
vn -0.09966993 0.31687 -0.9432175
vn -0.020700421 0.60315764 0.7973533
vn 0.0054897694 0.29428774 -0.9557011
vn -0.022307858 0.984925 -0.17153768
vn -0.013096928 0.9196745 -0.392463
vn 0.011774303 0.98322785 0.18200104
vn -0.0018340874 0.8885261 -0.4588224
vn -0.010766214 -0.07460655 -0.99715495
vn 0.02785503 0.23475856 -0.97165453
vn 0.014581881 0.96656764 -0.25599685
vn -0.0020576234 0.89942604 -0.43706807
vn 0.008653598 0.65471596 0.75582546
vn 0.015447302 0.6397268 -0.7684471
vn 0.010852904 0.9884705 -0.15102401
vn 0.0088395905 0.6558464 0.7548426
vn 0.003934544 0.9821835 -0.18788305
vn 0.013411533 0.88238096 -0.47034454
vn 0.0047134995 -0.043088436 -0.99906015
vn -0.014107156 0.54367965 0.8391742
vn 0.005678371 0.4858891 -0.87400204
vn 0.019358534 0.9460084 -0.32356352
vn 0.010941453 0.9557087 0.29411092
vn 0.00804162 0.9071512 -0.42072797
vn -0.0025692577 0.8022041 0.5970444
vn -0.0035985452 0.09852718 -0.99512786
vn -0.012686608 0.9643518 -0.2643194
vn -0.005158786 0.8425489 -0.53859514
vn 0.019580951 -0.04825606 -0.99864304
vn 0.00020983565 0.9582052 -0.28608158
vn 0.008863668 0.8441894 0.53597176
vn -0.004207025 0.51773626 -0.8555299
vn 0.0074457577 0.97831196 -0.20700316
vn -0.0022273203 0.62107867 0.78374505
vn -0.0007219076 0.91416854 -0.40533364
vn -0.017059468 0.985629 -0.16806076
vn -0.006631528 0.35255897 -0.9357661
vn -0.023093546 0.98965347 0.14160736
vn 0.0043368055 0.89752525 -0.44094175
vn 0.034697495 -0.003309657 -0.9993924
vn -0.0022489585 0.94648814 -0.32273078
vn -0.0033598286 0.87981033 0.475313
vn -0.00869004 0.5559633 -0.83116144
vn -0.00097507477 0.96814054 -0.25040558
vn 0.027358625 0.73976433 0.67230964
vn -0.004730998 0.88702655 -0.4616942
vn -0.0018573675 -0.08344943 -0.99651027
vn 0.06504268 0.9713787 -0.22845773
vn 0.081556134 0.33606568 -0.93830085
vn 0.3436863 0.8776587 0.33405817
vn 0.5419221 0.7553992 -0.3683645
vn 0.3742584 -0.080709144 -0.92380553
vn -0.770556 0.6373375 -0.006660653
vn -0.4236588 0.90579516 -0.006957659
vn -0.78079206 0.62469584 0.010903177
vn -0.6016458 0.7987554 -0.0034720944
vn -0.5936857 0.80468196 0.0049195145
vn -0.39936626 0.9166861 -0.01389737
vn -0.78788966 0.6117955 -0.070257485
vn -0.6470349 0.76235145 0.012889025
vn -0.41464356 0.9097458 0.020815834
vn -0.7171249 0.6969445 0.0005222838
vn -0.5502029 0.80397165 -0.2256242
vn -0.7050792 0.7085194 0.029388059
vn -0.56173015 0.72225195 0.40349886
vn -0.21503083 0.9732995 0.080310516
vn -0.21579368 0.97643304 0.0034058252
vn -0.19174136 0.9710869 -0.14221606
vn -0.16972114 0.9020584 -0.39684427
vn -0.52525455 0.65151626 -0.54738855
vn -0.1567379 0.9876318 0.0040872716
vn -0.13241793 0.93524 0.32831648
vn -0.27762502 0.9605974 -0.013302158
vn -0.43885508 0.36556885 0.8208323
vn -0.19049205 0.63972884 0.74462056
vn -0.18672772 0.6690332 -0.7193937
vn -0.2372622 0.9714423 0.00256199
vn -0.08561144 0.9963272 -0.0016522916
vn -0.02381768 0.9997162 0.00039941992
vn -0.089963876 0.9952618 -0.036884043
vn -0.018858496 0.97732466 -0.21090496
vn -0.022940353 0.8048894 -0.59298134
vn -0.042977534 0.99617124 0.076130494
vn -0.024942202 0.99968636 0.002250473
vn -0.01697859 0.99966663 -0.019450415
vn -0.0067520603 0.79973036 0.6003214
vn -0.0038133836 0.9999914 0.0016122666
vn -0.010562317 0.9546464 0.29755443
vn 0.003945067 0.9990965 0.04231607
vn 0.009736107 0.6353689 0.77214736
vn 0.010548027 0.9003626 -0.43501252
vn 0.004665336 0.9999871 0.0020010618
vn 0.0045814486 0.9950122 -0.09964758
vn 0.00455903 0.999955 -0.008321985
vn -0.013480865 0.90241355 0.43066
vn 0.018619135 0.684687 -0.72859937
vn 0.008473367 0.989959 0.14110065
vn 0.0064676185 0.999978 0.0014549627
vn 0.0056533036 0.999903 0.0127270715
vn 0.008239686 0.99996597 0.00035784603
vn 0.017914778 0.8769383 0.48026904
vn 0.022492023 0.9986937 -0.045879778
vn 0.0031527055 0.95804566 -0.2865983
vn -0.0008907807 0.57720214 -0.81660086
vn 0.0067677544 0.999962 0.005499597
vn 0.0037201636 0.9900309 0.14080113
vn -0.010166217 0.99993765 -0.00462475
vn 0.000037076046 0.9997427 -0.02268272
vn 0.00053853926 0.5523581 0.8336068
vn -0.009119934 0.999954 -0.002981736
vn 0.0016295658 0.8991573 0.43762255
vn -0.012684226 0.69466156 -0.7192249
vn -0.62917036 0.77329534 0.07847915
vn -0.9324359 0.3557399 -0.063343525
vn -0.13762245 0.84978104 0.50885385
vn -0.2686809 0.76450986 -0.58594817
vn 0.00034132786 0.99905896 0.043371104
vn 0.0010404545 0.9999794 0.0063377647
vn -0.0034546258 0.5205607 -0.8538177
vn 0.0031450235 0.9902924 0.13896447
vn -0.0043283217 0.6568592 0.7540008
vn 0.014892577 0.49870166 0.86664575
vn -0.008005608 0.93570673 -0.35268798
vn -0.0021759006 0.9094562 0.41579401
vn -0.020261742 0.99600714 -0.086944
vn -0.0011601533 0.9999732 0.0072345706
vn 0.00002398622 0.9999706 0.0076643825
vn -0.0054219957 0.72794396 -0.6856152
vn -0.0013773817 0.99999785 -0.0015404986
vn 0.00022029472 0.50647247 -0.8622561
vn 0.0021446894 0.7719274 0.6357071
vn 0.0021492816 0.99820065 0.059923287
vn 0.00087306305 0.5178692 0.8554594
vn 0.000642551 0.94725055 0.32049334
vn 0.00090596854 0.99399054 0.10946227
vn -0.011876475 0.94175005 -0.33610383
vn -0.0060465275 0.9969817 -0.07740161
vn -0.0046250434 0.99997836 0.0046788203
vn -0.00497256 0.9994974 -0.031308837
vn -0.0019476999 0.75894076 -0.6511568
vn 0.0014938612 0.9353314 0.35376957
vn 0.014283467 0.79756314 -0.6030663
vn 0.006476681 0.9987554 0.049454723
vn 0.005331084 0.74446476 0.66764045
vn 0.006947116 0.9917858 0.12772082
vn 0.027195612 0.3596682 0.9326839
vn -0.00027353977 0.85855 -0.5127298
vn -0.0061244527 0.99998116 0.0004226633
vn 0.00025782333 0.9774586 -0.21112709
vn -0.00020976058 0.54342824 -0.8394556
vn 0.0065758824 0.89674824 0.4424922
vn 0.11095648 0.99164224 0.065836
vn 0.28101572 0.91925484 -0.2756823
vn -0.008759668 0.994901 0.10047517
vn -0.0032930549 0.9999945 0.0003401529
vn -0.0074047577 0.99995697 0.005593912
vn 0.032290503 0.99947834 0.0005754869
vn 0.9578509 0.28642312 -0.021989528
vn -0.006904688 0.99997455 0.0017885618
vn -0.00063912605 0.9973688 -0.07249208
vn 0.007848107 0.96068054 -0.27754506
vn 0.013124476 0.8066157 -0.59093046
vn -0.0058604125 0.99997896 -0.0027901642
vn -0.0072587067 0.9999569 0.005791788
vn -0.0025263675 0.9999935 0.0025749905
vn -0.015524343 0.92893106 0.36992714
vn -0.008536191 0.5840346 0.81168383
vn 0.012848205 0.9999119 0.0033274826
vn -0.0062884246 0.9999585 0.006589779
vn -0.0084423 0.923411 -0.38371977
vn -0.007848996 0.99351424 0.11343671
vn -0.008853257 0.99571127 -0.092090964
vn 0.0065650456 0.6977517 0.7163096
vn 0.041917037 0.99908656 0.0083104875
vn 0.045946546 0.9989339 -0.004466419
vn 0.0044789007 0.5962209 -0.8028079
vn 0.028787266 0.9784584 -0.20442714
vn 0.047790553 0.9834117 0.1749783
vn 0.037390552 0.9990824 0.020889083
vn 0.006408762 0.81511873 0.5792585
vn 0.02011166 0.6437555 -0.7649669
vn 0.103685156 0.99418485 -0.029083148
vn 0.0426336 0.8464617 -0.53073996
vn 0.23293337 0.9724918 -0.0013320654
vn 0.14901577 0.9888311 -0.0027094365
vn 0.21063097 0.9775652 -0.0009298239
vn 0.20345506 0.97807693 0.044402327
vn 0.20668618 0.9542881 -0.21590503
vn 0.12521873 0.9484982 0.2909836
vn 0.12703647 0.74179465 0.65848494
vn 0.31865484 0.9416292 0.10859841
vn 0.24738647 0.6315994 -0.7347667
vn 0.51733965 0.8540274 -0.054743934
vn 0.39620605 0.9181584 -0.0024201362
vn 0.42316878 0.8191013 0.38730007
vn 0.2885038 0.49784487 0.8178729
vn 0.5380791 0.8427919 0.013138408
vn 0.59475255 0.7483817 -0.29358864
vn 0.66960686 0.74271166 0.0024725003
vn 0.6564993 0.5159376 0.5502881
vn 0.7110097 0.687114 0.14946422
vn 0.7391161 0.67330104 -0.019318791
vn 0.82521325 0.56482005 0.0011770601
vn -0.31283557 0.7222307 0.6168604
vn -0.19514333 0.00361757 0.9807681
vn -0.48551542 -0.0047968873 0.87421495
vn -0.7773647 0.0076279114 0.629004
vn -0.33556584 -0.000041313917 0.9420168
vn -0.7935497 0.1473326 0.5903998
vn -0.43885508 0.36556885 0.8208323
vn -0.094717994 0.14688994 0.98460746
vn -0.102594405 0.00246374 0.9947202
vn -0.05458484 0.71615136 0.6958073
vn -0.19049205 0.63972884 0.74462056
vn -0.021031415 -0.006595428 0.99975705
vn -0.0046704183 0.43696874 0.89946455
vn -0.0067520603 0.79973036 0.6003214
vn -0.00046987558 0.1833736 0.9830432
vn 0.009736107 0.6353689 0.77214736
vn -0.0005681218 0.0053307144 0.99998564
vn 0.009056883 0.124735095 0.99214876
vn 0.007215119 -0.009624797 0.99992764
vn 0.0036216837 0.03204281 0.99947995
vn 0.00053853926 0.5523581 0.8336068
vn 0.003730917 -0.007286931 0.9999665
vn 0.0038914005 -0.008317537 0.99995786
vn -0.0011289685 0.21985953 0.97553086
vn 0.025049875 0.6396587 0.76825076
vn 0.0037502141 0.015663344 0.9998703
vn -0.014008797 0.85585105 0.5170327
vn 0.0023248978 -0.010604356 0.99994105
vn 0.0053863935 0.74577886 0.66617185
vn 0.0011474559 -0.008579047 0.99996257
vn 0.0024859463 0.013048338 0.9999118
vn -0.0043283217 0.6568592 0.7540008
vn 0.010519254 0.897226 0.44144633
vn -0.0033037416 0.023795355 0.9997114
vn 0.003094267 -0.0035014472 0.9999891
vn -0.010528912 0.46044958 0.8876234
vn 0.0021446894 0.7719274 0.6357071
vn 0.0008934474 -0.010224393 0.9999473
vn -0.0005432098 0.15548919 0.98783743
vn -0.0009936116 0.7632167 0.6461419
vn 0.0030710837 0.02299807 0.99973077
vn -0.0012755797 -0.005017278 0.9999866
vn 0.008107634 0.47855327 0.87802106
vn -0.0016089573 0.7123219 0.70185107
vn 0.004551811 0.17378974 0.98477226
vn 0.005331084 0.74446476 0.66764045
vn -0.0017579751 -0.0060326075 0.9999803
vn -0.00032559727 0.017862994 0.9998404
vn -0.0021252003 -0.008505668 0.99996156
vn 0.009229888 0.54245895 0.84003156
vn 0.0065758824 0.89674824 0.4424922
vn -0.031741682 0.37309256 0.927251
vn 0.003588976 0.21455374 0.9767056
vn -0.011314456 0.018650966 0.99976206
vn -0.0049171816 0.011530558 0.99992144
vn -0.008536191 0.5840346 0.81168383
vn -0.0042913742 -0.009003138 0.9999503
vn -0.0051882467 0.9100439 0.41447946
vn 0.008715092 0.030321078 0.99950224
vn -0.009559182 0.15588422 0.9877291
vn 0.016787706 0.009432446 0.99981457
vn -0.016213657 0.47225425 0.88131326
vn 0.0065650456 0.6977517 0.7163096
vn 0.021591963 0.8801318 0.47423813
vn 0.034705196 -0.009842781 0.9993491
vn 0.006408762 0.81511873 0.5792585
vn 0.03938542 0.53238 0.84558874
vn 0.028820278 0.13885733 0.98989296
vn 0.06257967 0.0023043272 0.99803734
vn 0.13015708 -0.009402333 0.9914488
vn 0.26481503 -0.00075342593 0.9642989
vn 0.21668921 0.024394015 0.9759358
vn 0.17793137 0.26350248 0.948107
vn 0.12703647 0.74179465 0.65848494
vn 0.12939867 0.6499196 0.7489062
vn 0.5031522 -0.006508809 0.8641733
vn 0.2885038 0.49784487 0.8178729
vn 0.4654952 0.15380241 0.87158424
vn 0.4510907 0.60653 0.6547049
vn 0.6445474 0.010214801 0.7644961
vn 0.6564993 0.5159376 0.5502881
vn 0.70502454 -0.0020848927 0.7091798
vn 0.7723092 0.17438109 0.6108435
vn -0.44665658 0.00483109 0.8946924
vn -0.01198652 -0.0062829107 0.99990845
vn -0.57040346 -0.003308665 0.82135797
vn -0.89705 -0.011252719 0.4417857
vn -0.16076067 -0.04482811 0.98597485
vn -0.96681833 -0.005229573 0.25541127
vn -0.30183807 -0.031282917 0.9528458
vn -0.9618537 -0.011362901 0.27332842
vn -0.8797702 -0.0045614457 0.47537723
vn -0.011632617 0.010730497 0.9998748
vn -0.034524187 -0.009363576 0.99936
vn -0.9021652 0.010904089 0.4312529
vn -0.13355687 0.006187702 0.9910218
vn -0.9768479 0.00060310186 0.21393411
vn -0.14586605 0.004343928 0.9892948
vn -0.13762245 0.84978104 0.50885385
vn -0.8471832 -0.28299913 0.44965777
vn -0.32620814 -0.1397479 0.9349111
vn 0.014892577 0.49870166 0.86664575
vn -0.605465 -0.14978808 0.78164935
vn 0.008577466 -0.008031154 0.999931
vn -0.02123215 -0.019146195 0.99959123
vn -0.47640932 -0.37085405 0.79718345
vn -0.057353072 0.007227372 0.9983278
vn -0.025939705 -0.029256191 0.99923533
vn -0.12073181 -0.401382 0.9079187
vn 0.004577602 -0.019149605 0.99980617
vn -0.039341867 0.085528165 0.99555874
vn 0.07530279 -0.16075836 0.984117
vn 0.005283963 -0.0069261785 0.99996203
vn 0.0026314575 -0.064414345 0.9979198
vn -0.006375194 0.02851969 0.9995729
vn 0.00087306305 0.5178692 0.8554594
vn 0.04892263 0.05151733 0.99747306
vn 0.027776824 -0.027769186 0.99922836
vn 0.19496836 -0.17389987 0.96527
vn 0.38025513 -0.76656646 0.5174765
vn 0.073009625 -0.5682922 0.81958133
vn 0.09568612 -0.042267658 0.99451375
vn 0.034603827 -0.01472032 0.9992927
vn 0.06411716 -0.012498595 0.9978641
vn 0.04484458 0.011420453 0.99892867
vn 0.027195612 0.3596682 0.9326839
vn 0.05578179 -0.004782532 0.9984315
vn 0.19474752 -0.21989943 0.95588577
vn 0.04932939 0.0025619522 0.9987793
vn 0.87168515 -0.1351685 0.47105673
vn 0.67058456 -0.122237235 0.73169285
vn 0.179333 -0.34126285 -0.9227022
vn 0.6260899 0.0017175782 0.77974904
vn 0.6846697 -0.0036767737 0.7288442
vn 0.4818177 0.033870194 0.87561667
vn 0.3190755 -0.025887365 0.94737566
vn 0.7684192 -0.00909379 0.63988215
vn 0.7129703 -0.014825457 0.70103747
vn 0.79327804 0.0073615895 0.608815
vn 0.57296675 -0.058879703 0.81746083
vn 0.9560486 -0.016588643 0.29273856
vn 0.11095648 0.99164224 0.065836
vn 0.7640726 0.020858798 0.6447929
vn 0.9396564 -0.19119889 0.28370556
vn 0.97674197 0.003282589 0.21439297
vn 0.9851122 -0.10443875 -0.13655238
vn -0.071167156 -0.004108411 -0.99745595
vn -0.9011345 -0.011797357 -0.43337914
vn -0.5399634 0.0020703736 -0.84168595
vn -0.8655315 -0.0034992183 -0.5008422
vn -0.031399187 -0.00023184021 -0.9995069
vn -0.2686809 0.76450986 -0.58594817
vn -0.77398336 -0.0037103302 -0.63319504
vn -0.0926525 0.007892018 -0.9956672
vn -0.8114197 0.009426889 -0.58438784
vn -0.73163563 0.0015219735 -0.6816942
vn -0.018312508 -0.018918797 -0.9996533
vn -0.034671377 -0.001453927 -0.9993977
vn -0.89140034 0.0040296437 -0.45319885
vn -0.6546837 -0.00036446517 -0.7559028
vn -0.8874957 0.055719867 -0.45743492
vn 0.06369934 0.005179756 -0.9979557
vn -0.0697241 -0.0056746956 -0.9975502
vn 0.002913067 0.011909841 -0.99992484
vn -0.008237056 0.03436853 -0.9993753
vn -0.90942526 0.323919 -0.26081055
vn -0.010980201 0.011536905 -0.99987316
vn -0.027960058 -0.0035568918 -0.99960274
vn -0.20985177 0.94728196 -0.24211387
vn -0.0034546258 0.5205607 -0.8538177
vn 0.0039085336 0.0066621723 -0.9999702
vn 0.47595596 -0.31111962 -0.8225998
vn 0.9103038 0.38312614 -0.1567209
vn 0.09450931 0.1327049 -0.98663944
vn 0.30177447 -0.29147488 -0.90773046
vn 0.5080807 0.33461747 -0.7936531
vn -0.0010805598 -0.00019766566 -0.9999994
vn 0.17291752 0.9161296 -0.36167127
vn 0.08126443 -0.5345084 -0.8412472
vn -0.0035308683 -0.003990688 -0.9999858
vn 0.03993811 -0.34657264 -0.93717253
vn -0.017306784 0.9562386 -0.29207557
vn -0.011738723 0.018605115 -0.999758
vn -0.0102606565 -0.010273185 -0.99989456
vn 0.38072285 0.65132093 -0.6563773
vn 0.03460312 0.12180866 -0.9919502
vn -0.007044994 0.07609861 -0.9970754
vn 0.0055483654 0.016336128 -0.99985117
vn -0.092450194 0.24035576 -0.96627223
vn -0.04911179 -0.14419168 -0.9883303
vn -0.40004 0.7619976 -0.50924224
vn 0.0023585532 0.87763584 -0.47932217
vn -0.0011729723 0.008796684 -0.9999606
vn 0.002817448 0.015536899 -0.9998753
vn 0.00022029472 0.50647247 -0.8622561
vn -0.22390832 -0.25775084 -0.93990934
vn -0.5785879 0.45916474 -0.6740948
vn 0.002233774 0.025754966 -0.9996658
vn 0.28841013 0.21395032 -0.9332978
vn -0.42990124 0.084719546 -0.8988924
vn -0.00010969423 0.0019662573 -0.99999803
vn 0.30065808 -0.16538851 -0.93928236
vn 0.010492584 0.056879014 -0.99832594
vn 0.053982154 -0.04775526 -0.9973993
vn 0.6454442 -0.38082153 -0.66210026
vn 0.11635809 -0.2586133 -0.9589473
vn 0.36425346 0.7748945 -0.51658297
vn 0.0015534762 -0.008515028 -0.99996257
vn -0.035748634 -0.3565972 -0.933574
vn 0.26992884 0.8842447 -0.3811165
vn -0.015466321 -0.15117307 -0.98838633
vn 0.02064955 -0.010304021 -0.9997337
vn 0.043573312 0.8382402 -0.54355747
vn 0.017497446 -0.005851568 -0.99982977
vn 0.021831548 0.29903558 -0.9539922
vn 0.014283467 0.79756314 -0.6030663
vn -0.2017599 0.39075133 -0.89811265
vn 0.0005522541 0.023144891 -0.99973196
vn -0.0034439843 -0.020257343 -0.9997889
vn 0.008954139 0.0020425008 -0.9999578
vn -0.118091196 -0.82634443 -0.5506445
vn -0.032488868 -0.89964056 -0.43542084
vn 0.0054249545 0.0015172644 -0.99998415
vn -0.06920353 -0.45156115 -0.88955235
vn 0.012541204 0.0417472 -0.9990495
vn 0.02478933 0.0061663827 -0.99967366
vn -0.12582244 0.21151094 -0.96924293
vn 0.38952753 0.0031208023 -0.92100954
vn -0.03043238 0.0045531583 -0.99952644
vn 0.34351367 0.8935375 -0.2891178
vn -0.3004432 -0.21717156 -0.9287467
vn -0.019732406 -0.017886939 -0.9996453
vn -0.6927679 0.14999145 -0.7053901
vn 0.58337414 0.0028379099 -0.8121986
vn -0.95683515 -0.15782976 -0.24404159
vn 0.5482073 0.11780133 -0.8280046
vn 0.6549556 -0.008874071 -0.75561523
vn 0.28101572 0.91925484 -0.2756823
vn 0.6940474 0.00787584 -0.71988624
vn 0.76574004 0.0075914543 -0.64310545
vn 0.67063403 -0.023681026 -0.7414103
vn 0.5552599 -0.04870889 -0.8302493
vn 0.61720735 -0.0027974963 -0.78679556
vn 0.76609695 0.0040700855 -0.6427122
vn 0.73481 0.0114334375 -0.67817664
vn -0.76267046 -0.4056294 -0.5037842
vn -0.9618537 -0.011362901 0.27332842
vn -0.8471832 -0.28299913 0.44965777
vn -0.75360703 -0.40497056 0.51775986
vn -0.605465 -0.14978808 0.78164935
vn -0.32620814 -0.1397479 0.9349111
vn -0.2673542 -0.3909818 -0.88071275
vn -0.3287098 -0.5027549 -0.79949194
vn -0.47640932 -0.37085405 0.79718345
vn -0.4001452 -0.79965734 0.4476962
vn -0.12073181 -0.401382 0.9079187
vn -0.06621139 -0.43666005 -0.89718676
vn 0.77249795 0.38623172 -0.50405556
vn 0.95471585 -0.287351 -0.077117145
vn 0.4632576 -0.47937635 -0.74537957
vn 0.9103038 0.38312614 -0.1567209
vn 0.47595596 -0.31111962 -0.8225998
vn 0.17291752 0.9161296 -0.36167127
vn 0.40259686 0.903617 -0.14626001
vn 0.5080807 0.33461747 -0.7936531
vn 0.93718934 -0.21879493 -0.2716707
vn 0.30177447 -0.29147488 -0.90773046
vn 0.4732222 0.3294782 -0.8170097
vn 0.2389127 -0.5333406 -0.81146073
vn 0.15914845 0.21855825 -0.96275854
vn 0.38072285 0.65132093 -0.6563773
vn 0.29192626 0.8357733 -0.46503985
vn 0.500471 0.84292567 -0.19749707
vn 0.03460312 0.12180866 -0.9919502
vn -0.27730584 0.5312749 -0.8005301
vn 0.038557056 -0.7961387 -0.60388446
vn -0.30334184 -0.06403961 -0.95072746
vn -0.52951545 -0.7988672 -0.2853499
vn 0.77249795 0.38623172 -0.50405556
vn 0.4632576 -0.47937635 -0.74537957
vn 0.08584604 0.26852876 -0.9594388
vn 0.17291752 0.9161296 -0.36167127
vn 0.14295736 -0.5836046 -0.7993553
vn 0.0038157904 -0.08547686 -0.9963328
vn -0.48610497 0.7949101 -0.36307013
vn -0.09758366 0.21243076 -0.9722914
vn -0.504529 -0.7227157 -0.47236907
vn -0.78607106 -0.0660149 -0.61460096
vn 0.93718934 -0.21879493 -0.2716707
vn 0.30177447 -0.29147488 -0.90773046
vn 0.27659592 -0.96068954 0.023880346
vn 0.03993811 -0.34657264 -0.93717253
vn 0.2389127 -0.5333406 -0.81146073
vn 0.038557056 -0.7961387 -0.60388446
vn -0.052371323 -0.95833635 0.28080016
vn -0.52951545 -0.7988672 -0.2853499
vn -0.22390832 -0.25775084 -0.93990934
vn 0.4632576 -0.47937635 -0.74537957
vn 0.47595596 -0.31111962 -0.8225998
vn 0.08126443 -0.5345084 -0.8412472
vn 0.14295736 -0.5836046 -0.7993553
vn -0.14042607 -0.9742056 -0.17664634
vn -0.04911179 -0.14419168 -0.9883303
vn -0.504529 -0.7227157 -0.47236907
vn -0.82263166 -0.49910653 -0.27234134
vn -0.092450194 0.24035576 -0.96627223
vn 0.03460312 0.12180866 -0.9919502
vn 0.500471 0.84292567 -0.19749707
vn 0.29192626 0.8357733 -0.46503985
vn -0.18720055 0.9734872 -0.13144809
vn -0.27730584 0.5312749 -0.8005301
vn -0.65495217 0.72435033 -0.21530032
vn -0.5785879 0.45916474 -0.6740948
vn -0.30334184 -0.06403961 -0.95072746
vn -0.52951545 -0.7988672 -0.2853499
vn -0.9837579 0.14389214 -0.10731001
vn -0.22390832 -0.25775084 -0.93990934
vn -0.40004 0.7619976 -0.50924224
vn 0.17291752 0.9161296 -0.36167127
vn -0.48610497 0.7949101 -0.36307013
vn -0.007044994 0.07609861 -0.9970754
vn -0.42990124 0.084719546 -0.8988924
vn -0.9814442 -0.021078039 -0.1905859
vn -0.78607106 -0.0660149 -0.61460096
vn -0.504529 -0.7227157 -0.47236907
vn -0.82263166 -0.49910653 -0.27234134
vn -0.09758366 0.21243076 -0.9722914
vn -0.04911179 -0.14419168 -0.9883303
vn 0.30600682 -0.85127085 0.42626017
vn -0.4001452 -0.79965734 0.4476962
vn -0.12073181 -0.401382 0.9079187
vn 0.161239 -0.88515025 -0.4364757
vn 0.07530279 -0.16075836 0.984117
vn 0.19496836 -0.17389987 0.96527
vn 0.21083425 -0.93323433 -0.29089954
vn 0.38025513 -0.76656646 0.5174765
vn 0.073009625 -0.5682922 0.81958133
vn 0.21463342 -0.9731998 0.082550675
vn 0.43194827 -0.88329357 -0.18224484
vn 0.43127546 -0.7589111 0.48790932
vn 0.64108306 -0.67338073 -0.3681995
vn 0.7249126 -0.31508863 0.6125528
vn 0.19474752 -0.21989943 0.95588577
vn 0.46140596 -0.39491874 -0.7944455
vn 0.57296675 -0.058879703 0.81746083
vn 0.87168515 -0.1351685 0.47105673
vn 0.42314675 -0.23401791 -0.87531847
vn 0.54910827 0.45295084 -0.7023643
vn 0.95941436 -0.06793749 -0.27369428
vn 0.28841013 0.21395032 -0.9332978
vn 0.10769258 0.024327409 -0.99388653
vn 0.00035105422 0.26956668 -0.96298164
vn 0.14568827 0.9559609 -0.25478157
vn 0.10180675 -0.5931331 -0.7986417
vn -0.09421539 0.084114246 -0.99199206
vn -0.13055056 -0.73913074 -0.66078913
vn -0.7616335 0.114232026 -0.63786006
vn -0.65991515 0.567202 -0.4927412
vn -0.9184185 -0.3803729 -0.10873752
vn 0.95941436 -0.06793749 -0.27369428
vn 0.28841013 0.21395032 -0.9332978
vn 0.30065808 -0.16538851 -0.93928236
vn 0.43968856 -0.8447965 -0.30494735
vn 0.42314675 -0.23401791 -0.87531847
vn 0.11635809 -0.2586133 -0.9589473
vn 0.10180675 -0.5931331 -0.7986417
vn -0.032488868 -0.89964056 -0.43542084
vn -0.015466321 -0.15117307 -0.98838633
vn -0.007244467 -0.99384433 -0.110548615
vn -0.118091196 -0.82634443 -0.5506445
vn -0.06920353 -0.45156115 -0.88955235
vn -0.13055056 -0.73913074 -0.66078913
vn -0.9184185 -0.3803729 -0.10873752
vn 0.39113867 -0.8288456 -0.40003183
vn 0.5606016 0.45676488 -0.69071823
vn 0.6454442 -0.38082153 -0.66210026
vn -0.03129571 -0.06927152 -0.99710685
vn 0.092875555 0.6920714 -0.71582913
vn -0.20479074 -0.88305146 -0.42223316
vn -0.37898025 0.33523777 -0.8625483
vn -0.60716826 -0.7048586 -0.3667711
vn 0.13428935 -0.9644575 0.22757007
vn 0.39113867 -0.8288456 -0.40003183
vn 0.6454442 -0.38082153 -0.66210026
vn -0.035748634 -0.3565972 -0.933574
vn -0.20479074 -0.88305146 -0.42223316
vn -0.60716826 -0.7048586 -0.3667711
vn -0.3004432 -0.21717156 -0.9287467
vn 0.5606016 0.45676488 -0.69071823
vn 0.36425346 0.7748945 -0.51658297
vn 0.6454442 -0.38082153 -0.66210026
vn 0.021831548 0.29903558 -0.9539922
vn 0.002817448 0.015536899 -0.9998753
vn 0.092875555 0.6920714 -0.71582913
vn -0.19261856 0.90804994 -0.37194538
vn -0.12582244 0.21151094 -0.96924293
vn -0.37898025 0.33523777 -0.8625483
vn -0.6957305 0.63581866 -0.33420607
vn -0.60716826 -0.7048586 -0.3667711
vn -0.3004432 -0.21717156 -0.9287467
vn 0.54910827 0.45295084 -0.7023643
vn 0.26992884 0.8842447 -0.3811165
vn 0.28841013 0.21395032 -0.9332978
vn 0.14568827 0.9559609 -0.25478157
vn -0.2017599 0.39075133 -0.89811265
vn 0.00035105422 0.26956668 -0.96298164
vn -0.47011805 0.8736068 -0.1256987
vn -0.65991515 0.567202 -0.4927412
vn -0.2017599 0.39075133 -0.89811265
vn -0.47011805 0.8736068 -0.1256987
vn -0.88929397 0.4390971 0.12786712
vn -0.65991515 0.567202 -0.4927412
vn -0.6927679 0.14999145 -0.7053901
vn -0.9929495 0.118308894 0.007369552
vn -0.7616335 0.114232026 -0.63786006
vn -0.9184185 -0.3803729 -0.10873752
vn -0.95683515 -0.15782976 -0.24404159
vn -0.06920353 -0.45156115 -0.88955235
vn 0.4510907 0.60653 0.6547049
vn 0.7784243 0.4218212 0.4648897
vn 0.70502454 -0.0020848927 0.7091798
vn 0.85148644 -0.003943389 0.5243618
vn 0.6445474 0.010214801 0.7644961
vn 0.5031522 -0.006508809 0.8641733
vn 0.51733965 0.8540274 -0.054743934
vn 0.8750527 0.43462318 -0.21303868
vn 0.59475255 0.7483817 -0.29358864
vn 0.73403144 0.2969624 -0.6107464
vn 0.6564993 0.5159376 0.5502881
vn 0.7723092 0.17438109 0.6108435
vn 0.882201 0.40224516 0.24478604
vn 0.7110097 0.687114 0.14946422
vn 0.529499 0.6013481 -0.5983404
vn 0.67590284 -0.012093817 -0.7368915
vn 0.8354174 -0.0013006395 -0.5496145
vn 0.82521325 0.56482005 0.0011770601
vn 0.903687 0.4258081 -0.045136515
vn 0.66960686 0.74271166 0.0024725003
vn 0.81178045 0.057448175 -0.58113015
vn 0.88213956 0.4701738 0.027683118
vn 0.5380791 0.8427919 0.013138408
vn 0.80988204 0.004623595 -0.5865745
vn 0.8758004 0.48266783 -0.0023384434
vn 0.9147035 0.05283857 0.40065646
vn 0.7391161 0.67330104 -0.019318791
vn 0.81791794 0.4785927 -0.31931064
vn 0.965565 -0.0038932692 -0.2601326
vn 0.9350818 0.004313438 0.35440576
vn 0.90953606 -0.032943983 0.4143173
vn 0.9489964 0.3152392 -0.0054774308
vn 0.96436405 -0.007360606 -0.26447657
vn 0.9859133 0.16725637 0.0005569852
vn 0.95662904 0.058530476 -0.28536835
vn 0.9750728 0.19922045 0.09769439
vn 0.9917755 0.12775025 0.007823662
vn 0.990087 0.006763146 0.14029256
vn 0.830963 0.54499364 -0.11172491
vn 0.9861415 0.1545523 -0.060319778
vn 0.9817256 0.08640999 0.16955298
vn 0.9860761 0.16621311 -0.005205808
vn 0.99169195 0.0041511175 0.12856835
vn 0.21753226 0.9757994 0.022255646
vn 0.9952933 0.09612844 0.012267637
vn 0.99783266 -0.0008458418 0.06579751
vn 0.9993227 0.03651681 -0.00454372
vn 0.99984384 0.0176591 -0.00065391447
vn 0.99590445 -0.0029750068 -0.09036297
vn 0.9998017 -0.010019056 -0.01720965
vn 0.9990138 0.0015561386 -0.04437332
vn 0.9995519 0.029021371 -0.007333955
vn 0.9999075 0.0017923511 -0.013484725
vn 0.99998367 -0.0034334094 0.0045699896
vn 0.99995613 0.000815552 0.009333946
vn 0.7221111 0.6894857 -0.05625819
vn 0.71457446 0.6995437 -0.0046775835
vn 0.9999781 -0.00588837 -0.0030073607
vn 0.9999952 -0.0020074702 -0.002364446
vn 0.835624 0.5493014 0.0007348413
vn 0.999984 -0.0055290186 0.0011877308
vn 0.99999434 0.0028426584 0.0018132484
vn 0.47425267 0.8798582 0.030560646
vn 0.99995977 -0.007856566 0.0043329275
vn 0.9998309 0.018386777 0.00029695357
vn 0.99970704 0.02349622 -0.005812844
vn 0.9999932 0.0008965051 0.0035833954
vn 0.8057475 0.59219784 0.008526861
vn 0.642292 0.76537156 -0.040833443
vn 0.7939515 0.42822686 0.43158168
vn 0.5419221 0.7553992 -0.3683645
vn 0.3436863 0.8776587 0.33405817
vn 0.9929669 -0.03204531 -0.11397282
vn 0.7111636 -0.20987791 -0.6709677
vn 0.4378869 -0.2704469 -0.8573876
vn 0.263341 -0.30114076 -0.91649646
vn 0.39094633 -0.27140617 -0.8794883
vn 0.9670968 -0.084015146 -0.24013585
vn 0.9630581 0.157641 -0.21833098
vn 0.3742584 -0.080709144 -0.92380553
vn 0.94237006 -0.22645697 -0.24628432
vn 0.76432586 -0.16289005 0.6239173
vn 0.62624866 -0.77900016 -0.031167477
vn 0.27616727 -0.2891226 -0.9165914
vn 0.97720903 -0.058148302 -0.20415981
vn 0.9918106 -0.012328459 0.12712085
vn 0.58017486 -0.26606223 -0.7698104
vn 0.9980445 -0.020189915 -0.05915732
vn 0.7886594 -0.18340188 -0.5868391
vn 0.99994516 -0.0041723 -0.0096083805
vn 0.6367675 -0.21059184 -0.74174
vn 0.9947779 -0.025239319 -0.098893195
vn 0.5249642 0.24789567 0.8142237
vn 0.9368242 0.09591662 0.3363932
vn 0.99690753 0.02616102 0.07410077
vn 0.997406 0.026061207 0.06709748
vn 0.9228039 -0.11053261 -0.36907396
vn 0.9956985 0.024113256 0.089459755
vn 0.2845082 0.31516865 0.905386
vn 0.5576597 0.25242934 0.79075605
vn 0.9637203 -0.083866514 -0.25339594
vn 0.32613555 0.22203867 0.9188767
vn 0.793358 0.18679959 0.57938665
vn 0.89903975 0.13072532 0.41789758
vn 0.83252305 0.16955641 0.52740496
vn 0.45920855 0.2696229 0.8464225
vn 0.84729147 0.15611614 0.5076662
vn 0.999903 -0.007805403 -0.011532724
vn 0.9994868 0.008109016 0.030988919
vn 0.99991244 0.012707191 -0.003691307
vn 0.9339677 0.10215064 0.34244645
vn 0.95728254 0.28898916 0.009768965
vn 0.42542952 0.9048957 -0.013170445
vn 0.5419463 0.84018826 0.019441463
vn 0.49789155 0.86711466 -0.014704332
vn 0.9547516 0.29740196 -0.0011982258
vn 0.23866908 0.9711001 -0.0012922103
vn 0.5686686 0.82255805 0.003772909
vn 0.9509252 0.30941746 0.0014658197
vn 0.25895357 0.9658861 0.0026666601
vn 0.2657781 -0.13836204 0.9540534
vn 0.74806136 -0.62839615 0.21335986
vn 0.9285685 -0.03906028 0.3691
vn 0.37551782 0.92670417 -0.014342845
vn 0.9227993 0.38510716 0.011571847
vn 0.9728284 0.23041953 -0.022621248
vn 0.8680656 -0.49643245 0.0041142334
vn 0.30688152 -0.9516789 -0.011446226
vn 0.9777759 -0.20962968 -0.0031136167
vn 0.5140533 -0.85775757 -0.0010584018
vn 0.5305168 -0.8476178 0.009795629
vn 0.9896731 -0.14332296 0.0024005438
vn 0.9052048 0.4246387 -0.016921075
vn 0.5906565 0.34479132 -0.7295504
vn 0.31790972 0.94585806 -0.065466695
vn 0.94666296 -0.25685278 -0.19456594
vn 0.87772465 -0.47907692 -0.009203681
vn 0.40940922 -0.87999 -0.24083546
vn 0.9783204 -0.20646441 0.016172906
vn 0.3582456 -0.93336755 0.02202398
vn 0.914691 -0.40410906 -0.0060235406
vn 0.99261135 0.12102458 -0.008704184
vn 0.7088341 0.70523113 -0.014256186
vn 0.6659276 -0.7460161 -0.00065117015
vn 0.701229 -0.71290463 -0.0067013167
vn 0.99533975 -0.09639598 -0.0025762755
vn 0.9915917 0.12874903 -0.013025034
vn 0.82608736 0.5635326 0.003267337
vn 0.81851906 0.5744459 0.006206328
vn 0.8020773 0.5972008 -0.0048190965
vn 0.7250295 -0.6886752 -0.007656863
vn 0.99935687 -0.035818804 0.0017014641
vn 0.7267753 0.68687415 -0.0012380264
vn 0.9938049 0.11102892 -0.0049437736
vn 0.8543578 0.5196733 0.0035356884
vn 0.3631603 0.9317264 0.0007042692
vn 0.9703963 0.24128738 0.010558582
vn 0.9888902 -0.14864737 -0.00045346783
vn 0.9126943 -0.40864238 0.00074932654
vn 0.7887992 0.6146462 -0.0024188927
vn 0.99641585 0.084381625 0.005927499
vn 0.9236632 -0.009332286 -0.38309163
vn 0.2540053 -0.123490065 -0.959287
vn 0.3970847 -0.016849881 0.9176273
vn 0.9914607 -0.0027895616 0.13037595
vn 0.6787074 0.020677572 0.7341176
vn 0.8737869 0.00094965374 0.48630807
vn 0.92256665 0.3664032 0.120911084
vn 0.42823556 0.18799227 0.8838966
vn 0.7056057 -0.708601 0.0022870721
vn 0.9618945 -0.27325612 0.009487673
vn 0.52851486 -0.848822 0.013164438
vn 0.9330496 -0.35893738 -0.024133194
vn 0.99560636 -0.093403466 -0.006619518
vn 0.9981949 -0.05825675 -0.014598261
vn 0.6058149 -0.7956047 -0.0012421764
vn 0.9926466 -0.12101269 0.0029450553
vn 0.9993765 0.029800931 0.01893647
vn 0.99120563 -0.12997575 0.024852984
vn 0.9993057 0.037251256 -0.0006429577
vn 0.9996086 0.026338898 -0.009429582
vn 0.99932796 -0.0364619 0.003756887
vn 0.99872476 -0.05046419 0.0014806621
vn 0.9870546 0.15898478 0.021144256
vn 0.7994735 -0.6006343 -0.008970485
vn 0.99943286 -0.033673234 0.0002570864
vn 0.8339994 -0.55151093 0.016753618
vn 0.9980932 -0.06157606 0.0042872177
vn 0.6424592 -0.027643627 -0.7658211
vn 0.59056824 0.029787386 -0.80643773
vn 0.9975737 -0.008602071 -0.06908505
vn 0.99476373 0.10129173 0.013605399
vn 0.9148299 0.40379968 0.005660993
vn 0.998144 0.06077325 0.003903407
vn 0.9381696 -0.34610498 0.0070081856
vn 0.99801123 0.0630255 -0.0011748951
vn 0.99943346 0.033445716 0.0037608908
vn 0.9977113 0.06755918 -0.00281773
vn 0.9985817 -0.053200748 -0.002060685
vn 0.99972737 0.021438546 0.009247893
vn 0.9865186 0.0838453 -0.14053828
vn 0.9994333 -0.00087487267 0.03365
vn 0.99999166 -0.0021587275 -0.003476536
vn 0.99995106 -0.0015456551 -0.009772111
vn 0.99981034 -0.017783303 -0.007940675
vn 0.99996644 -0.0013224653 -0.008085422
vn 0.99997914 -0.0010285742 -0.006377012
vn 0.99997276 -0.0051909704 -0.00524621
vn 0.999985 0.0039011955 -0.003842985
vn 0.9999947 -0.000928827 -0.0031251197
vn 0.99976665 0.021133248 -0.0044786143
vn 0.9999958 0.002882758 -0.000096487805
vn 0.99999154 -0.0040528057 0.0006750577
vn 0.9996998 0.024464529 0.0013829365
vn 0.9999767 0.0067357565 0.0011179225
vn 0.99999946 -0.0002282025 0.0009927239
vn 0.99999875 -0.001411831 0.0007213559
vn 0.9999952 0.003108185 0.0000547812
vn 0.9999932 -0.003619417 0.00067627465
vn 0.99999416 0.0032910143 0.0009459227
vn 0.9999548 -0.009166085 0.002523047
vn 0.9998778 0.014679592 -0.00537243
vn 0.999997 -0.0005229034 0.0023826587
vn 0.9999855 0.004584424 0.0028178822
vn 0.99999666 0.0025356184 0.00048849586
vn 0.99986166 0.016334819 0.0031373855
vn 0.9999998 0.00048536228 -0.00039967225
vn 0.99995434 -0.009354729 -0.0019633244
vn 0.99999315 0.0036989176 -0.00029160836
vn 0.99999595 -0.0027654774 -0.000674329
vn 0.9999952 0.0030922308 0.0003561198
vn 0.9999976 -0.0019815548 0.0009110908
vn 0.99998087 0.006096981 -0.0010553866
vn 0.99998945 0.004470939 -0.001026711
vn 0.999967 -0.007868261 -0.0020237132
vn 0.9999973 -0.0022164367 -0.00067390356
vn 0.9999937 -0.0008504058 -0.0034461431
vn 0.9999907 0.0036426575 -0.002305912
vn 0.9999975 -0.0022336089 0.000089385314
vn 0.9999935 -0.0035815607 0.00042315913
vn 0.9999947 0.003113004 -0.0009855954
vn 0.9999811 0.006149822 -0.00000678354
vn 0.99999624 -0.0017511828 -0.0021205659
vn 0.99999976 -0.00057333306 0.00044837073
vn 0.9999979 0.0020316173 0.00014957292
vn 0.9999754 -0.0034302485 0.0061224
vn 0.99998754 0.0035690288 0.0034817907
vn 0.99998456 -0.0010348526 0.005463644
vn 0.999897 0.0036505114 0.0138817895
vn 0.99996 -0.006166249 0.0064782677
vn 0.9987611 0.048033737 0.013001116
vn 0.9997625 0.0063956277 -0.020833552
vn 0.9996465 -0.026441626 -0.002782813
vn 0.9028732 0.0078262985 -0.4298357
vn -0.9838843 0.17836861 0.012505981
vn -0.5813027 0.8097776 0.07967059
vn -0.98762375 0.00042505556 0.15684097
vn -0.99781084 -0.003754974 0.06602568
vn -0.9803843 0.04492029 0.1919082
vn -0.9993967 0.020826723 0.027793845
vn -0.96801513 0.24849914 0.034567
vn -0.9999614 -0.006375099 -0.006054986
vn -0.9975666 0.06964897 -0.0031446442
vn -0.76189625 0.64758736 -0.01203046
vn -0.99863154 0.052289307 -0.0009443245
vn -0.9474629 0.31913444 0.021614851
vn -0.99999493 0.0010527753 -0.0030138276
vn -0.9999317 -0.009437725 -0.006898371
vn -0.87247103 0.48865515 -0.0032278528
vn -0.99405885 0.10880788 0.002803341
vn -0.99976015 0.02189878 -0.0003501113
vn -0.99994653 -0.010180611 0.0018199347
vn -0.9998233 0.018347587 0.0040956587
vn -0.9780392 0.2083955 0.0032531107
vn -0.99998343 -0.0057225763 -0.00062061264
vn -0.585075 0.81051314 -0.027489638
vn -0.9999085 -0.0048660752 -0.012621091
vn -0.99983656 -0.0111115035 -0.014261186
vn -0.9942391 0.106997624 -0.0063346047
vn -0.9970865 0.03663545 -0.06690546
vn -0.68762887 0.72590655 0.015039098
vn -0.99401826 0.027046798 -0.105812
vn -0.9864392 -0.00283819 -0.1641023
vn -0.15367664 0.98723274 -0.041892212
vn -0.91923827 0.006083151 0.3936546
vn -0.8931297 0.449761 0.00586071
vn -0.9613871 0.25144008 -0.111860394
vn -0.94174016 -0.00684902 -0.33627155
vn -0.94997734 0.060266707 -0.30644906
vn -0.87670505 0.48101792 -0.0031716186
vn -0.830011 0.2707974 0.4875967
vn -0.8653157 0.007708256 -0.501168
vn -0.9356958 0.2936317 0.19558552
vn -0.8933793 0.003748238 -0.44928765
vn -0.78079206 0.62469584 0.010903177
vn -0.83709633 0.33139536 -0.43525496
vn -0.7773647 0.0076279114 0.629004
vn -0.7171249 0.6969445 0.0005222838
vn -0.770556 0.6373375 -0.006660653
vn -0.735116 0.078290015 -0.6734056
vn -0.7935497 0.1473326 0.5903998
vn -0.78788966 0.6117955 -0.070257485
vn -0.7126676 -0.015501438 -0.7013306
vn -0.56173015 0.72225195 0.40349886
vn -0.5936857 0.80468196 0.0049195145
vn -0.48551542 -0.0047968873 0.87421495
vn -0.7050792 0.7085194 0.029388059
vn -0.6470349 0.76235145 0.012889025
vn -0.56706077 0.022343604 -0.82337284
vn -0.5722337 0.649502 -0.5006953
vn -0.6016458 0.7987554 -0.0034720944
vn -0.31283557 0.7222307 0.6168604
vn -0.5502029 0.80397165 -0.2256242
vn -0.61792475 -0.0018080822 -0.78623515
vn -0.52525455 0.65151626 -0.54738855
vn -0.4330634 0.30284202 -0.8489657
vn -0.43885508 0.36556885 0.8208323
vn -0.7126676 -0.015501438 -0.7013306
vn -0.61792475 -0.0018080822 -0.78623515
vn -0.38212383 -0.012759871 -0.92402303
vn -0.56706077 0.022343604 -0.82337284
vn -0.5722337 0.649502 -0.5006953
vn -0.12356131 0.9232324 -0.3638332
vn -0.41150126 0.016792804 -0.91125447
vn -0.735116 0.078290015 -0.6734056
vn -0.4330634 0.30284202 -0.8489657
vn -0.42846063 0.08244385 -0.89979136
vn -0.18672772 0.6690332 -0.7193937
vn -0.52525455 0.65151626 -0.54738855
vn -0.1333355 0.13953467 -0.98119915
vn -0.19823836 0.020772927 -0.9799337
vn -0.11254652 -0.0018976975 -0.99364465
vn -0.066447504 0.45551813 -0.8877432
vn -0.036739018 0.5979426 -0.80069655
vn -0.06017294 -0.0025049148 -0.9981848
vn -0.022940353 0.8048894 -0.59298134
vn -0.019441899 -0.009126814 -0.99976933
vn -0.019959677 0.053094875 -0.99838996
vn -0.0055877785 -0.0010073576 -0.9999839
vn -0.0054978435 0.25014675 -0.96819234
vn 0.0014712343 -0.0036275266 -0.9999923
vn -0.0051619844 0.5297693 -0.84812605
vn 0.018619135 0.684687 -0.72859937
vn 0.0010581013 0.057036255 -0.99837154
vn 0.0015417533 -0.0016403518 -0.99999744
vn 0.006599867 0.30599257 -0.95201105
vn 0.00095661596 0.11354752 -0.9935321
vn -0.0008907807 0.57720214 -0.81660086
vn 0.002042612 -0.0047879918 -0.99998647
vn 0.002091447 0.0059660845 -0.99998003
vn -0.0047560944 0.20585857 -0.9785702
vn -0.0011779638 -0.0051778085 -0.9999859
vn -0.0020954085 0.0013566043 -0.9999969
vn -0.004804657 0.2878366 -0.95766747
vn -0.0032295762 0.039742377 -0.99920475
vn -0.0016229714 0.0021443143 -0.99999636
vn 0.0062582507 0.9076165 -0.41975364
vn -0.012684226 0.69466156 -0.7192249
vn 0.0072285854 0.60336286 -0.79743403
vn -0.0010393184 -0.0021676992 -0.99999714
vn -0.003913653 0.06656223 -0.9977746
vn 0.00096536876 -0.0054247584 -0.9999848
vn -0.0065391427 0.39722663 -0.91769725
vn -0.0054219957 0.72794396 -0.6856152
vn 0.007956096 0.15251714 -0.9882688
vn 0.0023932725 0.017367955 -0.9998463
vn 0.0030862808 0.45750457 -0.8892019
vn 0.00030787796 0.562195 -0.8270047
vn -0.0009724796 -0.0048639653 -0.9999877
vn -0.0019476999 0.75894076 -0.6511568
vn -0.0012112901 -0.009174145 -0.9999572
vn 0.006169139 0.16226402 -0.9867281
vn -0.006193532 0.49975538 -0.8661444
vn -0.0023636858 0.0142584825 -0.9998956
vn -0.00020976058 0.54342824 -0.8394556
vn -0.0055186506 -0.0018976089 -0.99998295
vn -0.0009997984 -0.004946079 -0.99998724
vn -0.0055421125 0.14584224 -0.9892923
vn 0.00028915802 0.9273393 -0.37422144
vn 0.0021106252 0.012444183 -0.99992037
vn -0.008398655 0.025135692 -0.99964875
vn 0.0041346666 0.32440943 -0.9459077
vn -0.0018783363 -0.0037115219 -0.99999136
vn -0.0016785742 0.004813838 -0.999987
vn 0.013124476 0.8066157 -0.59093046
vn 0.0044789007 0.5962209 -0.8028079
vn 0.017663583 0.026757121 -0.9994859
vn 0.00033241222 0.13431153 -0.9909391
vn -0.0061243223 0.90822166 -0.4184447
vn 0.00896118 -0.009276935 -0.9999168
vn 0.025269227 0.035768453 -0.9990406
vn 0.0059428005 -0.0016660277 -0.9999809
vn 0.027810264 0.2520629 -0.96731114
vn 0.08983851 -0.013190704 -0.995869
vn 0.018600807 0.36308023 -0.9315722
vn 0.02011166 0.6437555 -0.7649669
vn 0.06531683 -0.005059874 -0.9978517
vn 0.18249379 0.32898095 -0.92653525
vn 0.16072333 0.3240359 -0.93229216
vn 0.18540509 0.04160165 -0.9817812
vn 0.0426336 0.8464617 -0.53073996
vn 0.24738647 0.6315994 -0.7347667
vn 0.28975555 -0.00821949 -0.9570654
vn 0.38145328 -0.005583412 -0.92437124
vn 0.5005669 0.15219113 -0.8522151
vn 0.27166632 0.75468713 -0.5971974
vn 0.5411012 0.01746495 -0.8407761
vn 0.5508722 0.0018107342 -0.83458763
vn 0.529499 0.6013481 -0.5983404
vn 0.67590284 -0.012093817 -0.7368915
vn 0.81178045 0.057448175 -0.58113015
vn 0.73403144 0.2969624 -0.6107464
vn 0.80988204 0.004623595 -0.5865745
vn 0.59475255 0.7483817 -0.29358864
vn -0.13762245 0.84978104 0.50885385
vn -0.8797702 -0.0045614457 0.47537723
vn -0.62917036 0.77329534 0.07847915
vn -0.99981683 0.016544579 0.009619332
vn -0.9021652 0.010904089 0.4312529
vn -0.99977386 0.0024499027 -0.021123843
vn -0.99991584 0.0032670293 0.012553906
vn -0.99985796 -0.0015236769 0.016785398
vn -0.57040346 -0.003308665 0.82135797
vn -0.9995501 0.0028216366 0.029861059
vn -0.9618537 -0.011362901 0.27332842
vn -0.9964163 0.08449787 0.003842974
vn -0.99996275 0.006942924 0.0051234397
vn -0.99955434 -0.00072841183 -0.029842975
vn -0.9988698 0.0060007456 -0.047150712
vn -0.9324359 0.3557399 -0.063343525
vn -0.9977098 0.010193982 -0.06686751
vn -0.99984366 -0.00200755 -0.017568966
vn -0.9973783 -0.00038218717 -0.07236339
vn -0.9988608 -0.004039439 -0.047547646
vn -0.44665658 0.00483109 0.8946924
vn -0.96681833 -0.005229573 0.25541127
vn -0.89705 -0.011252719 0.4417857
vn -0.9768479 0.00060310186 0.21393411
vn -0.89784735 -0.11406837 -0.42527464
vn -0.9997785 -0.00015089054 -0.021044137
vn -0.9011345 -0.011797357 -0.43337914
vn -0.70480126 0.68382657 -0.18877602
vn -0.8655315 -0.0034992183 -0.5008422
vn -0.77398336 -0.0037103302 -0.63319504
vn -0.8114197 0.009426889 -0.58438784
vn -0.89140034 0.0040296437 -0.45319885
vn -0.5399634 0.0020703736 -0.84168595
vn -0.6546837 -0.00036446517 -0.7559028
vn -0.8874957 0.055719867 -0.45743492
vn -0.2686809 0.76450986 -0.58594817
vn -0.73163563 0.0015219735 -0.6816942
vn -0.90942526 0.323919 -0.26081055
vn -0.6631083 0.74788535 0.030900648
vn -0.76267046 -0.4056294 -0.5037842
vn -0.20985177 0.94728196 -0.24211387
vn -0.054688916 0.99789566 0.03483412
vn -0.024803791 0.5158935 -0.85629356
vn -0.017306784 0.9562386 -0.29207557
vn 0.008064735 0.9998202 0.01716447
vn 0.0023585532 0.87763584 -0.47932217
vn 0.01885794 0.17214486 -0.9848911
vn 0.011519422 0.99708104 0.07547668
vn 0.043573312 0.8382402 -0.54355747
vn 0.07490176 0.99671173 0.030910501
vn 0.11182934 0.8346842 -0.53925544
vn 0.07490176 0.99671173 0.030910501
vn 0.34351367 0.8935375 -0.2891178
vn 0.043573312 0.8382402 -0.54355747
vn 0.11182934 0.8346842 -0.53925544
vn 0.56489223 0.82505333 0.013553473
vn 0.7763213 0.39490014 -0.49130347
vn 0.95570993 0.27909425 -0.09340718
vn 0.5482073 0.11780133 -0.8280046
vn 0.99616235 0.08749951 -0.0020988912
vn 0.9982001 0.028591234 -0.05271721
vn 0.9926901 -0.008825686 -0.12036805
vn 0.67063403 -0.023681026 -0.7414103
vn 0.9983121 0.0021363255 -0.05803767
vn 0.28101572 0.91925484 -0.2756823
vn 0.99778867 -0.018074749 -0.06396128
vn 0.9578509 0.28642312 -0.021989528
vn 0.5552599 -0.04870889 -0.8302493
vn 0.61720735 -0.0027974963 -0.78679556
vn 0.99935526 0.0012063537 -0.035883725
vn 0.76609695 0.0040700855 -0.6427122
vn 0.9973243 0.010400975 -0.07236078
vn 0.58337414 0.0028379099 -0.8121986
vn 0.99793893 -0.005598753 -0.0639263
vn 0.76574004 0.0075914543 -0.64310545
vn 0.99003667 0.02660794 -0.13827305
vn 0.38952753 0.0031208023 -0.92100954
vn 0.6940474 0.00787584 -0.71988624
vn 0.9989723 0.00061225827 -0.04532142
vn 0.6549556 -0.008874071 -0.75561523
vn 0.99550647 -0.0056510046 -0.09452477
vn 0.73481 0.0114334375 -0.67817664
vn 0.99961245 -0.0008752024 0.027824864
vn 0.7640726 0.020858798 0.6447929
vn 0.7129703 -0.014825457 0.70103747
vn 0.4818177 0.033870194 0.87561667
vn 0.99402595 0.012216577 0.10845814
vn 0.3190755 -0.025887365 0.94737566
vn 0.99872625 -0.0022559143 0.05040676
vn 0.9560486 -0.016588643 0.29273856
vn 0.7684192 -0.00909379 0.63988215
vn 0.99974245 0.0014533575 0.022647496
vn 0.97674197 0.003282589 0.21439297
vn 0.9999631 0.0023317474 0.008264797
vn 0.9851122 -0.10443875 -0.13655238
vn 0.6846697 -0.0036767737 0.7288442
vn 0.99939847 0.0075373333 0.03385098
vn 0.79327804 0.0073615895 0.608815
vn 0.6260899 0.0017175782 0.77974904
vn 0.9993639 0.0024017345 0.03558135
vn 0.9901844 -0.013746036 -0.13908917
vn 0.9993766 -0.022703294 0.027035706
vn 0.11095648 0.99164224 0.065836
vn 0.9999776 -0.0016654579 -0.0064809863
usemtl material_0
f 1/1/1 2/2/2 3/3/3
f 2/2/2 4/4/4 5/5/5
f 3/3/3 2/2/2 5/5/5
f 3/3/3 6/6/6 1/1/1
f 4/4/4 7/7/7 5/5/5
f 4/4/4 8/8/8 7/7/7
f 9/9/9 10/10/10 11/11/11
f 10/10/10 12/12/12 13/13/13
f 14/14/14 9/9/9 15/15/15
f 10/10/10 13/13/13 11/11/11
f 15/15/15 9/9/9 16/16/16
f 9/9/9 11/11/11 16/16/16
f 12/12/12 17/17/17 13/13/13
f 6/6/6 18/18/18 19/19/19
f 6/6/6 3/3/3 18/18/18
f 5/5/5 7/7/7 20/20/20
f 7/7/7 8/8/8 20/20/20
f 3/3/3 5/5/5 18/18/18
f 18/18/18 5/5/5 20/20/20
f 19/19/19 18/18/18 21/21/21
f 18/18/18 20/20/20 22/22/22
f 21/21/21 18/18/18 23/23/23
f 24/24/24 21/21/21 23/23/23
f 25/25/25 22/22/22 20/20/20
f 20/20/20 26/26/26 25/25/25
f 22/22/22 23/23/23 18/18/18
f 22/22/22 25/25/25 27/27/27
f 22/22/22 27/27/27 23/23/23
f 25/25/25 28/28/28 27/27/27
f 29/29/29 23/23/23 30/30/30
f 23/23/23 27/27/27 30/30/30
f 27/27/27 28/28/28 31/31/31
f 29/29/29 30/30/30 32/32/32
f 33/33/33 29/29/29 32/32/32
f 27/27/27 31/31/31 34/34/34
f 27/27/27 34/34/34 35/35/35
f 27/27/27 35/35/35 30/30/30
f 35/35/35 34/34/34 36/36/36
f 32/32/32 30/30/30 37/37/37
f 38/38/38 36/36/36 34/34/34
f 35/35/35 39/39/39 30/30/30
f 39/39/39 35/35/35 36/36/36
f 40/40/40 32/32/32 37/37/37
f 37/37/37 30/30/30 39/39/39
f 36/36/36 38/38/38 41/41/41
f 37/37/37 42/42/42 40/40/40
f 39/39/39 36/36/36 43/43/43
f 42/42/42 37/37/37 44/44/44
f 37/37/37 39/39/39 45/45/45
f 44/44/44 37/37/37 45/45/45
f 43/43/43 36/36/36 46/46/46
f 45/45/45 39/39/39 43/43/43
f 47/47/47 43/43/43 46/46/46
f 48/48/48 44/44/44 45/45/45
f 43/43/43 47/47/47 49/49/49
f 45/45/45 43/43/43 50/50/50
f 48/48/48 45/45/45 51/51/51
f 47/47/47 52/52/52 49/49/49
f 43/43/43 49/49/49 50/50/50
f 45/45/45 53/53/53 51/51/51
f 53/53/53 45/45/45 50/50/50
f 53/53/53 50/50/50 49/49/49
f 49/49/49 52/52/52 54/54/54
f 55/55/55 48/48/48 51/51/51
f 49/49/49 54/54/54 56/56/56
f 54/54/54 52/52/52 57/57/57
f 56/56/56 53/53/53 49/49/49
f 51/51/51 53/53/53 58/58/58
f 53/53/53 56/56/56 58/58/58
f 59/59/59 51/51/51 58/58/58
f 54/54/54 60/60/60 61/61/61
f 56/56/56 54/54/54 61/61/61
f 55/55/55 51/51/51 59/59/59
f 55/55/55 59/59/59 62/62/62
f 63/63/63 59/59/59 58/58/58
f 56/56/56 61/61/61 64/64/64
f 63/63/63 58/58/58 65/65/65
f 62/62/62 59/59/59 63/63/63
f 58/58/58 56/56/56 65/65/65
f 61/61/61 66/66/66 64/64/64
f 63/63/63 65/65/65 67/67/67
f 56/56/56 64/64/64 10/10/10
f 65/65/65 56/56/56 10/10/10
f 64/64/64 66/66/66 12/12/12
f 67/67/67 65/65/65 9/9/9
f 65/65/65 10/10/10 9/9/9
f 10/10/10 64/64/64 12/12/12
f 63/63/63 67/67/67 9/9/9
f 63/63/63 9/9/9 14/14/14
f 68/68/68 14/14/14 15/15/15
f 17/17/17 12/12/12 69/69/69
f 70/70/70 6/6/6 71/71/71
f 4/4/4 72/72/72 8/8/8
f 8/8/8 26/26/26 20/20/20
f 24/24/24 23/23/23 29/29/29
f 28/28/28 73/73/73 31/31/31
f 74/74/74 29/29/29 33/33/33
f 31/31/31 73/73/73 34/34/34
f 75/75/75 32/32/32 40/40/40
f 36/36/36 41/41/41 46/46/46
f 47/47/47 46/46/46 76/76/76
f 54/54/54 57/57/57 60/60/60
f 66/66/66 69/69/69 12/12/12
f 17/17/17 69/69/69 77/77/77
f 13/13/13 78/78/78 11/11/11
f 13/13/13 17/17/17 78/78/78
f 21/21/21 79/79/79 19/19/19
f 33/33/33 32/32/32 75/75/75
f 48/48/48 80/80/80 44/44/44
f 81/81/81 48/48/48 55/55/55
f 82/82/82 55/55/55 62/62/62
f 61/61/61 83/83/83 66/66/66
f 79/79/79 21/21/21 24/24/24
f 28/28/28 25/25/25 26/26/26
f 52/52/52 47/47/47 76/76/76
f 66/66/66 84/84/84 69/69/69
f 62/62/62 63/63/63 14/14/14
f 11/11/11 85/85/85 16/16/16
f 24/24/24 29/29/29 74/74/74
f 73/73/73 38/38/38 34/34/34
f 75/75/75 40/40/40 86/86/86
f 80/80/80 48/48/48 81/81/81
f 83/83/83 61/61/61 60/60/60
f 6/6/6 19/19/19 71/71/71
f 52/52/52 76/76/76 57/57/57
f 66/66/66 83/83/83 84/84/84
f 77/77/77 69/69/69 87/87/87
f 44/44/44 88/88/88 42/42/42
f 6/6/6 70/70/70 1/1/1
f 86/86/86 40/40/40 42/42/42
f 11/11/11 78/78/78 85/85/85
f 74/74/74 79/79/79 24/24/24
f 69/69/69 84/84/84 87/87/87
f 88/88/88 44/44/44 80/80/80
f 82/82/82 81/81/81 55/55/55
f 89/89/89 90/90/90 91/91/91
f 92/92/92 93/93/93 94/94/94
f 93/93/93 95/95/95 94/94/94
f 96/96/96 97/97/97 98/98/98
f 99/99/99 93/93/93 92/92/92
f 89/89/89 100/100/100 101/101/101
f 95/95/95 102/102/102 103/103/103
f 103/103/103 104/104/104 105/105/105
f 90/90/90 106/106/106 91/91/91
f 101/101/101 107/107/107 96/96/96
f 98/98/98 108/108/108 92/92/92
f 109/109/109 106/106/106 90/90/90
f 110/110/110 111/111/111 112/112/112
f 91/91/91 100/100/100 89/89/89
f 93/93/93 102/102/102 95/95/95
f 105/105/105 113/113/113 114/114/114
f 114/114/114 113/113/113 110/110/110
f 98/98/98 97/97/97 115/115/115
f 98/98/98 115/115/115 108/108/108
f 96/96/96 116/116/116 97/97/97
f 113/113/113 111/111/111 110/110/110
f 99/99/99 92/92/92 108/108/108
f 112/112/112 117/117/117 118/118/118
f 100/100/100 107/107/107 101/101/101
f 96/96/96 107/107/107 116/116/116
f 104/104/104 113/113/113 105/105/105
f 117/117/117 112/112/112 111/111/111
f 103/103/103 119/119/119 104/104/104
f 120/120/120 106/106/106 109/109/109
f 118/118/118 117/117/117 121/121/121
f 102/102/102 119/119/119 103/103/103
f 91/91/91 122/122/122 100/100/100
f 123/123/123 93/93/93 99/99/99
f 115/115/115 97/97/97 116/116/116
f 106/106/106 122/122/122 91/91/91
f 93/93/93 123/123/123 102/102/102
f 120/120/120 124/124/124 106/106/106
f 115/115/115 125/125/125 108/108/108
f 104/104/104 119/119/119 126/126/126
f 104/104/104 126/126/126 113/113/113
f 108/108/108 125/125/125 99/99/99
f 100/100/100 122/122/122 127/127/127
f 100/100/100 127/127/127 107/107/107
f 126/126/126 128/128/128 113/113/113
f 102/102/102 129/129/129 119/119/119
f 130/130/130 123/123/123 99/99/99
f 106/106/106 131/131/131 122/122/122
f 125/125/125 130/130/130 99/99/99
f 124/124/124 120/120/120 132/132/132
f 111/111/111 133/133/133 117/117/117
f 113/113/113 128/128/128 111/111/111
f 106/106/106 124/124/124 131/131/131
f 128/128/128 133/133/133 111/111/111
f 117/117/117 134/134/134 121/121/121
f 107/107/107 127/127/127 135/135/135
f 119/119/119 136/136/136 126/126/126
f 132/132/132 137/137/137 124/124/124
f 123/123/123 129/129/129 102/102/102
f 116/116/116 138/138/138 115/115/115
f 107/107/107 135/135/135 116/116/116
f 115/115/115 138/138/138 125/125/125
f 133/133/133 134/134/134 117/117/117
f 134/134/134 139/139/139 121/121/121
f 131/131/131 127/127/127 122/122/122
f 138/138/138 130/130/130 125/125/125
f 124/124/124 137/137/137 140/140/140
f 119/119/119 129/129/129 136/136/136
f 141/141/141 142/142/142 126/126/126
f 124/124/124 140/140/140 131/131/131
f 143/143/143 138/138/138 116/116/116
f 131/131/131 144/144/144 127/127/127
f 116/116/116 135/135/135 143/143/143
f 127/127/127 144/144/144 135/135/135
f 126/126/126 136/136/136 141/141/141
f 126/126/126 142/142/142 128/128/128
f 129/129/129 145/145/145 136/136/136
f 128/128/128 146/146/146 133/133/133
f 129/129/129 123/123/123 147/147/147
f 146/146/146 128/128/128 142/142/142
f 130/130/130 148/148/148 149/149/149
f 130/130/130 147/147/147 123/123/123
f 147/147/147 145/145/145 129/129/129
f 136/136/136 145/145/145 150/150/150
f 136/136/136 150/150/150 151/151/151
f 136/136/136 151/151/151 141/141/141
f 138/138/138 148/148/148 130/130/130
f 147/147/147 130/130/130 149/149/149
f 138/138/138 152/152/152 148/148/148
f 131/131/131 153/153/153 144/144/144
f 135/135/135 154/154/154 143/143/143
f 142/142/142 155/155/155 146/146/146
f 138/138/138 156/156/156 152/152/152
f 143/143/143 157/157/157 138/138/138
f 142/142/142 141/141/141 158/158/158
f 144/144/144 154/154/154 135/135/135
f 133/133/133 146/146/146 134/134/134
f 137/137/137 159/159/159 140/140/140
f 140/140/140 153/153/153 131/131/131
f 142/142/142 158/158/158 155/155/155
f 146/146/146 160/160/160 134/134/134
f 143/143/143 154/154/154 157/157/157
f 138/138/138 157/157/157 156/156/156
f 161/161/161 154/154/154 144/144/144
f 159/159/159 153/153/153 140/140/140
f 162/162/162 160/160/160 146/146/146
f 153/153/153 161/161/161 144/144/144
f 134/134/134 160/160/160 139/139/139
f 157/157/157 163/163/163 156/156/156
f 159/159/159 164/164/164 153/153/153
f 155/155/155 162/162/162 146/146/146
f 165/165/165 157/157/157 154/154/154
f 166/166/166 162/162/162 155/155/155
f 157/157/157 165/165/165 167/167/167
f 167/167/167 163/163/163 157/157/157
f 161/161/161 165/165/165 154/154/154
f 168/168/168 139/139/139 160/160/160
f 160/160/160 162/162/162 169/169/169
f 170/170/170 164/164/164 159/159/159
f 153/153/153 171/171/171 161/161/161
f 161/161/161 172/172/172 165/165/165
f 160/160/160 169/169/169 168/168/168
f 164/164/164 173/173/173 153/153/153
f 165/165/165 174/174/174 167/167/167
f 165/165/165 172/172/172 174/174/174
f 166/166/166 175/175/175 162/162/162
f 162/162/162 176/176/176 169/169/169
f 171/171/171 172/172/172 161/161/161
f 175/175/175 176/176/176 162/162/162
f 173/173/173 171/171/171 153/153/153
f 177/177/177 163/163/163 167/167/167
f 164/164/164 170/170/170 173/173/173
f 178/178/178 168/168/168 169/169/169
f 167/167/167 174/174/174 179/179/179
f 176/176/176 178/178/178 169/169/169
f 163/163/163 177/177/177 180/180/180
f 179/179/179 177/177/177 167/167/167
f 172/172/172 181/181/181 174/174/174
f 171/171/171 173/173/173 182/182/182
f 170/170/170 183/183/183 173/173/173
f 178/178/178 184/184/184 168/168/168
f 181/181/181 179/179/179 174/174/174
f 171/171/171 185/185/185 172/172/172
f 186/186/186 178/178/178 176/176/176
f 177/177/177 187/187/187 180/180/180
f 176/176/176 175/175/175 186/186/186
f 172/172/172 185/185/185 181/181/181
f 177/177/177 188/188/188 187/187/187
f 177/177/177 179/179/179 188/188/188
f 184/184/184 189/189/189 168/168/168
f 175/175/175 190/190/190 186/186/186
f 191/191/191 178/178/178 186/186/186
f 184/184/184 178/178/178 191/191/191
f 181/181/181 192/192/192 179/179/179
f 185/185/185 192/192/192 181/181/181
f 191/191/191 189/189/189 184/184/184
f 183/183/183 193/193/193 173/173/173
f 173/173/173 194/194/194 182/182/182
f 179/179/179 195/195/195 188/188/188
f 188/188/188 196/196/196 187/187/187
f 189/189/189 191/191/191 197/197/197
f 197/197/197 198/198/198 189/189/189
f 188/188/188 195/195/195 196/196/196
f 182/182/182 199/199/199 171/171/171
f 190/190/190 200/200/200 186/186/186
f 194/194/194 201/201/201 182/182/182
f 182/182/182 201/201/201 199/199/199
f 171/171/171 199/199/199 185/185/185
f 186/186/186 202/202/202 191/191/191
f 179/179/179 192/192/192 195/195/195
f 191/191/191 202/202/202 197/197/197
f 193/193/193 194/194/194 173/173/173
f 200/200/200 202/202/202 186/186/186
f 185/185/185 203/203/203 192/192/192
f 195/195/195 204/204/204 196/196/196
f 205/205/205 195/195/195 192/192/192
f 185/185/185 199/199/199 203/203/203
f 206/206/206 198/198/198 197/197/197
f 202/202/202 206/206/206 197/197/197
f 193/193/193 207/207/207 194/194/194
f 192/192/192 203/203/203 205/205/205
f 206/206/206 208/208/208 198/198/198
f 194/194/194 209/209/209 201/201/201
f 207/207/207 209/209/209 194/194/194
f 210/210/210 202/202/202 200/200/200
f 193/193/193 211/211/211 207/207/207
f 210/210/210 200/200/200 212/212/212
f 199/199/199 213/213/213 203/203/203
f 201/201/201 213/213/213 199/199/199
f 202/202/202 210/210/210 206/206/206
f 203/203/203 213/213/213 214/214/214
f 215/215/215 208/208/208 206/206/206
f 209/209/209 213/213/213 201/201/201
f 203/203/203 214/214/214 205/205/205
f 195/195/195 216/216/216 204/204/204
f 205/205/205 217/217/217 195/195/195
f 206/206/206 218/218/218 215/215/215
f 219/219/219 216/216/216 195/195/195
f 209/209/209 220/220/220 213/213/213
f 205/205/205 214/214/214 217/217/217
f 206/206/206 210/210/210 218/218/218
f 211/211/211 221/221/221 207/207/207
f 207/207/207 222/222/222 209/209/209
f 217/217/217 219/219/219 195/195/195
f 212/212/212 223/223/223 210/210/210
f 207/207/207 221/221/221 222/222/222
f 210/210/210 223/223/223 218/218/218
f 224/224/224 215/215/215 218/218/218
f 225/225/225 219/219/219 217/217/217
f 212/212/212 226/226/226 223/223/223
f 227/227/227 216/216/216 219/219/219
f 222/222/222 220/220/220 209/209/209
f 220/220/220 228/228/228 213/213/213
f 213/213/213 228/228/228 214/214/214
f 224/224/224 229/229/229 215/215/215
f 221/221/221 230/230/230 222/222/222
f 225/225/225 227/227/227 219/219/219
f 218/218/218 223/223/223 231/231/231
f 218/218/218 231/231/231 224/224/224
f 214/214/214 232/232/232 217/217/217
f 228/228/228 232/232/232 214/214/214
f 217/217/217 233/233/233 225/225/225
f 226/226/226 231/231/231 223/223/223
f 224/224/224 231/231/231 234/234/234
f 225/225/225 235/235/235 227/227/227
f 236/236/236 232/232/232 228/228/228
f 222/222/222 237/237/237 220/220/220
f 232/232/232 233/233/233 217/217/217
f 238/238/238 228/228/228 220/220/220
f 226/226/226 239/239/239 231/231/231
f 230/230/230 237/237/237 222/222/222
f 224/224/224 234/234/234 229/229/229
f 220/220/220 237/237/237 238/238/238
f 238/238/238 236/236/236 228/228/228
f 229/229/229 234/234/234 240/240/240
f 233/233/233 241/241/241 225/225/225
f 236/236/236 242/242/242 232/232/232
f 225/225/225 243/243/243 235/235/235
f 230/230/230 221/221/221 244/244/244
f 231/231/231 245/245/245 234/234/234
f 232/232/232 242/242/242 241/241/241
f 232/232/232 241/241/241 233/233/233
f 231/231/231 239/239/239 246/246/246
f 243/243/243 247/247/247 235/235/235
f 231/231/231 246/246/246 245/245/245
f 237/237/237 248/248/248 238/238/238
f 237/237/237 230/230/230 249/249/249
f 230/230/230 244/244/244 249/249/249
f 237/237/237 250/250/250 248/248/248
f 241/241/241 243/243/243 225/225/225
f 236/236/236 248/248/248 242/242/242
f 238/238/238 248/248/248 236/236/236
f 251/251/251 240/240/240 234/234/234
f 234/234/234 245/245/245 251/251/251
f 242/242/242 252/252/252 241/241/241
f 249/249/249 250/250/250 237/237/237
f 245/245/245 246/246/246 253/253/253
f 240/240/240 251/251/251 254/254/254
f 244/244/244 255/255/255 249/249/249
f 248/248/248 252/252/252 242/242/242
f 241/241/241 256/256/256 243/243/243
f 243/243/243 257/257/257 247/247/247
f 252/252/252 256/256/256 241/241/241
f 245/245/245 253/253/253 251/251/251
f 244/244/244 258/258/258 255/255/255
f 256/256/256 257/257/257 243/243/243
f 249/249/249 259/259/259 250/250/250
f 255/255/255 259/259/259 249/249/249
f 248/248/248 260/260/260 252/252/252
f 261/261/261 251/251/251 253/253/253
f 246/246/246 262/262/262 253/253/253
f 263/263/263 248/248/248 250/250/250
f 262/262/262 261/261/261 253/253/253
f 251/251/251 261/261/261 264/264/264
f 258/258/258 265/265/265 255/255/255
f 251/251/251 266/266/266 254/254/254
f 267/267/267 257/257/257 256/256/256
f 260/260/260 268/268/268 252/252/252
f 251/251/251 264/264/264 266/266/266
f 255/255/255 265/265/265 259/259/259
f 252/252/252 268/268/268 256/256/256
f 259/259/259 263/263/263 250/250/250
f 261/261/261 269/269/269 264/264/264
f 263/263/263 260/260/260 248/248/248
f 257/257/257 267/267/267 270/270/270
f 264/264/264 269/269/269 271/271/271
f 264/264/264 271/271/271 266/266/266
f 262/262/262 272/272/272 261/261/261
f 263/263/263 273/273/273 260/260/260
f 259/259/259 273/273/273 263/263/263
f 268/268/268 274/274/274 256/256/256
f 262/262/262 275/275/275 272/272/272
f 260/260/260 276/276/276 268/268/268
f 277/277/277 259/259/259 265/265/265
f 276/276/276 274/274/274 268/268/268
f 274/274/274 267/267/267 256/256/256
f 260/260/260 273/273/273 276/276/276
f 277/277/277 278/278/278 259/259/259
f 279/279/279 270/270/270 267/267/267
f 261/261/261 272/272/272 269/269/269
f 259/259/259 280/280/280 273/273/273
f 275/275/275 281/281/281 272/272/272
f 280/280/280 259/259/259 278/278/278
f 267/267/267 274/274/274 279/279/279
f 282/282/282 270/270/270 279/279/279
f 273/273/273 283/283/283 276/276/276
f 276/276/276 284/284/284 274/274/274
f 280/280/280 283/283/283 273/273/273
f 274/274/274 284/284/284 285/285/285
f 286/286/286 269/269/269 272/272/272
f 276/276/276 283/283/283 284/284/284
f 278/278/278 287/287/287 280/280/280
f 288/288/288 272/272/272 281/281/281
f 277/277/277 287/287/287 278/278/278
f 274/274/274 289/289/289 279/279/279
f 288/288/288 290/290/290 272/272/272
f 290/290/290 286/286/286 272/272/272
f 285/285/285 289/289/289 274/274/274
f 269/269/269 291/291/291 271/271/271
f 292/292/292 293/293/293 279/279/279
f 279/279/279 293/293/293 282/282/282
f 269/269/269 286/286/286 291/291/291
f 294/294/294 280/280/280 287/287/287
f 283/283/283 295/295/295 284/284/284
f 287/287/287 277/277/277 296/296/296
f 290/290/290 288/288/288 297/297/297
f 294/294/294 298/298/298 280/280/280
f 284/284/284 295/295/295 285/285/285
f 289/289/289 292/292/292 279/279/279
f 291/291/291 299/299/299 271/271/271
f 300/300/300 290/290/290 297/297/297
f 280/280/280 298/298/298 283/283/283
f 293/293/293 292/292/292 301/301/301
f 283/283/283 298/298/298 295/295/295
f 302/302/302 300/300/300 297/297/297
f 300/300/300 286/286/286 290/290/290
f 303/303/303 291/291/291 286/286/286
f 295/295/295 304/304/304 285/285/285
f 300/300/300 302/302/302 305/305/305
f 292/292/292 306/306/306 301/301/301
f 285/285/285 304/304/304 289/289/289
f 307/307/307 308/308/308 309/309/309
f 309/309/309 308/308/308 310/310/310
f 310/310/310 308/308/308 311/311/311
f 311/311/311 308/308/308 312/312/312
f 311/311/311 312/312/312 313/313/313
f 313/313/313 314/314/314 315/315/315
f 315/315/315 316/316/316 305/305/305
f 291/291/291 303/303/303 299/299/299
f 317/317/317 307/307/307 309/309/309
f 305/305/305 316/316/316 300/300/300
f 294/294/294 318/318/318 298/298/298
f 292/292/292 319/319/319 306/306/306
f 306/306/306 307/307/307 317/317/317
f 314/314/314 316/316/316 315/315/315
f 319/319/319 320/320/320 306/306/306
f 312/312/312 314/314/314 313/313/313
f 287/287/287 321/321/321 294/294/294
f 298/298/298 322/322/322 295/295/295
f 299/299/299 303/303/303 323/323/323
f 289/289/289 324/324/324 292/292/292
f 300/300/300 325/325/325 286/286/286
f 318/318/318 322/322/322 298/298/298
f 306/306/306 326/326/326 307/307/307
f 318/318/318 294/294/294 321/321/321
f 306/306/306 320/320/320 326/326/326
f 289/289/289 304/304/304 324/324/324
f 287/287/287 327/327/327 321/321/321
f 316/316/316 328/328/328 300/300/300
f 286/286/286 325/325/325 303/303/303
f 324/324/324 319/319/319 292/292/292
f 329/329/329 308/308/308 307/307/307
f 295/295/295 330/330/330 304/304/304
f 307/307/307 326/326/326 329/329/329
f 322/322/322 330/330/330 295/295/295
f 308/308/308 331/331/331 312/312/312
f 314/314/314 332/332/332 316/316/316
f 303/303/303 333/333/333 323/323/323
f 332/332/332 328/328/328 316/316/316
f 324/324/324 304/304/304 334/334/334
f 319/319/319 335/335/335 320/320/320
f 314/314/314 312/312/312 336/336/336
f 300/300/300 328/328/328 325/325/325
f 318/318/318 321/321/321 337/337/337
f 324/324/324 338/338/338 319/319/319
f 329/329/329 331/331/331 308/308/308
f 334/334/334 338/338/338 324/324/324
f 314/314/314 339/339/339 332/332/332
f 318/318/318 337/337/337 322/322/322
f 326/326/326 340/340/340 329/329/329
f 341/341/341 321/321/321 327/327/327
f 342/342/342 304/304/304 330/330/330
f 320/320/320 340/340/340 326/326/326
f 336/336/336 339/339/339 314/314/314
f 322/322/322 343/343/343 330/330/330
f 325/325/325 344/344/344 303/303/303
f 304/304/304 342/342/342 334/334/334
f 319/319/319 338/338/338 335/335/335
f 331/331/331 336/336/336 312/312/312
f 320/320/320 345/345/345 340/340/340
f 325/325/325 328/328/328 344/344/344
f 344/344/344 346/346/346 303/303/303
f 303/303/303 346/346/346 333/333/333
f 345/345/345 320/320/320 335/335/335
f 332/332/332 347/347/347 328/328/328
f 348/348/348 342/342/342 330/330/330
f 341/341/341 349/349/349 321/321/321
f 321/321/321 349/349/349 337/337/337
f 328/328/328 347/347/347 344/344/344
f 350/350/350 323/323/323 333/333/333
f 351/351/351 336/336/336 331/331/331
f 337/337/337 343/343/343 322/322/322
f 331/331/331 352/352/352 351/351/351
f 332/332/332 353/353/353 347/347/347
f 334/334/334 342/342/342 354/354/354
f 338/338/338 355/355/355 335/335/335
f 329/329/329 356/356/356 331/331/331
f 339/339/339 336/336/336 351/351/351
f 341/341/341 357/357/357 349/349/349
f 340/340/340 356/356/356 329/329/329
f 349/349/349 358/358/358 337/337/337
f 356/356/356 352/352/352 331/331/331
f 346/346/346 359/359/359 333/333/333
f 354/354/354 355/355/355 334/334/334
f 339/339/339 353/353/353 332/332/332
f 355/355/355 360/360/360 335/335/335
f 337/337/337 361/361/361 343/343/343
f 330/330/330 343/343/343 348/348/348
f 334/334/334 355/355/355 338/338/338
f 335/335/335 360/360/360 345/345/345
f 337/337/337 358/358/358 361/361/361
f 352/352/352 362/362/362 351/351/351
f 354/354/354 342/342/342 348/348/348
f 333/333/333 359/359/359 350/350/350
f 351/351/351 363/363/363 339/339/339
f 343/343/343 364/364/364 348/348/348
f 356/356/356 340/340/340 365/365/365
f 347/347/347 353/353/353 366/366/366
f 347/347/347 367/367/367 344/344/344
f 346/346/346 344/344/344 368/368/368
f 355/355/355 369/369/369 360/360/360
f 356/356/356 370/370/370 352/352/352
f 344/344/344 367/367/367 368/368/368
f 345/345/345 365/365/365 340/340/340
f 348/348/348 371/371/371 354/354/354
f 346/346/346 372/372/372 359/359/359
f 373/373/373 358/358/358 349/349/349
f 373/373/373 361/361/361 358/358/358
f 343/343/343 361/361/361 364/364/364
f 354/354/354 374/374/374 355/355/355
f 339/339/339 363/363/363 353/353/353
f 370/370/370 362/362/362 352/352/352
f 366/366/366 367/367/367 347/347/347
f 375/375/375 349/349/349 357/357/357
f 360/360/360 376/376/376 345/345/345
f 351/351/351 362/362/362 363/363/363
f 368/368/368 372/372/372 346/346/346
f 364/364/364 371/371/371 348/348/348
f 345/345/345 376/376/376 365/365/365
f 359/359/359 377/377/377 350/350/350
f 378/378/378 370/370/370 356/356/356
f 355/355/355 374/374/374 369/369/369
f 375/375/375 373/373/373 349/349/349
f 371/371/371 374/374/374 354/354/354
f 379/379/379 366/366/366 353/353/353
f 380/380/380 381/381/381 382/382/382
f 383/383/383 384/384/384 385/385/385
f 386/386/386 381/381/381 380/380/380
f 387/387/387 383/383/383 385/385/385
f 388/388/388 389/389/389 390/390/390
f 391/391/391 392/392/392 393/393/393
f 382/382/382 381/381/381 394/394/394
f 395/395/395 396/396/396 397/397/397
f 398/398/398 399/399/399 400/400/400
f 387/387/387 385/385/385 401/401/401
f 402/402/402 392/392/392 388/388/388
f 389/389/389 382/382/382 390/390/390
f 403/403/403 397/397/397 400/400/400
f 391/391/391 404/404/404 405/405/405
f 406/406/406 407/407/407 398/398/398
f 392/392/392 402/402/402 393/393/393
f 406/406/406 387/387/387 401/401/401
f 408/408/408 381/381/381 386/386/386
f 388/388/388 390/390/390 409/409/409
f 407/407/407 406/406/406 401/401/401
f 382/382/382 394/394/394 390/390/390
f 397/397/397 403/403/403 395/395/395
f 403/403/403 400/400/400 399/399/399
f 399/399/399 398/398/398 407/407/407
f 388/388/388 409/409/409 402/402/402
f 394/394/394 381/381/381 408/408/408
f 386/386/386 396/396/396 395/395/395
f 401/401/401 385/385/385 410/410/410
f 404/404/404 391/391/391 411/411/411
f 391/391/391 393/393/393 411/411/411
f 403/403/403 399/399/399 412/412/412
f 386/386/386 395/395/395 408/408/408
f 399/399/399 407/407/407 413/413/413
f 407/407/407 401/401/401 410/410/410
f 385/385/385 384/384/384 414/414/414
f 415/415/415 393/393/393 402/402/402
f 395/395/395 403/403/403 412/412/412
f 409/409/409 390/390/390 416/416/416
f 393/393/393 415/415/415 411/411/411
f 412/412/412 399/399/399 413/413/413
f 410/410/410 385/385/385 417/417/417
f 385/385/385 414/414/414 418/418/418
f 409/409/409 419/419/419 402/402/402
f 394/394/394 420/420/420 390/390/390
f 390/390/390 420/420/420 416/416/416
f 394/394/394 408/408/408 420/420/420
f 415/415/415 402/402/402 421/421/421
f 408/408/408 395/395/395 422/422/422
f 395/395/395 412/412/412 422/422/422
f 417/417/417 385/385/385 418/418/418
f 408/408/408 422/422/422 423/423/423
f 411/411/411 415/415/415 424/424/424
f 415/415/415 421/421/421 424/424/424
f 419/419/419 409/409/409 416/416/416
f 422/422/422 412/412/412 425/425/425
f 402/402/402 419/419/419 421/421/421
f 412/412/412 413/413/413 425/425/425
f 426/426/426 407/407/407 410/410/410
f 424/424/424 427/427/427 411/411/411
f 417/417/417 418/418/418 428/428/428
f 420/420/420 408/408/408 423/423/423
f 418/418/418 414/414/414 429/429/429
f 407/407/407 426/426/426 430/430/430
f 413/413/413 407/407/407 430/430/430
f 410/410/410 417/417/417 431/431/431
f 410/410/410 431/431/431 426/426/426
f 418/418/418 429/429/429 428/428/428
f 421/421/421 419/419/419 432/432/432
f 420/420/420 423/423/423 433/433/433
f 413/413/413 434/434/434 425/425/425
f 434/434/434 413/413/413 430/430/430
f 416/416/416 420/420/420 435/435/435
f 421/421/421 432/432/432 424/424/424
f 422/422/422 425/425/425 434/434/434
f 420/420/420 433/433/433 435/435/435
f 429/429/429 436/436/436 428/428/428
f 417/417/417 428/428/428 437/437/437
f 419/419/419 416/416/416 435/435/435
f 432/432/432 419/419/419 435/435/435
f 417/417/417 437/437/437 431/431/431
f 427/427/427 424/424/424 438/438/438
f 424/424/424 432/432/432 438/438/438
f 428/428/428 436/436/436 437/437/437
f 434/434/434 430/430/430 439/439/439
f 430/430/430 426/426/426 440/440/440
f 431/431/431 437/437/437 441/441/441
f 439/439/439 430/430/430 440/440/440
f 426/426/426 431/431/431 442/442/442
f 438/438/438 432/432/432 443/443/443
f 432/432/432 435/435/435 443/443/443
f 423/423/423 422/422/422 444/444/444
f 426/426/426 442/442/442 440/440/440
f 442/442/442 431/431/431 441/441/441
f 433/433/433 423/423/423 445/445/445
f 437/437/437 436/436/436 441/441/441
f 438/438/438 446/446/446 427/427/427
f 442/442/442 441/441/441 447/447/447
f 436/436/436 429/429/429 448/448/448
f 441/441/441 436/436/436 448/448/448
f 445/445/445 423/423/423 444/444/444
f 444/444/444 422/422/422 434/434/434
f 440/440/440 442/442/442 449/449/449
f 450/450/450 435/435/435 433/433/433
f 438/438/438 443/443/443 446/446/446
f 435/435/435 451/451/451 443/443/443
f 452/452/452 453/453/453 429/429/429
f 454/454/454 434/434/434 439/439/439
f 435/435/435 450/450/450 451/451/451
f 440/440/440 455/455/455 439/439/439
f 449/449/449 442/442/442 447/447/447
f 444/444/444 434/434/434 454/454/454
f 440/440/440 449/449/449 455/455/455
f 453/453/453 448/448/448 429/429/429
f 456/456/456 433/433/433 445/445/445
f 450/450/450 433/433/433 457/457/457
f 441/441/441 448/448/448 458/458/458
f 447/447/447 441/441/441 458/458/458
f 439/439/439 455/455/455 459/459/459
f 456/456/456 445/445/445 460/460/460
f 446/446/446 443/443/443 461/461/461
f 460/460/460 445/445/445 444/444/444
f 454/454/454 439/439/439 462/462/462
f 451/451/451 450/450/450 457/457/457
f 453/453/453 463/463/463 448/448/448
f 439/439/439 459/459/459 462/462/462
f 448/448/448 463/463/463 458/458/458
f 461/461/461 443/443/443 451/451/451
f 464/464/464 463/463/463 453/453/453
f 446/446/446 461/461/461 465/465/465
f 455/455/455 449/449/449 466/466/466
f 447/447/447 458/458/458 467/467/467
f 433/433/433 456/456/456 468/468/468
f 449/449/449 447/447/447 469/469/469
f 447/447/447 467/467/467 469/469/469
f 468/468/468 456/456/456 460/460/460
f 433/433/433 468/468/468 457/457/457
f 459/459/459 455/455/455 466/466/466
f 470/470/470 454/454/454 462/462/462
f 463/463/463 464/464/464 471/471/471
f 444/444/444 454/454/454 470/470/470
f 449/449/449 469/469/469 466/466/466
f 463/463/463 471/471/471 472/472/472
f 451/451/451 473/473/473 461/461/461
f 463/463/463 472/472/472 458/458/458
f 444/444/444 474/474/474 460/460/460
f 462/462/462 459/459/459 475/475/475
f 470/470/470 462/462/462 475/475/475
f 467/467/467 458/458/458 476/476/476
f 444/444/444 470/470/470 477/477/477
f 458/458/458 472/472/472 476/476/476
f 473/473/473 451/451/451 457/457/457
f 459/459/459 466/466/466 475/475/475
f 477/477/477 474/474/474 444/444/444
f 469/469/469 467/467/467 476/476/476
f 457/457/457 468/468/468 478/478/478
f 460/460/460 479/479/479 468/468/468
f 473/473/473 457/457/457 478/478/478
f 477/477/477 470/470/470 480/480/480
f 466/466/466 469/469/469 481/481/481
f 475/475/475 466/466/466 482/482/482
f 470/470/470 475/475/475 480/480/480
f 481/481/481 469/469/469 476/476/476
f 461/461/461 473/473/473 483/483/483
f 474/474/474 477/477/477 484/484/484
f 472/472/472 471/471/471 485/485/485
f 466/466/466 481/481/481 482/482/482
f 472/472/472 486/486/486 476/476/476
f 472/472/472 485/485/485 486/486/486
f 479/479/479 460/460/460 487/487/487
f 484/484/484 477/477/477 480/480/480
f 475/475/475 488/488/488 480/480/480
f 489/489/489 465/465/465 461/461/461
f 473/473/473 478/478/478 483/483/483
f 490/490/490 461/461/461 483/483/483
f 488/488/488 475/475/475 491/491/491
f 461/461/461 490/490/490 489/489/489
f 460/460/460 474/474/474 487/487/487
f 475/475/475 482/482/482 491/491/491
f 468/468/468 479/479/479 492/492/492
f 481/481/481 476/476/476 493/493/493
f 480/480/480 488/488/488 494/494/494
f 486/486/486 485/485/485 495/495/495
f 484/484/484 480/480/480 496/496/496
f 482/482/482 481/481/481 497/497/497
f 481/481/481 493/493/493 497/497/497
f 468/468/468 492/492/492 478/478/478
f 492/492/492 479/479/479 487/487/487
f 487/487/487 474/474/474 498/498/498
f 474/474/474 484/484/484 498/498/498
f 476/476/476 499/499/499 493/493/493
f 488/488/488 491/491/491 494/494/494
f 486/486/486 495/495/495 500/500/500
f 480/480/480 494/494/494 496/496/496
f 476/476/476 486/486/486 499/499/499
f 484/484/484 496/496/496 501/501/501
f 496/496/496 494/494/494 502/502/502
f 489/489/489 490/490/490 503/503/503
f 483/483/483 504/504/504 490/490/490
f 505/505/505 482/482/482 497/497/497
f 498/498/498 484/484/484 501/501/501
f 486/486/486 500/500/500 499/499/499
f 503/503/503 490/490/490 506/506/506
f 478/478/478 492/492/492 507/507/507
f 489/489/489 503/503/503 508/508/508
f 496/496/496 502/502/502 501/501/501
f 490/490/490 504/504/504 506/506/506
f 482/482/482 505/505/505 491/491/491
f 499/499/499 509/509/509 493/493/493
f 483/483/483 478/478/478 510/510/510
f 498/498/498 501/501/501 511/511/511
f 494/494/494 491/491/491 512/512/512
f 499/499/499 513/513/513 509/509/509
f 487/487/487 498/498/498 511/511/511
f 499/499/499 500/500/500 513/513/513
f 478/478/478 507/507/507 510/510/510
f 497/497/497 493/493/493 514/514/514
f 495/495/495 515/515/515 500/500/500
f 487/487/487 511/511/511 516/516/516
f 492/492/492 487/487/487 516/516/516
f 500/500/500 515/515/515 517/517/517
f 518/518/518 502/502/502 494/494/494
f 507/507/507 492/492/492 516/516/516
f 511/511/511 501/501/501 519/519/519
f 504/504/504 483/483/483 520/520/520
f 493/493/493 509/509/509 514/514/514
f 505/505/505 497/497/497 514/514/514
f 500/500/500 517/517/517 513/513/513
f 520/520/520 483/483/483 521/521/521
f 483/483/483 510/510/510 521/521/521
f 505/505/505 512/512/512 491/491/491
f 507/507/507 516/516/516 522/522/522
f 518/518/518 494/494/494 512/512/512
f 510/510/510 507/507/507 522/522/522
f 516/516/516 511/511/511 523/523/523
f 524/524/524 503/503/503 506/506/506
f 505/505/505 514/514/514 525/525/525
f 524/524/524 508/508/508 503/503/503
f 512/512/512 505/505/505 526/526/526
f 527/527/527 517/517/517 515/515/515
f 520/520/520 521/521/521 504/504/504
f 516/516/516 523/523/523 522/522/522
f 501/501/501 502/502/502 518/518/518
f 504/504/504 528/528/528 506/506/506
f 511/511/511 519/519/519 523/523/523
f 509/509/509 513/513/513 529/529/529
f 510/510/510 522/522/522 530/530/530
f 524/524/524 506/506/506 528/528/528
f 501/501/501 518/518/518 531/531/531
f 505/505/505 525/525/525 526/526/526
f 525/525/525 514/514/514 532/532/532
f 508/508/508 524/524/524 533/533/533
f 514/514/514 509/509/509 532/532/532
f 501/501/501 531/531/531 519/519/519
f 521/521/521 510/510/510 530/530/530
f 513/513/513 517/517/517 529/529/529
f 509/509/509 529/529/529 532/532/532
f 533/533/533 524/524/524 528/528/528
f 518/518/518 512/512/512 534/534/534
f 512/512/512 526/526/526 534/534/534
f 504/504/504 521/521/521 535/535/535
f 521/521/521 530/530/530 535/535/535
f 529/529/529 517/517/517 536/536/536
f 519/519/519 531/531/531 537/537/537
f 531/531/531 518/518/518 537/537/537
f 534/534/534 526/526/526 538/538/538
f 528/528/528 504/504/504 535/535/535
f 523/523/523 519/519/519 539/539/539
f 523/523/523 540/540/540 522/522/522
f 528/528/528 541/541/541 533/533/533
f 523/523/523 542/542/542 540/540/540
f 536/536/536 517/517/517 527/527/527
f 530/530/530 522/522/522 540/540/540
f 523/523/523 539/539/539 542/542/542
f 532/532/532 529/529/529 543/543/543
f 526/526/526 525/525/525 538/538/538
f 525/525/525 532/532/532 544/544/544
f 527/527/527 545/545/545 546/546/546
f 536/536/536 527/527/527 546/546/546
f 528/528/528 535/535/535 547/547/547
f 539/539/539 519/519/519 537/537/537
f 535/535/535 530/530/530 548/548/548
f 530/530/530 540/540/540 548/548/548
f 518/518/518 534/534/534 549/549/549
f 532/532/532 543/543/543 544/544/544
f 537/537/537 518/518/518 549/549/549
f 543/543/543 529/529/529 536/536/536
f 535/535/535 548/548/548 547/547/547
f 538/538/538 525/525/525 550/550/550
f 525/525/525 544/544/544 550/550/550
f 540/540/540 542/542/542 551/551/551
f 536/536/536 546/546/546 552/552/552
f 545/545/545 553/553/553 546/546/546
f 548/548/548 540/540/540 551/551/551
f 543/543/543 536/536/536 554/554/554
f 542/542/542 539/539/539 555/555/555
f 539/539/539 537/537/537 556/556/556
f 549/549/549 534/534/534 557/557/557
f 534/534/534 538/538/538 557/557/557
f 554/554/554 536/536/536 552/552/552
f 541/541/541 528/528/528 547/547/547
f 544/544/544 543/543/543 554/554/554
f 555/555/555 539/539/539 556/556/556
f 538/538/538 550/550/550 558/558/558
f 559/559/559 537/537/537 549/549/549
f 550/550/550 544/544/544 560/560/560
f 556/556/556 537/537/537 559/559/559
f 554/554/554 552/552/552 561/561/561
f 542/542/542 562/562/562 551/551/551
f 563/563/563 549/549/549 557/557/557
f 550/550/550 560/560/560 558/558/558
f 544/544/544 554/554/554 560/560/560
f 546/546/546 553/553/553 564/564/564
f 542/542/542 555/555/555 565/565/565
f 542/542/542 565/565/565 562/562/562
f 558/558/558 557/557/557 538/538/538
f 562/562/562 566/566/566 551/551/551
f 555/555/555 556/556/556 567/567/567
f 552/552/552 546/546/546 568/568/568
f 546/546/546 564/564/564 568/568/568
f 541/541/541 547/547/547 569/569/569
f 559/559/559 549/549/549 563/563/563
f 547/547/547 548/548/548 570/570/570
f 551/551/551 566/566/566 548/548/548
f 571/571/571 541/541/541 569/569/569
f 565/565/565 555/555/555 567/567/567
f 552/552/552 568/568/568 561/561/561
f 557/557/557 558/558/558 572/572/572
f 567/567/567 556/556/556 559/559/559
f 560/560/560 554/554/554 573/573/573
f 558/558/558 560/560/560 574/574/574
f 554/554/554 561/561/561 575/575/575
f 566/566/566 562/562/562 565/565/565
f 559/559/559 563/563/563 576/576/576
f 572/572/572 558/558/558 574/574/574
f 563/563/563 557/557/557 577/577/577
f 575/575/575 561/561/561 568/568/568
f 577/577/577 557/557/557 572/572/572
f 566/566/566 565/565/565 578/578/578
f 560/560/560 573/573/573 574/574/574
f 569/569/569 579/579/579 571/571/571
f 559/559/559 576/576/576 567/567/567
f 569/569/569 547/547/547 580/580/580
f 578/578/578 565/565/565 581/581/581
f 548/548/548 566/566/566 582/582/582
f 580/580/580 547/547/547 570/570/570
f 554/554/554 575/575/575 573/573/573
f 567/567/567 583/583/583 565/565/565
f 575/575/575 568/568/568 584/584/584
f 568/568/568 564/564/564 585/585/585
f 567/567/567 576/576/576 583/583/583
f 574/574/574 573/573/573 586/586/586
f 569/569/569 580/580/580 587/587/587
f 576/576/576 563/563/563 577/577/577
f 581/581/581 565/565/565 583/583/583
f 568/568/568 585/585/585 584/584/584
f 569/569/569 587/587/587 579/579/579
f 564/564/564 588/588/588 585/585/585
f 580/580/580 570/570/570 589/589/589
f 590/590/590 570/570/570 548/548/548
f 582/582/582 566/566/566 591/591/591
f 566/566/566 578/578/578 591/591/591
f 577/577/577 572/572/572 592/592/592
f 573/573/573 575/575/575 593/593/593
f 590/590/590 548/548/548 582/582/582
f 572/572/572 574/574/574 594/594/594
f 595/595/595 576/576/576 577/577/577
f 570/570/570 590/590/590 589/589/589
f 590/590/590 582/582/582 596/596/596
f 572/572/572 594/594/594 592/592/592
f 597/597/597 579/579/579 587/587/587
f 583/583/583 576/576/576 598/598/598
f 584/584/584 585/585/585 599/599/599
f 587/587/587 580/580/580 600/600/600
f 600/600/600 580/580/580 589/589/589
f 591/591/591 596/596/596 582/582/582
f 586/586/586 573/573/573 593/593/593
f 575/575/575 584/584/584 593/593/593
f 595/595/595 577/577/577 592/592/592
f 594/594/594 574/574/574 601/601/601
f 585/585/585 588/588/588 599/599/599
f 578/578/578 602/602/602 591/591/591
f 578/578/578 581/581/581 602/602/602
f 598/598/598 576/576/576 595/595/595
f 590/590/590 596/596/596 589/589/589
f 574/574/574 586/586/586 601/601/601
f 599/599/599 588/588/588 603/603/603
f 581/581/581 583/583/583 604/604/604
f 598/598/598 604/604/604 583/583/583
f 593/593/593 584/584/584 605/605/605
f 589/589/589 596/596/596 606/606/606
f 602/602/602 581/581/581 604/604/604
f 594/594/594 601/601/601 607/607/607
f 586/586/586 593/593/593 608/608/608
f 599/599/599 609/609/609 584/584/584
f 600/600/600 589/589/589 610/610/610
f 587/587/587 600/600/600 611/611/611
f 605/605/605 584/584/584 609/609/609
f 593/593/593 605/605/605 608/608/608
f 600/600/600 610/610/610 611/611/611
f 598/598/598 595/595/595 612/612/612
f 592/592/592 594/594/594 607/607/607
f 599/599/599 603/603/603 609/609/609
f 613/613/613 591/591/591 602/602/602
f 597/597/597 587/587/587 614/614/614
f 615/615/615 601/601/601 586/586/586
f 591/591/591 616/616/616 596/596/596
f 614/614/614 587/587/587 611/611/611
f 605/605/605 609/609/609 617/617/617
f 606/606/606 596/596/596 616/616/616
f 597/597/597 614/614/614 618/618/618
f 602/602/602 604/604/604 619/619/619
f 601/601/601 615/615/615 607/607/607
f 595/595/595 592/592/592 620/620/620
f 615/615/615 586/586/586 608/608/608
f 604/604/604 598/598/598 621/621/621
f 592/592/592 607/607/607 622/622/622
f 591/591/591 613/613/613 616/616/616
f 609/609/609 603/603/603 623/623/623
f 592/592/592 622/622/622 620/620/620
f 623/623/623 603/603/603 624/624/624
f 610/610/610 589/589/589 606/606/606
f 615/615/615 608/608/608 625/625/625
f 612/612/612 595/595/595 620/620/620
f 626/626/626 618/618/618 614/614/614
f 598/598/598 612/612/612 621/621/621
f 605/605/605 617/617/617 608/608/608
f 613/613/613 602/602/602 619/619/619
f 607/607/607 615/615/615 627/627/627
f 628/628/628 609/609/609 623/623/623
f 626/626/626 614/614/614 629/629/629
f 619/619/619 604/604/604 621/621/621
f 616/616/616 630/630/630 606/606/606
f 623/623/623 624/624/624 631/631/631
f 615/615/615 625/625/625 627/627/627
f 609/609/609 628/628/628 617/617/617
f 611/611/611 610/610/610 632/632/632
f 607/607/607 627/627/627 622/622/622
f 614/614/614 611/611/611 629/629/629
f 610/610/610 606/606/606 633/633/633
f 608/608/608 617/617/617 634/634/634
f 608/608/608 634/634/634 625/625/625
f 616/616/616 613/613/613 630/630/630
f 606/606/606 630/630/630 633/633/633
f 629/629/629 611/611/611 632/632/632
f 628/628/628 623/623/623 631/631/631
f 613/613/613 619/619/619 635/635/635
f 619/619/619 636/636/636 635/635/635
f 637/637/637 620/620/620 622/622/622
f 626/626/626 629/629/629 638/638/638
f 612/612/612 620/620/620 639/639/639
f 638/638/638 629/629/629 632/632/632
f 622/622/622 627/627/627 637/637/637
f 632/632/632 610/610/610 633/633/633
f 621/621/621 612/612/612 639/639/639
f 632/632/632 633/633/633 640/640/640
f 619/619/619 621/621/621 636/636/636
f 639/639/639 620/620/620 637/637/637
f 641/641/641 613/613/613 635/635/635
f 630/630/630 613/613/613 641/641/641
f 625/625/625 634/634/634 642/642/642
f 627/627/627 625/625/625 643/643/643
f 634/634/634 617/617/617 628/628/628
f 633/633/633 630/630/630 644/644/644
f 636/636/636 621/621/621 645/645/645
f 621/621/621 639/639/639 646/646/646
f 644/644/644 630/630/630 641/641/641
f 628/628/628 631/631/631 647/647/647
f 631/631/631 648/648/648 647/647/647
f 638/638/638 649/649/649 650/650/650
f 634/634/634 628/628/628 651/651/651
f 652/652/652 628/628/628 647/647/647
f 640/640/640 633/633/633 653/653/653
f 646/646/646 639/639/639 654/654/654
f 654/654/654 639/639/639 637/637/637
f 637/637/637 627/627/627 643/643/643
f 634/634/634 655/655/655 642/642/642
f 638/638/638 632/632/632 656/656/656
f 643/643/643 625/625/625 642/642/642
f 633/633/633 644/644/644 653/653/653
f 657/657/657 635/635/635 636/636/636
f 657/657/657 641/641/641 635/635/635
f 648/648/648 658/658/658 647/647/647
f 656/656/656 632/632/632 659/659/659
f 621/621/621 646/646/646 645/645/645
f 659/659/659 632/632/632 640/640/640
f 655/655/655 634/634/634 651/651/651
f 651/651/651 628/628/628 652/652/652
f 637/637/637 643/643/643 654/654/654
f 636/636/636 645/645/645 660/660/660
f 638/638/638 656/656/656 649/649/649
f 644/644/644 641/641/641 661/661/661
f 641/641/641 657/657/657 661/661/661
f 640/640/640 653/653/653 662/662/662
f 647/647/647 658/658/658 663/663/663
f 657/657/657 636/636/636 660/660/660
f 646/646/646 654/654/654 664/664/664
f 647/647/647 663/663/663 652/652/652
f 640/640/640 662/662/662 659/659/659
f 642/642/642 655/655/655 651/651/651
f 645/645/645 646/646/646 665/665/665
f 656/656/656 659/659/659 666/666/666
f 661/661/661 657/657/657 667/667/667
f 668/668/668 664/664/664 654/654/654
f 669/669/669 654/654/654 643/643/643
f 662/662/662 666/666/666 659/659/659
f 644/644/644 670/670/670 653/653/653
f 649/649/649 656/656/656 671/671/671
f 662/662/662 653/653/653 672/672/672
f 644/644/644 661/661/661 673/673/673
f 643/643/643 642/642/642 674/674/674
f 651/651/651 652/652/652 675/675/675
f 652/652/652 663/663/663 676/676/676
f 643/643/643 674/674/674 677/677/677
f 674/674/674 642/642/642 651/651/651
f 662/662/662 678/678/678 666/666/666
f 653/653/653 670/670/670 672/672/672
f 669/669/669 668/668/668 654/654/654
f 656/656/656 666/666/666 671/671/671
f 646/646/646 664/664/664 679/679/679
f 651/651/651 675/675/675 680/680/680
f 660/660/660 645/645/645 665/665/665
f 657/657/657 660/660/660 667/667/667
f 646/646/646 679/679/679 665/665/665
f 675/675/675 652/652/652 676/676/676
f 673/673/673 670/670/670 644/644/644
f 672/672/672 678/678/678 662/662/662
f 677/677/677 669/669/669 643/643/643
f 660/660/660 665/665/665 681/681/681
f 679/679/679 664/664/664 668/668/668
f 667/667/667 660/660/660 682/682/682
f 678/678/678 672/672/672 683/683/683
f 673/673/673 661/661/661 684/684/684
f 672/672/672 670/670/670 683/683/683
f 661/661/661 667/667/667 684/684/684
f 660/660/660 681/681/681 682/682/682
f 677/677/677 674/674/674 685/685/685
f 674/674/674 686/686/686 685/685/685
f 674/674/674 651/651/651 686/686/686
f 686/686/686 651/651/651 680/680/680
f 675/675/675 676/676/676 680/680/680
f 687/687/687 688/688/688 689/689/689
f 687/687/687 689/689/689 690/690/690
f 691/691/691 692/692/692 693/693/693
f 692/692/692 694/694/694 693/693/693
f 695/695/695 694/694/694 696/696/696
f 688/688/688 697/697/697 689/689/689
f 691/691/691 697/697/697 688/688/688
f 695/695/695 693/693/693 694/694/694
f 698/698/698 690/690/690 699/699/699
f 690/690/690 689/689/689 699/699/699
f 697/697/697 691/691/691 700/700/700
f 700/700/700 691/691/691 693/693/693
f 689/689/689 697/697/697 699/699/699
f 699/699/699 697/697/697 700/700/700
f 693/693/693 701/701/701 700/700/700
f 698/698/698 699/699/699 702/702/702
f 699/699/699 700/700/700 702/702/702
f 703/703/703 693/693/693 695/695/695
f 700/700/700 701/701/701 704/704/704
f 693/693/693 705/705/705 701/701/701
f 700/700/700 704/704/704 702/702/702
f 701/701/701 705/705/705 704/704/704
f 693/693/693 703/703/703 705/705/705
f 706/706/706 698/698/698 702/702/702
f 707/707/707 702/702/702 704/704/704
f 705/705/705 708/708/708 704/704/704
f 704/704/704 708/708/708 707/707/707
f 705/705/705 709/709/709 708/708/708
f 706/706/706 702/702/702 710/710/710
f 705/705/705 703/703/703 709/709/709
f 703/703/703 711/711/711 709/709/709
f 708/708/708 709/709/709 712/712/712
f 702/702/702 707/707/707 713/713/713
f 710/710/710 702/702/702 714/714/714
f 714/714/714 702/702/702 713/713/713
f 710/710/710 714/714/714 715/715/715
f 716/716/716 707/707/707 708/708/708
f 707/707/707 716/716/716 713/713/713
f 708/708/708 712/712/712 716/716/716
f 715/715/715 714/714/714 717/717/717
f 716/716/716 718/718/718 713/713/713
f 714/714/714 719/719/719 717/717/717
f 716/716/716 712/712/712 718/718/718
f 714/714/714 713/713/713 719/719/719
f 712/712/712 720/720/720 718/718/718
f 713/713/713 718/718/718 719/719/719
f 709/709/709 711/711/711 721/721/721
f 709/709/709 721/721/721 712/712/712
f 717/717/717 719/719/719 722/722/722
f 712/712/712 723/723/723 720/720/720
f 712/712/712 721/721/721 723/723/723
f 719/719/719 718/718/718 724/724/724
f 711/711/711 725/725/725 721/721/721
f 722/722/722 719/719/719 726/726/726
f 723/723/723 721/721/721 727/727/727
f 720/720/720 723/723/723 728/728/728
f 719/719/719 724/724/724 726/726/726
f 718/718/718 720/720/720 728/728/728
f 725/725/725 729/729/729 721/721/721
f 718/718/718 728/728/728 724/724/724
f 730/730/730 723/723/723 727/727/727
f 731/731/731 722/722/722 726/726/726
f 724/724/724 732/732/732 726/726/726
f 721/721/721 729/729/729 727/727/727
f 723/723/723 733/733/733 728/728/728
f 731/731/731 726/726/726 732/732/732
f 733/733/733 723/723/723 730/730/730
f 734/734/734 731/731/731 732/732/732
f 724/724/724 728/728/728 735/735/735
f 732/732/732 724/724/724 735/735/735
f 729/729/729 736/736/736 727/727/727
f 728/728/728 733/733/733 737/737/737
f 735/735/735 728/728/728 737/737/737
f 733/733/733 730/730/730 738/738/738
f 730/730/730 727/727/727 739/739/739
f 734/734/734 732/732/732 740/740/740
f 730/730/730 739/739/739 738/738/738
f 741/741/741 727/727/727 736/736/736
f 732/732/732 735/735/735 742/742/742
f 733/733/733 738/738/738 737/737/737
f 727/727/727 741/741/741 739/739/739
f 740/740/740 732/732/732 742/742/742
f 735/735/735 737/737/737 743/743/743
f 735/735/735 743/743/743 742/742/742
f 744/744/744 741/741/741 736/736/736
f 743/743/743 737/737/737 745/745/745
f 737/737/737 738/738/738 745/745/745
f 739/739/739 741/741/741 746/746/746
f 738/738/738 739/739/739 745/745/745
f 739/739/739 746/746/746 745/745/745
f 740/740/740 742/742/742 747/747/747
f 742/742/742 743/743/743 747/747/747
f 743/743/743 745/745/745 748/748/748
f 741/741/741 744/744/744 749/749/749
f 741/741/741 749/749/749 746/746/746
f 744/744/744 750/750/750 749/749/749
f 751/751/751 740/740/740 747/747/747
f 745/745/745 746/746/746 752/752/752
f 747/747/747 743/743/743 748/748/748
f 745/745/745 752/752/752 748/748/748
f 752/752/752 746/746/746 753/753/753
f 751/751/751 747/747/747 754/754/754
f 748/748/748 752/752/752 755/755/755
f 746/746/746 749/749/749 753/753/753
f 754/754/754 747/747/747 756/756/756
f 747/747/747 748/748/748 756/756/756
f 752/752/752 753/753/753 755/755/755
f 753/753/753 749/749/749 757/757/757
f 749/749/749 750/750/750 758/758/758
f 757/757/757 749/749/749 758/758/758
f 756/756/756 748/748/748 759/759/759
f 748/748/748 755/755/755 759/759/759
f 753/753/753 760/760/760 755/755/755
f 753/753/753 757/757/757 760/760/760
f 757/757/757 758/758/758 761/761/761
f 754/754/754 756/756/756 762/762/762
f 763/763/763 754/754/754 762/762/762
f 757/757/757 761/761/761 760/760/760
f 756/756/756 759/759/759 762/762/762
f 755/755/755 760/760/760 764/764/764
f 759/759/759 755/755/755 765/765/765
f 755/755/755 764/764/764 765/765/765
f 761/761/761 758/758/758 766/766/766
f 767/767/767 761/761/761 766/766/766
f 763/763/763 762/762/762 768/768/768
f 764/764/764 760/760/760 769/769/769
f 761/761/761 769/769/769 760/760/760
f 763/763/763 768/768/768 770/770/770
f 764/764/764 771/771/771 765/765/765
f 759/759/759 768/768/768 762/762/762
f 759/759/759 765/765/765 772/772/772
f 761/761/761 767/767/767 769/769/769
f 759/759/759 772/772/772 768/768/768
f 764/764/764 773/773/773 771/771/771
f 764/764/764 769/769/769 773/773/773
f 772/772/772 774/774/774 768/768/768
f 766/766/766 775/775/775 767/767/767
f 772/772/772 765/765/765 771/771/771
f 772/772/772 771/771/771 776/776/776
f 770/770/770 768/768/768 777/777/777
f 777/777/777 768/768/768 774/774/774
f 771/771/771 773/773/773 778/778/778
f 769/769/769 779/779/779 773/773/773
f 769/769/769 767/767/767 779/779/779
f 771/771/771 778/778/778 776/776/776
f 772/772/772 776/776/776 774/774/774
f 767/767/767 780/780/780 779/779/779
f 775/775/775 780/780/780 767/767/767
f 774/774/774 781/781/781 777/777/777
f 774/774/774 776/776/776 781/781/781
f 778/778/778 773/773/773 779/779/779
f 776/776/776 778/778/778 782/782/782
f 775/775/775 783/783/783 780/780/780
f 784/784/784 777/777/777 781/781/781
f 781/781/781 776/776/776 782/782/782
f 778/778/778 779/779/779 785/785/785
f 777/777/777 784/784/784 786/786/786
f 780/780/780 783/783/783 787/787/787
f 780/780/780 787/787/787 779/779/779
f 779/779/779 788/788/788 785/785/785
f 778/778/778 785/785/785 782/782/782
f 779/779/779 787/787/787 788/788/788
f 781/781/781 782/782/782 789/789/789
f 785/785/785 788/788/788 790/790/790
f 782/782/782 785/785/785 790/790/790
f 784/784/784 781/781/781 789/789/789
f 788/788/788 787/787/787 791/791/791
f 787/787/787 783/783/783 792/792/792
f 784/784/784 789/789/789 793/793/793
f 788/788/788 791/791/791 790/790/790
f 786/786/786 784/784/784 793/793/793
f 786/786/786 793/793/793 794/794/794
f 795/795/795 791/791/791 787/787/787
f 792/792/792 795/795/795 787/787/787
f 793/793/793 789/789/789 796/796/796
f 789/789/789 782/782/782 797/797/797
f 790/790/790 797/797/797 782/782/782
f 796/796/796 789/789/789 797/797/797
f 790/790/790 798/798/798 797/797/797
f 793/793/793 796/796/796 794/794/794
f 790/790/790 791/791/791 798/798/798
f 794/794/794 796/796/796 799/799/799
f 797/797/797 800/800/800 796/796/796
f 795/795/795 792/792/792 801/801/801
f 794/794/794 799/799/799 802/802/802
f 791/791/791 795/795/795 803/803/803
f 791/791/791 804/804/804 798/798/798
f 800/800/800 797/797/797 798/798/798
f 803/803/803 795/795/795 801/801/801
f 799/799/799 796/796/796 805/805/805
f 791/791/791 803/803/803 804/804/804
f 802/802/802 799/799/799 806/806/806
f 796/796/796 800/800/800 805/805/805
f 800/800/800 798/798/798 807/807/807
f 798/798/798 804/804/804 808/808/808
f 806/806/806 799/799/799 805/805/805
f 800/800/800 807/807/807 805/805/805
f 798/798/798 808/808/808 807/807/807
f 801/801/801 809/809/809 803/803/803
f 810/810/810 806/806/806 805/805/805
f 803/803/803 811/811/811 804/804/804
f 812/812/812 809/809/809 801/801/801
f 807/807/807 808/808/808 813/813/813
f 808/808/808 804/804/804 811/811/811
f 803/803/803 809/809/809 811/811/811
f 807/807/807 814/814/814 805/805/805
f 807/807/807 813/813/813 814/814/814
f 808/808/808 811/811/811 815/815/815
f 811/811/811 809/809/809 816/816/816
f 813/813/813 808/808/808 815/815/815
f 816/816/816 809/809/809 812/812/812
f 817/817/817 810/810/810 805/805/805
f 813/813/813 815/815/815 818/818/818
f 815/815/815 811/811/811 819/819/819
f 817/817/817 820/820/820 810/810/810
f 817/817/817 805/805/805 814/814/814
f 811/811/811 816/816/816 819/819/819
f 818/818/818 815/815/815 819/819/819
f 813/813/813 821/821/821 814/814/814
f 818/818/818 821/821/821 813/813/813
f 817/817/817 814/814/814 822/822/822
f 817/817/817 823/823/823 820/820/820
f 822/822/822 814/814/814 821/821/821
f 824/824/824 825/825/825 826/826/826
f 826/826/826 827/827/827 828/828/828
f 829/829/829 830/830/830 824/824/824
f 827/827/827 831/831/831 828/828/828
f 830/830/830 829/829/829 832/832/832
f 827/827/827 833/833/833 831/831/831
f 826/826/826 825/825/825 827/827/827
f 829/829/829 834/834/834 832/832/832
f 824/824/824 835/835/835 825/825/825
f 824/824/824 830/830/830 835/835/835
f 830/830/830 836/836/836 835/835/835
f 830/830/830 832/832/832 836/836/836
f 825/825/825 835/835/835 837/837/837
f 833/833/833 827/827/827 838/838/838
f 834/834/834 839/839/839 832/832/832
f 827/827/827 825/825/825 840/840/840
f 827/827/827 840/840/840 838/838/838
f 839/839/839 841/841/841 832/832/832
f 841/841/841 836/836/836 832/832/832
f 825/825/825 837/837/837 840/840/840
f 835/835/835 842/842/842 837/837/837
f 835/835/835 843/843/843 842/842/842
f 841/841/841 839/839/839 844/844/844
f 835/835/835 836/836/836 845/845/845
f 837/837/837 842/842/842 846/846/846
f 838/838/838 840/840/840 847/847/847
f 840/840/840 837/837/837 846/846/846
f 845/845/845 843/843/843 835/835/835
f 841/841/841 848/848/848 836/836/836
f 844/844/844 848/848/848 841/841/841
f 840/840/840 849/849/849 847/847/847
f 846/846/846 849/849/849 840/840/840
f 836/836/836 848/848/848 845/845/845
f 845/845/845 848/848/848 850/850/850
f 845/845/845 850/850/850 843/843/843
f 848/848/848 844/844/844 851/851/851
f 842/842/842 843/843/843 852/852/852
f 846/846/846 842/842/842 852/852/852
f 846/846/846 853/853/853 849/849/849
f 846/846/846 852/852/852 853/853/853
f 849/849/849 854/854/854 847/847/847
f 855/855/855 848/848/848 851/851/851
f 849/849/849 856/856/856 854/854/854
f 850/850/850 848/848/848 855/855/855
f 849/849/849 853/853/853 856/856/856
f 844/844/844 857/857/857 851/851/851
f 856/856/856 853/853/853 858/858/858
f 857/857/857 844/844/844 859/859/859
f 855/855/855 851/851/851 860/860/860
f 843/843/843 861/861/861 852/852/852
f 856/856/856 862/862/862 854/854/854
f 855/855/855 860/860/860 850/850/850
f 843/843/843 850/850/850 861/861/861
f 851/851/851 857/857/857 860/860/860
f 863/863/863 858/858/858 853/853/853
f 856/856/856 858/858/858 862/862/862
f 852/852/852 864/864/864 853/853/853
f 863/863/863 853/853/853 864/864/864
f 860/860/860 865/865/865 850/850/850
f 850/850/850 865/865/865 861/861/861
f 866/866/866 858/858/858 863/863/863
f 862/862/862 858/858/858 867/867/867
f 852/852/852 861/861/861 864/864/864
f 868/868/868 860/860/860 869/869/869
f 860/860/860 857/857/857 869/869/869
f 866/866/866 867/867/867 858/858/858
f 864/864/864 861/861/861 870/870/870
f 866/866/866 863/863/863 864/864/864
f 861/861/861 865/865/865 870/870/870
f 860/860/860 868/868/868 865/865/865
f 859/859/859 871/871/871 857/857/857
f 871/871/871 872/872/872 857/857/857
f 857/857/857 872/872/872 869/869/869
f 870/870/870 873/873/873 864/864/864
f 865/865/865 873/873/873 870/870/870
f 865/865/865 868/868/868 874/874/874
f 875/875/875 868/868/868 869/869/869
f 876/876/876 873/873/873 865/865/865
f 874/874/874 868/868/868 875/875/875
f 864/864/864 877/877/877 867/867/867
f 875/875/875 869/869/869 878/878/878
f 873/873/873 879/879/879 864/864/864
f 878/878/878 869/869/869 872/872/872
f 874/874/874 876/876/876 865/865/865
f 875/875/875 880/880/880 874/874/874
f 872/872/872 871/871/871 881/881/881
f 875/875/875 878/878/878 882/882/882
f 883/883/883 877/877/877 864/864/864
f 876/876/876 884/884/884 873/873/873
f 880/880/880 875/875/875 882/882/882
f 879/879/879 873/873/873 884/884/884
f 883/883/883 864/864/864 879/879/879
f 867/867/867 877/877/877 885/885/885
f 872/872/872 881/881/881 878/878/878
f 874/874/874 886/886/886 876/876/876
f 876/876/876 886/886/886 884/884/884
f 879/879/879 884/884/884 883/883/883
f 877/877/877 887/887/887 885/885/885
f 877/877/877 883/883/883 887/887/887
f 874/874/874 880/880/880 886/886/886
f 888/888/888 881/881/881 871/871/871
f 881/881/881 889/889/889 878/878/878
f 883/883/883 884/884/884 890/890/890
f 871/871/871 891/891/891 888/888/888
f 881/881/881 888/888/888 889/889/889
f 883/883/883 890/890/890 887/887/887
f 882/882/882 878/878/878 889/889/889
f 891/891/891 892/892/892 888/888/888
f 893/893/893 880/880/880 882/882/882
f 887/887/887 894/894/894 885/885/885
f 893/893/893 882/882/882 889/889/889
f 890/890/890 895/895/895 887/887/887
f 886/886/886 896/896/896 884/884/884
f 884/884/884 896/896/896 890/890/890
f 880/880/880 897/897/897 886/886/886
f 897/897/897 880/880/880 893/893/893
f 886/886/886 897/897/897 898/898/898
f 896/896/896 899/899/899 890/890/890
f 890/890/890 899/899/899 895/895/895
f 887/887/887 895/895/895 894/894/894
f 898/898/898 896/896/896 886/886/886
f 900/900/900 893/893/893 889/889/889
f 894/894/894 895/895/895 901/901/901
f 900/900/900 897/897/897 893/893/893
f 902/902/902 895/895/895 899/899/899
f 895/895/895 903/903/903 901/901/901
f 894/894/894 901/901/901 904/904/904
f 889/889/889 888/888/888 900/900/900
f 903/903/903 895/895/895 902/902/902
f 897/897/897 905/905/905 898/898/898
f 897/897/897 900/900/900 905/905/905
f 903/903/903 906/906/906 901/901/901
f 888/888/888 907/907/907 900/900/900
f 896/896/896 908/908/908 899/899/899
f 898/898/898 908/908/908 896/896/896
f 909/909/909 888/888/888 892/892/892
f 901/901/901 906/906/906 904/904/904
f 902/902/902 899/899/899 910/910/910
f 888/888/888 909/909/909 907/907/907
f 908/908/908 910/910/910 899/899/899
f 903/903/903 902/902/902 910/910/910
f 900/900/900 907/907/907 905/905/905
f 903/903/903 910/910/910 906/906/906
f 898/898/898 911/911/911 908/908/908
f 906/906/906 910/910/910 904/904/904
f 905/905/905 911/911/911 898/898/898
f 912/912/912 909/909/909 892/892/892
f 905/905/905 913/913/913 911/911/911
f 910/910/910 914/914/914 904/904/904
f 908/908/908 911/911/911 910/910/910
f 910/910/910 915/915/915 914/914/914
f 907/907/907 913/913/913 905/905/905
f 911/911/911 915/915/915 910/910/910
f 913/913/913 916/916/916 911/911/911
f 907/907/907 909/909/909 913/913/913
f 912/912/912 917/917/917 909/909/909
f 917/917/917 912/912/912 918/918/918
f 911/911/911 916/916/916 915/915/915
f 914/914/914 919/919/919 904/904/904
f 915/915/915 916/916/916 920/920/920
f 921/921/921 914/914/914 915/915/915
f 922/922/922 904/904/904 919/919/919
f 913/913/913 909/909/909 923/923/923
f 914/914/914 921/921/921 919/919/919
f 915/915/915 920/920/920 921/921/921
f 923/923/923 909/909/909 917/917/917
f 923/923/923 924/924/924 913/913/913
f 913/913/913 924/924/924 916/916/916
f 921/921/921 925/925/925 919/919/919
f 918/918/918 926/926/926 917/917/917
f 917/917/917 927/927/927 923/923/923
f 928/928/928 922/922/922 919/919/919
f 927/927/927 917/917/917 926/926/926
f 919/919/919 925/925/925 928/928/928
f 916/916/916 929/929/929 920/920/920
f 925/925/925 921/921/921 920/920/920
f 924/924/924 923/923/923 930/930/930
f 930/930/930 923/923/923 927/927/927
f 929/929/929 931/931/931 920/920/920
f 925/925/925 932/932/932 928/928/928
f 927/927/927 926/926/926 933/933/933
f 934/934/934 928/928/928 932/932/932
f 931/931/931 935/935/935 920/920/920
f 925/925/925 920/920/920 935/935/935
f 925/925/925 935/935/935 932/932/932
f 924/924/924 936/936/936 916/916/916
f 916/916/916 937/937/937 929/929/929
f 937/937/937 931/931/931 929/929/929
f 930/930/930 927/927/927 938/938/938
f 930/930/930 939/939/939 924/924/924
f 933/933/933 926/926/926 940/940/940
f 916/916/916 936/936/936 937/937/937
f 939/939/939 936/936/936 924/924/924
f 927/927/927 933/933/933 938/938/938
f 935/935/935 941/941/941 932/932/932
f 937/937/937 942/942/942 931/931/931
f 934/934/934 932/932/932 941/941/941
f 938/938/938 939/939/939 930/930/930
f 933/933/933 943/943/943 938/938/938
f 933/933/933 940/940/940 943/943/943
f 942/942/942 935/935/935 931/931/931
f 936/936/936 939/939/939 937/937/937
f 941/941/941 944/944/944 934/934/934
f 935/935/935 945/945/945 941/941/941
f 940/940/940 946/946/946 943/943/943
f 941/941/941 945/945/945 944/944/944
f 935/935/935 947/947/947 945/945/945
f 942/942/942 947/947/947 935/935/935
f 942/942/942 937/937/937 948/948/948
f 945/945/945 949/949/949 944/944/944
f 950/950/950 943/943/943 946/946/946
f 951/951/951 938/938/938 943/943/943
f 938/938/938 951/951/951 939/939/939
f 939/939/939 952/952/952 937/937/937
f 947/947/947 942/942/942 953/953/953
f 950/950/950 951/951/951 943/943/943
f 953/953/953 942/942/942 948/948/948
f 952/952/952 939/939/939 951/951/951
f 945/945/945 947/947/947 949/949/949
f 937/937/937 954/954/954 948/948/948
f 949/949/949 947/947/947 955/955/955
f 953/953/953 948/948/948 956/956/956
f 957/957/957 947/947/947 953/953/953
f 947/947/947 957/957/957 955/955/955
f 952/952/952 958/958/958 937/937/937
f 951/951/951 959/959/959 952/952/952
f 937/937/937 958/958/958 954/954/954
f 948/948/948 954/954/954 956/956/956
f 949/949/949 955/955/955 960/960/960
f 954/954/954 961/961/961 956/956/956
f 962/962/962 959/959/959 951/951/951
f 963/963/963 957/957/957 953/953/953
f 951/951/951 950/950/950 964/964/964
f 963/963/963 953/953/953 956/956/956
f 950/950/950 965/965/965 964/964/964
f 951/951/951 964/964/964 962/962/962
f 959/959/959 958/958/958 952/952/952
f 957/957/957 966/966/966 955/955/955
f 961/961/961 963/963/963 956/956/956
f 967/967/967 960/960/960 955/955/955
f 955/955/955 966/966/966 967/967/967
f 959/959/959 968/968/968 958/958/958
f 954/954/954 969/969/969 961/961/961
f 966/966/966 957/957/957 963/963/963
f 954/954/954 958/958/958 969/969/969
f 970/970/970 959/959/959 962/962/962
f 968/968/968 959/959/959 970/970/970
f 966/966/966 971/971/971 967/967/967
f 964/964/964 965/965/965 972/972/972
f 961/961/961 973/973/973 963/963/963
f 964/964/964 974/974/974 962/962/962
f 961/961/961 969/969/969 973/973/973
f 962/962/962 975/975/975 970/970/970
f 962/962/962 974/974/974 975/975/975
f 973/973/973 976/976/976 963/963/963
f 977/977/977 968/968/968 970/970/970
f 966/966/966 963/963/963 976/976/976
f 958/958/958 968/968/968 977/977/977
f 958/958/958 977/977/977 969/969/969
f 977/977/977 970/970/970 975/975/975
f 978/978/978 966/966/966 976/976/976
f 976/976/976 973/973/973 978/978/978
f 967/967/967 971/971/971 979/979/979
f 980/980/980 967/967/967 979/979/979
f 966/966/966 978/978/978 971/971/971
f 974/974/974 964/964/964 981/981/981
f 974/974/974 982/982/982 975/975/975
f 983/983/983 977/977/977 975/975/975
f 973/973/973 969/969/969 984/984/984
f 971/971/971 978/978/978 979/979/979
f 977/977/977 983/983/983 969/969/969
f 984/984/984 978/978/978 973/973/973
f 969/969/969 983/983/983 984/984/984
f 975/975/975 982/982/982 983/983/983
f 980/980/980 979/979/979 985/985/985
f 984/984/984 986/986/986 978/978/978
f 974/974/974 987/987/987 982/982/982
f 978/978/978 986/986/986 979/979/979
f 981/981/981 987/987/987 974/974/974
f 982/982/982 988/988/988 983/983/983
f 989/989/989 984/984/984 983/983/983
f 985/985/985 979/979/979 990/990/990
f 988/988/988 989/989/989 983/983/983
f 979/979/979 986/986/986 990/990/990
f 986/986/986 984/984/984 991/991/991
f 987/987/987 981/981/981 992/992/992
f 993/993/993 985/985/985 990/990/990
f 987/987/987 994/994/994 982/982/982
f 994/994/994 988/988/988 982/982/982
f 991/991/991 984/984/984 989/989/989
f 990/990/990 986/986/986 991/991/991
f 867/867/867 866/866/866 864/864/864
f 995/995/995 996/996/996 997/997/997
f 998/998/998 999/999/999 997/997/997
f 999/999/999 1000/1000/1000 1001/1001/1001
f 1000/1000/1000 1002/1002/1002 1001/1001/1001
f 1002/1002/1002 1003/1003/1003 1004/1004/1004
f 1005/1005/1005 996/996/996 1006/1006/1006
f 995/995/995 1006/1006/1006 996/996/996
f 996/996/996 1007/1007/1007 998/998/998
f 998/998/998 997/997/997 996/996/996
f 1006/1006/1006 995/995/995 1008/1008/1008
f 999/999/999 998/998/998 1009/1009/1009
f 995/995/995 997/997/997 1010/1010/1010
f 997/997/997 999/999/999 1011/1011/1011
f 1000/1000/1000 1012/1012/1012 1002/1002/1002
f 1003/1003/1003 1002/1002/1002 1012/1012/1012
f 1001/1001/1001 1002/1002/1002 1004/1004/1004
f 1013/1013/1013 1004/1004/1004 1003/1003/1003
f 1014/1014/1014 1015/1015/1015 1003/1003/1003
f 1016/1016/1016 1015/1015/1015 1014/1014/1014
f 1017/1017/1017 1016/1016/1016 1018/1018/1018
f 1015/1015/1015 1013/1013/1013 1003/1003/1003
f 1019/1019/1019 1015/1015/1015 1016/1016/1016
f 1018/1018/1018 1020/1020/1020 1017/1017/1017
f 1016/1016/1016 1017/1017/1017 1021/1021/1021
f 1022/1022/1022 1017/1017/1017 1020/1020/1020
f 1021/1021/1021 1017/1017/1017 1022/1022/1022
f 1008/1008/1008 1023/1023/1023 1006/1006/1006
f 999/999/999 1009/1009/1009 1000/1000/1000
f 1001/1001/1001 1024/1024/1024 999/999/999
f 1004/1004/1004 1025/1025/1025 1001/1001/1001
f 1018/1018/1018 1016/1016/1016 1014/1014/1014
f 1013/1013/1013 1015/1015/1015 1019/1019/1019
f 1021/1021/1021 1019/1019/1019 1016/1016/1016
f 1010/1010/1010 1008/1008/1008 995/995/995
f 997/997/997 1011/1011/1011 1010/1010/1010
f 1026/1026/1026 1003/1003/1003 1012/1012/1012
f 1011/1011/1011 999/999/999 1024/1024/1024
f 1024/1024/1024 1001/1001/1001 1025/1025/1025
f 1014/1014/1014 1003/1003/1003 1026/1026/1026
f 1027/1027/1027 1028/1028/1028 1029/1029/1029
f 1030/1030/1030 1027/1027/1027 1029/1029/1029
f 1031/1031/1031 1027/1027/1027 1030/1030/1030
f 1027/1027/1027 1031/1031/1031 1032/1032/1032
f 1031/1031/1031 1033/1033/1033 1032/1032/1032
f 1034/1034/1034 1033/1033/1033 1031/1031/1031
f 1033/1033/1033 1034/1034/1034 1035/1035/1035
f 1032/1032/1032 1033/1033/1033 1036/1036/1036
f 1036/1036/1036 1033/1033/1033 1035/1035/1035
f 1036/1036/1036 1037/1037/1037 1032/1032/1032
f 1035/1035/1035 1038/1038/1038 1036/1036/1036
f 1039/1039/1039 1038/1038/1038 1035/1035/1035
f 1037/1037/1037 1036/1036/1036 1038/1038/1038
f 1038/1038/1038 1040/1040/1040 1037/1037/1037
f 1039/1039/1039 1041/1041/1041 1038/1038/1038
f 1040/1040/1040 1038/1038/1038 1041/1041/1041
f 1042/1042/1042 1041/1041/1041 1039/1039/1039
f 1043/1043/1043 1040/1040/1040 1041/1041/1041
f 1042/1042/1042 1044/1044/1044 1041/1041/1041
f 1043/1043/1043 1041/1041/1041 1044/1044/1044
f 1045/1045/1045 1044/1044/1044 1042/1042/1042
f 1043/1043/1043 1044/1044/1044 1046/1046/1046
f 1044/1044/1044 1047/1047/1047 1046/1046/1046
f 1045/1045/1045 1047/1047/1047 1044/1044/1044
f 1048/1048/1048 1046/1046/1046 1047/1047/1047
f 1047/1047/1047 1045/1045/1045 1049/1049/1049
f 1048/1048/1048 1047/1047/1047 1050/1050/1050
f 1051/1051/1051 1048/1048/1048 1050/1050/1050
f 1050/1050/1050 1047/1047/1047 1049/1049/1049
f 1052/1052/1052 1050/1050/1050 1049/1049/1049
f 1051/1051/1051 1050/1050/1050 1053/1053/1053
f 1053/1053/1053 1050/1050/1050 1052/1052/1052
f 1051/1051/1051 1053/1053/1053 1054/1054/1054
f 1055/1055/1055 1053/1053/1053 1052/1052/1052
f 1053/1053/1053 1055/1055/1055 1056/1056/1056
f 1054/1054/1054 1053/1053/1053 1056/1056/1056
f 1057/1057/1057 1054/1054/1054 1056/1056/1056
f 1057/1057/1057 1056/1056/1056 1058/1058/1058
f 1055/1055/1055 1058/1058/1058 1056/1056/1056
f 1059/1059/1059 1058/1058/1058 1055/1055/1055
f 1057/1057/1057 1058/1058/1058 1060/1060/1060
f 1059/1059/1059 1061/1061/1061 1058/1058/1058
f 1060/1060/1060 1058/1058/1058 1061/1061/1061
f 1059/1059/1059 1062/1062/1062 1061/1061/1061
f 1063/1063/1063 1060/1060/1060 1061/1061/1061
f 1064/1064/1064 1061/1061/1061 1062/1062/1062
f 1063/1063/1063 1061/1061/1061 1064/1064/1064
f 1063/1063/1063 1064/1064/1064 1065/1065/1065
f 1066/1066/1066 1064/1064/1064 1062/1062/1062
f 1065/1065/1065 1064/1064/1064 1067/1067/1067
f 1066/1066/1066 1067/1067/1067 1064/1064/1064
f 1068/1068/1068 1065/1065/1065 1067/1067/1067
f 1067/1067/1067 1066/1066/1066 1069/1069/1069
f 1068/1068/1068 1067/1067/1067 1069/1069/1069
f 1070/1070/1070 1071/1071/1071 1072/1072/1072
f 1073/1073/1073 1074/1074/1074 1075/1075/1075
f 1076/1076/1076 1077/1077/1077 1078/1078/1078
f 1076/1076/1076 1078/1078/1078 1079/1079/1079
f 1080/1080/1080 1070/1070/1070 1081/1081/1081
f 1075/1075/1075 1074/1074/1074 1082/1082/1082
f 1083/1083/1083 1073/1073/1073 1084/1084/1084
f 1073/1073/1073 1075/1075/1075 1084/1084/1084
f 1085/1085/1085 1086/1086/1086 1083/1083/1083
f 1071/1071/1071 1079/1079/1079 1072/1072/1072
f 1079/1079/1079 1078/1078/1078 1087/1087/1087
f 1072/1072/1072 1079/1079/1079 1088/1088/1088
f 1078/1078/1078 1077/1077/1077 1089/1089/1089
f 1090/1090/1090 1082/1082/1082 1074/1074/1074
f 1084/1084/1084 1091/1091/1091 1083/1083/1083
f 1070/1070/1070 1092/1092/1092 1081/1081/1081
f 1085/1085/1085 1083/1083/1083 1093/1093/1093
f 1081/1081/1081 1090/1090/1090 1074/1074/1074
f 1087/1087/1087 1078/1078/1078 1089/1089/1089
f 1079/1079/1079 1087/1087/1087 1088/1088/1088
f 1092/1092/1092 1070/1070/1070 1072/1072/1072
f 1081/1081/1081 1092/1092/1092 1090/1090/1090
f 1075/1075/1075 1082/1082/1082 1094/1094/1094
f 1095/1095/1095 1075/1075/1075 1094/1094/1094
f 1075/1075/1075 1095/1095/1095 1084/1084/1084
f 1092/1092/1092 1072/1072/1072 1096/1096/1096
f 1093/1093/1093 1083/1083/1083 1091/1091/1091
f 1091/1091/1091 1084/1084/1084 1095/1095/1095
f 1088/1088/1088 1087/1087/1087 1097/1097/1097
f 1082/1082/1082 1090/1090/1090 1094/1094/1094
f 1098/1098/1098 1094/1094/1094 1090/1090/1090
f 1099/1099/1099 1100/1100/1100 1077/1077/1077
f 1089/1089/1089 1097/1097/1097 1087/1087/1087
f 1097/1097/1097 1101/1101/1101 1088/1088/1088
f 1088/1088/1088 1101/1101/1101 1072/1072/1072
f 1101/1101/1101 1096/1096/1096 1072/1072/1072
f 1102/1102/1102 1092/1092/1092 1096/1096/1096
f 1102/1102/1102 1090/1090/1090 1092/1092/1092
f 1102/1102/1102 1098/1098/1098 1090/1090/1090
f 1098/1098/1098 1103/1103/1103 1094/1094/1094
f 1094/1094/1094 1103/1103/1103 1095/1095/1095
f 1103/1103/1103 1104/1104/1104 1095/1095/1095
f 1095/1095/1095 1104/1104/1104 1091/1091/1091
f 1093/1093/1093 1091/1091/1091 1104/1104/1104
f 1089/1089/1089 1077/1077/1077 1100/1100/1100
f 1105/1105/1105 1093/1093/1093 1104/1104/1104
f 1089/1089/1089 1106/1106/1106 1097/1097/1097
f 1097/1097/1097 1106/1106/1106 1101/1101/1101
f 1101/1101/1101 1106/1106/1106 1107/1107/1107
f 1101/1101/1101 1108/1108/1108 1096/1096/1096
f 1096/1096/1096 1108/1108/1108 1109/1109/1109
f 1096/1096/1096 1109/1109/1109 1102/1102/1102
f 1102/1102/1102 1109/1109/1109 1110/1110/1110
f 1098/1098/1098 1102/1102/1102 1110/1110/1110
f 1098/1098/1098 1110/1110/1110 1111/1111/1111
f 1111/1111/1111 1103/1103/1103 1098/1098/1098
f 1112/1112/1112 1103/1103/1103 1111/1111/1111
f 1112/1112/1112 1104/1104/1104 1103/1103/1103
f 1105/1105/1105 1104/1104/1104 1112/1112/1112
f 1106/1106/1106 1089/1089/1089 1100/1100/1100
f 1101/1101/1101 1107/1107/1107 1108/1108/1108
f 1113/1113/1113 1093/1093/1093 1105/1105/1105
f 1085/1085/1085 1093/1093/1093 1113/1113/1113
f 1107/1107/1107 1114/1114/1114 1108/1108/1108
f 1110/1110/1110 1109/1109/1109 1115/1115/1115
f 1109/1109/1109 1108/1108/1108 1115/1115/1115
f 1105/1105/1105 1112/1112/1112 1116/1116/1116
f 1085/1085/1085 1113/1113/1113 1117/1117/1117
f 1118/1118/1118 1111/1111/1111 1110/1110/1110
f 1111/1111/1111 1118/1118/1118 1112/1112/1112
f 1107/1107/1107 1106/1106/1106 1119/1119/1119
f 1120/1120/1120 1110/1110/1110 1115/1115/1115
f 1110/1110/1110 1120/1120/1120 1118/1118/1118
f 1114/1114/1114 1121/1121/1121 1108/1108/1108
f 1108/1108/1108 1121/1121/1121 1115/1115/1115
f 1113/1113/1113 1122/1122/1122 1117/1117/1117
f 1112/1112/1112 1118/1118/1118 1123/1123/1123
f 1123/1123/1123 1116/1116/1116 1112/1112/1112
f 1119/1119/1119 1106/1106/1106 1100/1100/1100
f 1114/1114/1114 1107/1107/1107 1121/1121/1121
f 1113/1113/1113 1105/1105/1105 1124/1124/1124
f 1124/1124/1124 1122/1122/1122 1113/1113/1113
f 1125/1125/1125 1115/1115/1115 1121/1121/1121
f 1126/1126/1126 1120/1120/1120 1115/1115/1115
f 1119/1119/1119 1127/1127/1127 1107/1107/1107
f 1116/1116/1116 1124/1124/1124 1105/1105/1105
f 1107/1107/1107 1127/1127/1127 1121/1121/1121
f 1115/1115/1115 1125/1125/1125 1126/1126/1126
f 1128/1128/1128 1118/1118/1118 1120/1120/1120
f 1116/1116/1116 1123/1123/1123 1129/1129/1129
f 1120/1120/1120 1126/1126/1126 1128/1128/1128
f 1130/1130/1130 1122/1122/1122 1124/1124/1124
f 1121/1121/1121 1131/1131/1131 1125/1125/1125
f 1117/1117/1117 1122/1122/1122 1130/1130/1130
f 1119/1119/1119 1132/1132/1132 1127/1127/1127
f 1133/1133/1133 1134/1134/1134 1117/1117/1117
f 1127/1127/1127 1131/1131/1131 1121/1121/1121
f 1133/1133/1133 1117/1117/1117 1135/1135/1135
f 1130/1130/1130 1135/1135/1135 1117/1117/1117
f 1118/1118/1118 1128/1128/1128 1123/1123/1123
f 1136/1136/1136 1119/1119/1119 1100/1100/1100
f 1125/1125/1125 1137/1137/1137 1126/1126/1126
f 1123/1123/1123 1128/1128/1128 1129/1129/1129
f 1126/1126/1126 1138/1138/1138 1128/1128/1128
f 1137/1137/1137 1125/1125/1125 1131/1131/1131
f 1139/1139/1139 1130/1130/1130 1124/1124/1124
f 1124/1124/1124 1116/1116/1116 1140/1140/1140
f 1119/1119/1119 1136/1136/1136 1141/1141/1141
f 1124/1124/1124 1140/1140/1140 1139/1139/1139
f 1119/1119/1119 1141/1141/1141 1132/1132/1132
f 1128/1128/1128 1138/1138/1138 1129/1129/1129
f 1133/1133/1133 1135/1135/1135 1142/1142/1142
f 1140/1140/1140 1143/1143/1143 1139/1139/1139
f 1144/1144/1144 1140/1140/1140 1116/1116/1116
f 1116/1116/1116 1129/1129/1129 1144/1144/1144
f 1137/1137/1137 1131/1131/1131 1145/1145/1145
f 1135/1135/1135 1130/1130/1130 1142/1142/1142
f 1143/1143/1143 1130/1130/1130 1139/1139/1139
f 1126/1126/1126 1137/1137/1137 1145/1145/1145
f 1138/1138/1138 1146/1146/1146 1129/1129/1129
f 1147/1147/1147 1133/1133/1133 1142/1142/1142
f 1138/1138/1138 1126/1126/1126 1146/1146/1146
f 1131/1131/1131 1127/1127/1127 1145/1145/1145
f 1136/1136/1136 1148/1148/1148 1141/1141/1141
f 1140/1140/1140 1149/1149/1149 1143/1143/1143
f 1142/1142/1142 1130/1130/1130 1150/1150/1150
f 1140/1140/1140 1144/1144/1144 1149/1149/1149
f 1127/1127/1127 1151/1151/1151 1145/1145/1145
f 1143/1143/1143 1150/1150/1150 1130/1130/1130
f 1126/1126/1126 1152/1152/1152 1146/1146/1146
f 1144/1144/1144 1129/1129/1129 1153/1153/1153
f 1132/1132/1132 1141/1141/1141 1154/1154/1154
f 1127/1127/1127 1132/1132/1132 1155/1155/1155
f 1147/1147/1147 1142/1142/1142 1150/1150/1150
f 1126/1126/1126 1145/1145/1145 1152/1152/1152
f 1129/1129/1129 1146/1146/1146 1153/1153/1153
f 1149/1149/1149 1150/1150/1150 1143/1143/1143
f 1154/1154/1154 1141/1141/1141 1156/1156/1156
f 1156/1156/1156 1141/1141/1141 1148/1148/1148
f 1150/1150/1150 1157/1157/1157 1147/1147/1147
f 1151/1151/1151 1158/1158/1158 1145/1145/1145
f 1149/1149/1149 1144/1144/1144 1153/1153/1153
f 1159/1159/1159 1147/1147/1147 1157/1157/1157
f 1132/1132/1132 1154/1154/1154 1155/1155/1155
f 1127/1127/1127 1155/1155/1155 1151/1151/1151
f 1145/1145/1145 1158/1158/1158 1152/1152/1152
f 1148/1148/1148 1160/1160/1160 1156/1156/1156
f 1153/1153/1153 1161/1161/1161 1149/1149/1149
f 1149/1149/1149 1161/1161/1161 1150/1150/1150
f 1162/1162/1162 1146/1146/1146 1152/1152/1152
f 1157/1157/1157 1150/1150/1150 1163/1163/1163
f 1161/1161/1161 1163/1163/1163 1150/1150/1150
f 1158/1158/1158 1151/1151/1151 1162/1162/1162
f 1152/1152/1152 1158/1158/1158 1162/1162/1162
f 1157/1157/1157 1164/1164/1164 1159/1159/1159
f 1165/1165/1165 1159/1159/1159 1164/1164/1164
f 1156/1156/1156 1166/1166/1166 1154/1154/1154
f 1167/1167/1167 1146/1146/1146 1162/1162/1162
f 1167/1167/1167 1153/1153/1153 1146/1146/1146
f 1154/1154/1154 1168/1168/1168 1155/1155/1155
f 1169/1169/1169 1151/1151/1151 1155/1155/1155
f 1164/1164/1164 1157/1157/1157 1163/1163/1163
f 1168/1168/1168 1154/1154/1154 1166/1166/1166
f 1169/1169/1169 1155/1155/1155 1168/1168/1168
f 1156/1156/1156 1160/1160/1160 1170/1170/1170
f 1156/1156/1156 1171/1171/1171 1166/1166/1166
f 1171/1171/1171 1156/1156/1156 1170/1170/1170
f 1167/1167/1167 1172/1172/1172 1153/1153/1153
f 1168/1168/1168 1166/1166/1166 1173/1173/1173
f 1161/1161/1161 1153/1153/1153 1172/1172/1172
f 1162/1162/1162 1151/1151/1151 1174/1174/1174
f 1167/1167/1167 1162/1162/1162 1175/1175/1175
f 1166/1166/1166 1171/1171/1171 1173/1173/1173
f 1151/1151/1151 1169/1169/1169 1174/1174/1174
f 1168/1168/1168 1176/1176/1176 1169/1169/1169
f 1161/1161/1161 1172/1172/1172 1177/1177/1177
f 1178/1178/1178 1165/1165/1165 1164/1164/1164
f 1176/1176/1176 1168/1168/1168 1173/1173/1173
f 1179/1179/1179 1165/1165/1165 1178/1178/1178
f 1161/1161/1161 1180/1180/1180 1163/1163/1163
f 1162/1162/1162 1174/1174/1174 1175/1175/1175
f 1164/1164/1164 1181/1181/1181 1178/1178/1178
f 1182/1182/1182 1171/1171/1171 1170/1170/1170
f 1172/1172/1172 1167/1167/1167 1175/1175/1175
f 1181/1181/1181 1164/1164/1164 1163/1163/1163
f 1177/1177/1177 1180/1180/1180 1161/1161/1161
f 1171/1171/1171 1183/1183/1183 1173/1173/1173
f 1176/1176/1176 1173/1173/1173 1183/1183/1183
f 1169/1169/1169 1184/1184/1184 1174/1174/1174
f 1171/1171/1171 1182/1182/1182 1185/1185/1185
f 1183/1183/1183 1171/1171/1171 1185/1185/1185
f 1186/1186/1186 1179/1179/1179 1178/1178/1178
f 1172/1172/1172 1187/1187/1187 1177/1177/1177
f 1176/1176/1176 1184/1184/1184 1169/1169/1169
f 1180/1180/1180 1177/1177/1177 1187/1187/1187
f 1163/1163/1163 1180/1180/1180 1181/1181/1181
f 1184/1184/1184 1176/1176/1176 1188/1188/1188
f 1188/1188/1188 1176/1176/1176 1183/1183/1183
f 1178/1178/1178 1181/1181/1181 1186/1186/1186
f 1189/1189/1189 1186/1186/1186 1181/1181/1181
f 1190/1190/1190 1187/1187/1187 1172/1172/1172
f 1191/1191/1191 1180/1180/1180 1187/1187/1187
f 1181/1181/1181 1180/1180/1180 1191/1191/1191
f 1172/1172/1172 1175/1175/1175 1192/1192/1192
f 1185/1185/1185 1193/1193/1193 1183/1183/1183
f 1193/1193/1193 1194/1194/1194 1183/1183/1183
f 1188/1188/1188 1183/1183/1183 1194/1194/1194
f 1190/1190/1190 1172/1172/1172 1192/1192/1192
f 1181/1181/1181 1191/1191/1191 1189/1189/1189
f 1195/1195/1195 1175/1175/1175 1174/1174/1174
f 1184/1184/1184 1188/1188/1188 1196/1196/1196
f 1184/1184/1184 1197/1197/1197 1174/1174/1174
f 1196/1196/1196 1188/1188/1188 1194/1194/1194
f 1185/1185/1185 1182/1182/1182 1198/1198/1198
f 1199/1199/1199 1191/1191/1191 1187/1187/1187
f 1199/1199/1199 1187/1187/1187 1190/1190/1190
f 1193/1193/1193 1185/1185/1185 1200/1200/1200
f 1192/1192/1192 1175/1175/1175 1195/1195/1195
f 1185/1185/1185 1198/1198/1198 1200/1200/1200
f 1195/1195/1195 1174/1174/1174 1197/1197/1197
f 1201/1201/1201 1186/1186/1186 1189/1189/1189
f 1193/1193/1193 1200/1200/1200 1194/1194/1194
f 1192/1192/1192 1195/1195/1195 1202/1202/1202
f 1190/1190/1190 1203/1203/1203 1199/1199/1199
f 1184/1184/1184 1196/1196/1196 1197/1197/1197
f 1192/1192/1192 1204/1204/1204 1190/1190/1190
f 1200/1200/1200 1205/1205/1205 1194/1194/1194
f 1196/1196/1196 1194/1194/1194 1205/1205/1205
f 1200/1200/1200 1198/1198/1198 1206/1206/1206
f 1207/1207/1207 1195/1195/1195 1197/1197/1197
f 1201/1201/1201 1189/1189/1189 1208/1208/1208
f 1189/1189/1189 1191/1191/1191 1209/1209/1209
f 1192/1192/1192 1202/1202/1202 1204/1204/1204
f 1190/1190/1190 1204/1204/1204 1203/1203/1203
f 1197/1197/1197 1196/1196/1196 1210/1210/1210
f 1191/1191/1191 1199/1199/1199 1209/1209/1209
f 1200/1200/1200 1206/1206/1206 1205/1205/1205
f 1197/1197/1197 1210/1210/1210 1207/1207/1207
f 1195/1195/1195 1207/1207/1207 1202/1202/1202
f 1199/1199/1199 1211/1211/1211 1209/1209/1209
f 1211/1211/1211 1199/1199/1199 1203/1203/1203
f 1212/1212/1212 1208/1208/1208 1189/1189/1189
f 1213/1213/1213 1203/1203/1203 1204/1204/1204
f 1204/1204/1204 1202/1202/1202 1213/1213/1213
f 1214/1214/1214 1205/1205/1205 1206/1206/1206
f 1215/1215/1215 1196/1196/1196 1205/1205/1205
f 1202/1202/1202 1207/1207/1207 1216/1216/1216
f 1212/1212/1212 1189/1189/1189 1209/1209/1209
f 1203/1203/1203 1217/1217/1217 1211/1211/1211
f 1210/1210/1210 1196/1196/1196 1215/1215/1215
f 1208/1208/1208 1212/1212/1212 1218/1218/1218
f 1203/1203/1203 1213/1213/1213 1217/1217/1217
f 1219/1219/1219 1208/1208/1208 1218/1218/1218
f 1215/1215/1215 1205/1205/1205 1220/1220/1220
f 1205/1205/1205 1214/1214/1214 1221/1221/1221
f 1209/1209/1209 1211/1211/1211 1222/1222/1222
f 1220/1220/1220 1205/1205/1205 1221/1221/1221
f 1210/1210/1210 1223/1223/1223 1207/1207/1207
f 1222/1222/1222 1211/1211/1211 1217/1217/1217
f 1212/1212/1212 1209/1209/1209 1224/1224/1224
f 1224/1224/1224 1209/1209/1209 1222/1222/1222
f 1225/1225/1225 1217/1217/1217 1213/1213/1213
f 1225/1225/1225 1222/1222/1222 1217/1217/1217
f 1226/1226/1226 1212/1212/1212 1224/1224/1224
f 1213/1213/1213 1202/1202/1202 1227/1227/1227
f 1228/1228/1228 1219/1219/1219 1218/1218/1218
f 1202/1202/1202 1216/1216/1216 1227/1227/1227
f 1210/1210/1210 1229/1229/1229 1223/1223/1223
f 1229/1229/1229 1210/1210/1210 1215/1215/1215
f 1213/1213/1213 1227/1227/1227 1225/1225/1225
f 1212/1212/1212 1226/1226/1226 1218/1218/1218
f 1228/1228/1228 1218/1218/1218 1230/1230/1230
f 1221/1221/1221 1214/1214/1214 1231/1231/1231
f 1225/1225/1225 1227/1227/1227 1222/1222/1222
f 1216/1216/1216 1207/1207/1207 1223/1223/1223
f 1226/1226/1226 1230/1230/1230 1218/1218/1218
f 1232/1232/1232 1226/1226/1226 1224/1224/1224
f 1224/1224/1224 1222/1222/1222 1233/1233/1233
f 1227/1227/1227 1234/1234/1234 1222/1222/1222
f 1222/1222/1222 1234/1234/1234 1233/1233/1233
f 1220/1220/1220 1229/1229/1229 1215/1215/1215
f 1221/1221/1221 1235/1235/1235 1220/1220/1220
f 1226/1226/1226 1232/1232/1232 1230/1230/1230
f 1236/1236/1236 1228/1228/1228 1230/1230/1230
f 1221/1221/1221 1231/1231/1231 1237/1237/1237
f 1235/1235/1235 1238/1238/1238 1220/1220/1220
f 1229/1229/1229 1220/1220/1220 1238/1238/1238
f 1216/1216/1216 1223/1223/1223 1239/1239/1239
f 1223/1223/1223 1229/1229/1229 1239/1239/1239
f 1232/1232/1232 1224/1224/1224 1240/1240/1240
f 1240/1240/1240 1224/1224/1224 1233/1233/1233
f 1216/1216/1216 1241/1241/1241 1227/1227/1227
f 1232/1232/1232 1236/1236/1236 1230/1230/1230
f 1233/1233/1233 1234/1234/1234 1240/1240/1240
f 1242/1242/1242 1235/1235/1235 1221/1221/1221
f 1221/1221/1221 1237/1237/1237 1242/1242/1242
f 1243/1243/1243 1227/1227/1227 1241/1241/1241
f 1244/1244/1244 1216/1216/1216 1239/1239/1239
f 1227/1227/1227 1245/1245/1245 1234/1234/1234
f 1216/1216/1216 1244/1244/1244 1241/1241/1241
f 1242/1242/1242 1237/1237/1237 1246/1246/1246
f 1242/1242/1242 1238/1238/1238 1235/1235/1235
f 1229/1229/1229 1247/1247/1247 1239/1239/1239
f 1229/1229/1229 1248/1248/1248 1249/1249/1249
f 1248/1248/1248 1229/1229/1229 1238/1238/1238
f 1227/1227/1227 1243/1243/1243 1245/1245/1245
f 1242/1242/1242 1246/1246/1246 1250/1250/1250
f 1232/1232/1232 1251/1251/1251 1236/1236/1236
f 1232/1232/1232 1240/1240/1240 1252/1252/1252
f 1234/1234/1234 1252/1252/1252 1240/1240/1240
f 1249/1249/1249 1247/1247/1247 1229/1229/1229
f 1236/1236/1236 1251/1251/1251 1253/1253/1253
f 1234/1234/1234 1254/1254/1254 1252/1252/1252
f 1242/1242/1242 1255/1255/1255 1238/1238/1238
f 1248/1248/1248 1238/1238/1238 1255/1255/1255
f 1239/1239/1239 1256/1256/1256 1244/1244/1244
f 1234/1234/1234 1245/1245/1245 1254/1254/1254
f 1249/1249/1249 1248/1248/1248 1257/1257/1257
f 1232/1232/1232 1252/1252/1252 1251/1251/1251
f 1255/1255/1255 1242/1242/1242 1250/1250/1250
f 1257/1257/1257 1248/1248/1248 1255/1255/1255
f 1249/1249/1249 1258/1258/1258 1247/1247/1247
f 1239/1239/1239 1247/1247/1247 1256/1256/1256
f 1256/1256/1256 1259/1259/1259 1244/1244/1244
f 1244/1244/1244 1259/1259/1259 1260/1260/1260
f 1244/1244/1244 1260/1260/1260 1241/1241/1241
f 1241/1241/1241 1260/1260/1260 1243/1243/1243
f 1245/1245/1245 1243/1243/1243 1261/1261/1261
f 1255/1255/1255 1262/1262/1262 1257/1257/1257
f 1258/1258/1258 1257/1257/1257 1262/1262/1262
f 1258/1258/1258 1249/1249/1249 1257/1257/1257
f 1263/1263/1263 1247/1247/1247 1264/1264/1264
f 1258/1258/1258 1264/1264/1264 1247/1247/1247
f 1263/1263/1263 1256/1256/1256 1247/1247/1247
f 1256/1256/1256 1263/1263/1263 1259/1259/1259
f 1260/1260/1260 1259/1259/1259 1265/1265/1265
f 1265/1265/1265 1266/1266/1266 1260/1260/1260
f 1260/1260/1260 1266/1266/1266 1243/1243/1243
f 1267/1267/1267 1254/1254/1254 1261/1261/1261
f 1254/1254/1254 1245/1245/1245 1261/1261/1261
f 1262/1262/1262 1255/1255/1255 1250/1250/1250
f 1262/1262/1262 1268/1268/1268 1258/1258/1258
f 1268/1268/1268 1264/1264/1264 1258/1258/1258
f 1263/1263/1263 1265/1265/1265 1259/1259/1259
f 1243/1243/1243 1267/1267/1267 1261/1261/1261
f 1252/1252/1252 1254/1254/1254 1267/1267/1267
f 1243/1243/1243 1266/1266/1266 1269/1269/1269
f 1267/1267/1267 1243/1243/1243 1269/1269/1269
f 1265/1265/1265 1263/1263/1263 1270/1270/1270
f 1265/1265/1265 1271/1271/1271 1266/1266/1266
f 1266/1266/1266 1271/1271/1271 1272/1272/1272
f 1251/1251/1251 1267/1267/1267 1273/1273/1273
f 1262/1262/1262 1250/1250/1250 1274/1274/1274
f 1275/1275/1275 1269/1269/1269 1266/1266/1266
f 1250/1250/1250 1246/1246/1246 1276/1276/1276
f 1277/1277/1277 1270/1270/1270 1263/1263/1263
f 1262/1262/1262 1274/1274/1274 1268/1268/1268
f 1268/1268/1268 1278/1278/1278 1264/1264/1264
f 1263/1263/1263 1279/1279/1279 1277/1277/1277
f 1265/1265/1265 1270/1270/1270 1271/1271/1271
f 1269/1269/1269 1280/1280/1280 1267/1267/1267
f 1263/1263/1263 1264/1264/1264 1279/1279/1279
f 1266/1266/1266 1272/1272/1272 1275/1275/1275
f 1267/1267/1267 1280/1280/1280 1273/1273/1273
f 1271/1271/1271 1270/1270/1270 1281/1281/1281
f 1251/1251/1251 1273/1273/1273 1282/1282/1282
f 1268/1268/1268 1274/1274/1274 1278/1278/1278
f 1269/1269/1269 1275/1275/1275 1283/1283/1283
f 1276/1276/1276 1274/1274/1274 1250/1250/1250
f 1284/1284/1284 1264/1264/1264 1278/1278/1278
f 1264/1264/1264 1284/1284/1284 1279/1279/1279
f 1277/1277/1277 1279/1279/1279 1270/1270/1270
f 1272/1272/1272 1271/1271/1271 1281/1281/1281
f 1283/1283/1283 1275/1275/1275 1272/1272/1272
f 1269/1269/1269 1283/1283/1283 1280/1280/1280
f 1273/1273/1273 1285/1285/1285 1282/1282/1282
f 1253/1253/1253 1251/1251/1251 1282/1282/1282
f 1286/1286/1286 1285/1285/1285 1273/1273/1273
f 1251/1251/1251 1252/1252/1252 1267/1267/1267
f 1287/1287/1287 1288/1288/1288 1289/1289/1289
f 1290/1290/1290 1291/1291/1291 1292/1292/1292
f 1293/1293/1293 1294/1294/1294 1295/1295/1295
f 1296/1296/1296 1287/1287/1287 1289/1289/1289
f 1291/1291/1291 1297/1297/1297 1298/1298/1298
f 1299/1299/1299 1290/1290/1290 1292/1292/1292
f 1300/1300/1300 1299/1299/1299 1301/1301/1301
f 1301/1301/1301 1294/1294/1294 1293/1293/1293
f 1302/1302/1302 1303/1303/1303 1288/1288/1288
f 1296/1296/1296 1304/1304/1304 1287/1287/1287
f 1288/1288/1288 1287/1287/1287 1302/1302/1302
f 1305/1305/1305 1290/1290/1290 1299/1299/1299
f 1305/1305/1305 1299/1299/1299 1300/1300/1300
f 1301/1301/1301 1293/1293/1293 1300/1300/1300
f 1297/1297/1297 1306/1306/1306 1298/1298/1298
f 1290/1290/1290 1297/1297/1297 1291/1291/1291
f 1300/1300/1300 1293/1293/1293 1307/1307/1307
f 1296/1296/1296 1298/1298/1298 1304/1304/1304
f 1293/1293/1293 1295/1295/1295 1308/1308/1308
f 1297/1297/1297 1290/1290/1290 1309/1309/1309
f 1306/1306/1306 1304/1304/1304 1298/1298/1298
f 1308/1308/1308 1310/1310/1310 1293/1293/1293
f 1287/1287/1287 1311/1311/1311 1302/1302/1302
f 1312/1312/1312 1303/1303/1303 1302/1302/1302
f 1307/1307/1307 1293/1293/1293 1310/1310/1310
f 1287/1287/1287 1304/1304/1304 1311/1311/1311
f 1300/1300/1300 1307/1307/1307 1305/1305/1305
f 1297/1297/1297 1309/1309/1309 1306/1306/1306
f 1307/1307/1307 1310/1310/1310 1313/1313/1313
f 1314/1314/1314 1310/1310/1310 1308/1308/1308
f 1305/1305/1305 1307/1307/1307 1315/1315/1315
f 1312/1312/1312 1302/1302/1302 1316/1316/1316
f 1304/1304/1304 1306/1306/1306 1311/1311/1311
f 1314/1314/1314 1313/1313/1313 1310/1310/1310
f 1315/1315/1315 1307/1307/1307 1313/1313/1313
f 1290/1290/1290 1317/1317/1317 1309/1309/1309
f 1318/1318/1318 1316/1316/1316 1302/1302/1302
f 1302/1302/1302 1311/1311/1311 1318/1318/1318
f 1290/1290/1290 1305/1305/1305 1315/1315/1315
f 1306/1306/1306 1319/1319/1319 1311/1311/1311
f 1306/1306/1306 1309/1309/1309 1319/1319/1319
f 1290/1290/1290 1315/1315/1315 1317/1317/1317
f 1316/1316/1316 1318/1318/1318 1320/1320/1320
f 1311/1311/1311 1319/1319/1319 1321/1321/1321
f 1318/1318/1318 1311/1311/1311 1322/1322/1322
f 1319/1319/1319 1309/1309/1309 1323/1323/1323
f 1322/1322/1322 1320/1320/1320 1318/1318/1318
f 1317/1317/1317 1323/1323/1323 1309/1309/1309
f 1311/1311/1311 1321/1321/1321 1322/1322/1322
f 1314/1314/1314 1324/1324/1324 1313/1313/1313
f 1315/1315/1315 1313/1313/1313 1325/1325/1325
f 1313/1313/1313 1324/1324/1324 1326/1326/1326
f 1319/1319/1319 1327/1327/1327 1321/1321/1321
f 1327/1327/1327 1319/1319/1319 1323/1323/1323
f 1317/1317/1317 1328/1328/1328 1323/1323/1323
f 1317/1317/1317 1315/1315/1315 1328/1328/1328
f 1324/1324/1324 1329/1329/1329 1326/1326/1326
f 1330/1330/1330 1331/1331/1331 1322/1322/1322
f 1322/1322/1322 1321/1321/1321 1330/1330/1330
f 1328/1328/1328 1315/1315/1315 1325/1325/1325
f 1321/1321/1321 1332/1332/1332 1330/1330/1330
f 1313/1313/1313 1326/1326/1326 1325/1325/1325
f 1321/1321/1321 1327/1327/1327 1332/1332/1332
f 1331/1331/1331 1330/1330/1330 1333/1333/1333
f 1334/1334/1334 1328/1328/1328 1325/1325/1325
f 1333/1333/1333 1330/1330/1330 1332/1332/1332
f 1329/1329/1329 1335/1335/1335 1326/1326/1326
f 1323/1323/1323 1328/1328/1328 1336/1336/1336
f 1337/1337/1337 1336/1336/1336 1328/1328/1328
f 1323/1323/1323 1338/1338/1338 1327/1327/1327
f 1333/1333/1333 1339/1339/1339 1331/1331/1331
f 1325/1325/1325 1326/1326/1326 1340/1340/1340
f 1332/1332/1332 1327/1327/1327 1341/1341/1341
f 1323/1323/1323 1336/1336/1336 1338/1338/1338
f 1342/1342/1342 1340/1340/1340 1326/1326/1326
f 1342/1342/1342 1326/1326/1326 1335/1335/1335
f 1332/1332/1332 1341/1341/1341 1333/1333/1333
f 1334/1334/1334 1325/1325/1325 1340/1340/1340
f 1334/1334/1334 1337/1337/1337 1328/1328/1328
f 1343/1343/1343 1344/1344/1344 1334/1334/1334
f 1334/1334/1334 1340/1340/1340 1343/1343/1343
f 1345/1345/1345 1343/1343/1343 1340/1340/1340
f 1340/1340/1340 1342/1342/1342 1346/1346/1346
f 1347/1347/1347 1337/1337/1337 1334/1334/1334
f 1348/1348/1348 1339/1339/1339 1333/1333/1333
f 1338/1338/1338 1341/1341/1341 1327/1327/1327
f 1344/1344/1344 1347/1347/1347 1334/1334/1334
f 1345/1345/1345 1340/1340/1340 1349/1349/1349
f 1342/1342/1342 1335/1335/1335 1350/1350/1350
f 1346/1346/1346 1342/1342/1342 1350/1350/1350
f 1340/1340/1340 1346/1346/1346 1349/1349/1349
f 1347/1347/1347 1351/1351/1351 1337/1337/1337
f 1348/1348/1348 1333/1333/1333 1341/1341/1341
f 1351/1351/1351 1336/1336/1336 1337/1337/1337
f 1348/1348/1348 1341/1341/1341 1352/1352/1352
f 1336/1336/1336 1353/1353/1353 1338/1338/1338
f 1354/1354/1354 1336/1336/1336 1351/1351/1351
f 1354/1354/1354 1353/1353/1353 1336/1336/1336
f 1346/1346/1346 1350/1350/1350 1355/1355/1355
f 1350/1350/1350 1356/1356/1356 1355/1355/1355
f 1349/1349/1349 1346/1346/1346 1355/1355/1355
f 1357/1357/1357 1348/1348/1348 1352/1352/1352
f 1338/1338/1338 1358/1358/1358 1341/1341/1341
f 1353/1353/1353 1358/1358/1358 1338/1338/1338
f 1354/1354/1354 1359/1359/1359 1353/1353/1353
f 1349/1349/1349 1355/1355/1355 1360/1360/1360
f 1359/1359/1359 1358/1358/1358 1353/1353/1353
f 1361/1361/1361 1355/1355/1355 1356/1356/1356
f 1358/1358/1358 1352/1352/1352 1341/1341/1341
f 1362/1362/1362 1359/1359/1359 1354/1354/1354
f 1359/1359/1359 1363/1363/1363 1358/1358/1358
f 1364/1364/1364 1359/1359/1359 1362/1362/1362
f 1360/1360/1360 1355/1355/1355 1365/1365/1365
f 1352/1352/1352 1366/1366/1366 1357/1357/1357
f 1367/1367/1367 1364/1364/1364 1362/1362/1362
f 1358/1358/1358 1368/1368/1368 1352/1352/1352
f 1361/1361/1361 1365/1365/1365 1355/1355/1355
f 1364/1364/1364 1363/1363/1363 1359/1359/1359
f 1369/1369/1369 1364/1364/1364 1367/1367/1367
f 1360/1360/1360 1365/1365/1365 1370/1370/1370
f 1363/1363/1363 1368/1368/1368 1358/1358/1358
f 1371/1371/1371 1365/1365/1365 1361/1361/1361
f 1366/1366/1366 1352/1352/1352 1372/1372/1372
f 1373/1373/1373 1364/1364/1364 1369/1369/1369
f 1372/1372/1372 1352/1352/1352 1368/1368/1368
f 1373/1373/1373 1363/1363/1363 1364/1364/1364
f 1374/1374/1374 1373/1373/1373 1369/1369/1369
f 1368/1368/1368 1363/1363/1363 1375/1375/1375
f 1370/1370/1370 1365/1365/1365 1376/1376/1376
f 1377/1377/1377 1374/1374/1374 1378/1378/1378
f 1377/1377/1377 1379/1379/1379 1374/1374/1374
f 1380/1380/1380 1381/1381/1381 1377/1377/1377
f 1374/1374/1374 1379/1379/1379 1373/1373/1373
f 1382/1382/1382 1363/1363/1363 1373/1373/1373
f 1376/1376/1376 1383/1383/1383 1370/1370/1370
f 1384/1384/1384 1377/1377/1377 1381/1381/1381
f 1368/1368/1368 1375/1375/1375 1385/1385/1385
f 1375/1375/1375 1363/1363/1363 1386/1386/1386
f 1382/1382/1382 1386/1386/1386 1363/1363/1363
f 1357/1357/1357 1366/1366/1366 1372/1372/1372
f 1387/1387/1387 1377/1377/1377 1384/1384/1384
f 1387/1387/1387 1388/1388/1388 1383/1383/1383
f 1376/1376/1376 1387/1387/1387 1383/1383/1383
f 1384/1384/1384 1388/1388/1388 1387/1387/1387
f 1389/1389/1389 1357/1357/1357 1372/1372/1372
f 1379/1379/1379 1382/1382/1382 1373/1373/1373
f 1376/1376/1376 1365/1365/1365 1390/1390/1390
f 1368/1368/1368 1385/1385/1385 1372/1372/1372
f 1365/1365/1365 1371/1371/1371 1390/1390/1390
f 1391/1391/1391 1379/1379/1379 1377/1377/1377
f 1391/1391/1391 1377/1377/1377 1387/1387/1387
f 1390/1390/1390 1392/1392/1392 1376/1376/1376
f 1371/1371/1371 1393/1393/1393 1390/1390/1390
f 1387/1387/1387 1376/1376/1376 1392/1392/1392
f 1387/1387/1387 1392/1392/1392 1391/1391/1391
f 1375/1375/1375 1386/1386/1386 1385/1385/1385
f 1372/1372/1372 1394/1394/1394 1389/1389/1389
f 1382/1382/1382 1379/1379/1379 1395/1395/1395
f 1389/1389/1389 1394/1394/1394 1396/1396/1396
f 1372/1372/1372 1385/1385/1385 1397/1397/1397
f 1393/1393/1393 1398/1398/1398 1390/1390/1390
f 1386/1386/1386 1382/1382/1382 1395/1395/1395
f 1391/1391/1391 1392/1392/1392 1399/1399/1399
f 1390/1390/1390 1398/1398/1398 1392/1392/1392
f 1379/1379/1379 1400/1400/1400 1395/1395/1395
f 1391/1391/1391 1400/1400/1400 1379/1379/1379
f 1385/1385/1385 1386/1386/1386 1401/1401/1401
f 1372/1372/1372 1397/1397/1397 1394/1394/1394
f 1392/1392/1392 1398/1398/1398 1402/1402/1402
f 1385/1385/1385 1401/1401/1401 1397/1397/1397
f 1392/1392/1392 1402/1402/1402 1399/1399/1399
f 1394/1394/1394 1397/1397/1397 1403/1403/1403
f 1404/1404/1404 1398/1398/1398 1393/1393/1393
f 1401/1401/1401 1403/1403/1403 1397/1397/1397
f 1386/1386/1386 1405/1405/1405 1401/1401/1401
f 1400/1400/1400 1391/1391/1391 1399/1399/1399
f 1402/1402/1402 1398/1398/1398 1406/1406/1406
f 1400/1400/1400 1399/1399/1399 1407/1407/1407
f 1396/1396/1396 1394/1394/1394 1408/1408/1408
f 1395/1395/1395 1409/1409/1409 1386/1386/1386
f 1409/1409/1409 1395/1395/1395 1400/1400/1400
f 1386/1386/1386 1409/1409/1409 1405/1405/1405
f 1403/1403/1403 1408/1408/1408 1394/1394/1394
f 1404/1404/1404 1410/1410/1410 1398/1398/1398
f 1409/1409/1409 1400/1400/1400 1407/1407/1407
f 1398/1398/1398 1410/1410/1410 1406/1406/1406
f 1401/1401/1401 1411/1411/1411 1403/1403/1403
f 1412/1412/1412 1408/1408/1408 1403/1403/1403
f 1401/1401/1401 1405/1405/1405 1411/1411/1411
f 1413/1413/1413 1399/1399/1399 1402/1402/1402
f 1396/1396/1396 1408/1408/1408 1414/1414/1414
f 1399/1399/1399 1413/1413/1413 1407/1407/1407
f 1402/1402/1402 1406/1406/1406 1413/1413/1413
f 1403/1403/1403 1411/1411/1411 1412/1412/1412
f 1405/1405/1405 1409/1409/1409 1415/1415/1415
f 1411/1411/1411 1405/1405/1405 1415/1415/1415
f 1410/1410/1410 1416/1416/1416 1406/1406/1406
f 1409/1409/1409 1417/1417/1417 1415/1415/1415
f 1409/1409/1409 1407/1407/1407 1417/1417/1417
f 1418/1418/1418 1407/1407/1407 1413/1413/1413
f 1408/1408/1408 1412/1412/1412 1419/1419/1419
f 1420/1420/1420 1417/1417/1417 1407/1407/1407
f 1408/1408/1408 1419/1419/1419 1421/1421/1421
f 1416/1416/1416 1422/1422/1422 1406/1406/1406
f 1411/1411/1411 1423/1423/1423 1412/1412/1412
f 1411/1411/1411 1415/1415/1415 1424/1424/1424
f 1407/1407/1407 1418/1418/1418 1420/1420/1420
f 1412/1412/1412 1423/1423/1423 1419/1419/1419
f 1418/1418/1418 1413/1413/1413 1425/1425/1425
f 1413/1413/1413 1406/1406/1406 1426/1426/1426
f 1411/1411/1411 1424/1424/1424 1423/1423/1423
f 1406/1406/1406 1422/1422/1422 1426/1426/1426
f 1417/1417/1417 1427/1427/1427 1415/1415/1415
f 1413/1413/1413 1426/1426/1426 1425/1425/1425
f 1415/1415/1415 1427/1427/1427 1424/1424/1424
f 1428/1428/1428 1423/1423/1423 1424/1424/1424
f 1417/1417/1417 1429/1429/1429 1427/1427/1427
f 1422/1422/1422 1430/1430/1430 1426/1426/1426
f 1417/1417/1417 1420/1420/1420 1429/1429/1429
f 1418/1418/1418 1425/1425/1425 1431/1431/1431
f 1421/1421/1421 1419/1419/1419 1432/1432/1432
f 1424/1424/1424 1427/1427/1427 1428/1428/1428
f 1420/1420/1420 1418/1418/1418 1431/1431/1431
f 1419/1419/1419 1423/1423/1423 1433/1433/1433
f 1423/1423/1423 1428/1428/1428 1434/1434/1434
f 1419/1419/1419 1435/1435/1435 1432/1432/1432
f 1436/1436/1436 1429/1429/1429 1420/1420/1420
f 1419/1419/1419 1433/1433/1433 1435/1435/1435
f 1433/1433/1433 1423/1423/1423 1434/1434/1434
f 1437/1437/1437 1436/1436/1436 1420/1420/1420
f 1420/1420/1420 1431/1431/1431 1437/1437/1437
f 1438/1438/1438 1439/1439/1439 1426/1426/1426
f 1426/1426/1426 1430/1430/1430 1438/1438/1438
f 1425/1425/1425 1426/1426/1426 1440/1440/1440
f 1441/1441/1441 1432/1432/1432 1435/1435/1435
f 1428/1428/1428 1427/1427/1427 1442/1442/1442
f 1427/1427/1427 1429/1429/1429 1443/1443/1443
f 1426/1426/1426 1439/1439/1439 1440/1440/1440
f 1435/1435/1435 1433/1433/1433 1444/1444/1444
f 1433/1433/1433 1434/1434/1434 1445/1445/1445
f 1443/1443/1443 1429/1429/1429 1436/1436/1436
f 1434/1434/1434 1428/1428/1428 1446/1446/1446
f 1431/1431/1431 1425/1425/1425 1447/1447/1447
f 1425/1425/1425 1440/1440/1440 1447/1447/1447
f 1442/1442/1442 1446/1446/1446 1428/1428/1428
f 1427/1427/1427 1443/1443/1443 1442/1442/1442
f 1448/1448/1448 1443/1443/1443 1436/1436/1436
f 1437/1437/1437 1448/1448/1448 1436/1436/1436
f 1447/1447/1447 1437/1437/1437 1431/1431/1431
f 1435/1435/1435 1449/1449/1449 1441/1441/1441
f 1439/1439/1439 1438/1438/1438 1440/1440/1440
f 1435/1435/1435 1444/1444/1444 1449/1449/1449
f 1433/1433/1433 1445/1445/1445 1444/1444/1444
f 1445/1445/1445 1434/1434/1434 1446/1446/1446
f 1331/1331/1331 1320/1320/1320 1322/1322/1322
f 1362/1362/1362 1354/1354/1354 1450/1450/1450
f 1421/1421/1421 1414/1414/1414 1408/1408/1408
f 1451/1451/1451 1452/1452/1452 1453/1453/1453
f 1453/1453/1453 1454/1454/1454 1451/1451/1451
f 1454/1454/1454 1455/1455/1455 1451/1451/1451
f 1454/1454/1454 1453/1453/1453 1456/1456/1456
f 1455/1455/1455 1454/1454/1454 1457/1457/1457
f 1454/1454/1454 1456/1456/1456 1458/1458/1458
f 1457/1457/1457 1454/1454/1454 1458/1458/1458
f 1459/1459/1459 1457/1457/1457 1458/1458/1458
f 1459/1459/1459 1458/1458/1458 1460/1460/1460
f 1459/1459/1459 1461/1461/1461 1457/1457/1457
f 1461/1461/1461 1459/1459/1459 1460/1460/1460
f 1462/1462/1462 1457/1457/1457 1461/1461/1461
f 1463/1463/1463 1462/1462/1462 1461/1461/1461
f 1461/1461/1461 1460/1460/1460 1464/1464/1464
f 1463/1463/1463 1461/1461/1461 1465/1465/1465
f 1465/1465/1465 1461/1461/1461 1464/1464/1464
f 1466/1466/1466 1464/1464/1464 1460/1460/1460
f 1467/1467/1467 1463/1463/1463 1465/1465/1465
f 1465/1465/1465 1464/1464/1464 1467/1467/1467
f 1468/1468/1468 1467/1467/1467 1464/1464/1464
f 1464/1464/1464 1466/1466/1466 1468/1468/1468
f 1466/1466/1466 1469/1469/1469 1468/1468/1468
f 1470/1470/1470 1468/1468/1468 1469/1469/1469
f 1470/1470/1470 1467/1467/1467 1468/1468/1468
f 1467/1467/1467 1470/1470/1470 1471/1471/1471
f 1472/1472/1472 1467/1467/1467 1471/1471/1471
f 1469/1469/1469 1473/1473/1473 1470/1470/1470
f 1474/1474/1474 1472/1472/1472 1471/1471/1471
f 1475/1475/1475 1471/1471/1471 1470/1470/1470
f 1473/1473/1473 1476/1476/1476 1470/1470/1470
f 1476/1476/1476 1475/1475/1475 1470/1470/1470
f 1474/1474/1474 1471/1471/1471 1475/1475/1475
f 1477/1477/1477 1474/1474/1474 1475/1475/1475
f 1478/1478/1478 1475/1475/1475 1476/1476/1476
f 1475/1475/1475 1478/1478/1478 1477/1477/1477
f 1479/1479/1479 1474/1474/1474 1477/1477/1477
f 1480/1480/1480 1477/1477/1477 1478/1478/1478
f 1481/1481/1481 1479/1479/1479 1477/1477/1477
f 1481/1481/1481 1477/1477/1477 1480/1480/1480
f 1482/1482/1482 1479/1479/1479 1481/1481/1481
f 1483/1483/1483 1480/1480/1480 1478/1478/1478
f 1483/1483/1483 1481/1481/1481 1480/1480/1480
f 1483/1483/1483 1478/1478/1478 1484/1484/1484
f 1485/1485/1485 1482/1482/1482 1481/1481/1481
f 1481/1481/1481 1483/1483/1483 1485/1485/1485
f 1486/1486/1486 1485/1485/1485 1483/1483/1483
f 1483/1483/1483 1484/1484/1484 1486/1486/1486
f 1487/1487/1487 1486/1486/1486 1484/1484/1484
f 1488/1488/1488 1485/1485/1485 1486/1486/1486
f 1487/1487/1487 1489/1489/1489 1486/1486/1486
f 1486/1486/1486 1489/1489/1489 1488/1488/1488
f 1485/1485/1485 1488/1488/1488 1490/1490/1490
f 1487/1487/1487 1491/1491/1491 1489/1489/1489
f 1488/1488/1488 1489/1489/1489 1492/1492/1492
f 1490/1490/1490 1488/1488/1488 1492/1492/1492
f 1489/1489/1489 1491/1491/1491 1492/1492/1492
f 1493/1493/1493 1490/1490/1490 1492/1492/1492
f 1491/1491/1491 1494/1494/1494 1492/1492/1492
f 1491/1491/1491 1495/1495/1495 1494/1494/1494
f 1492/1492/1492 1496/1496/1496 1493/1493/1493
f 1494/1494/1494 1496/1496/1496 1492/1492/1492
f 1494/1494/1494 1495/1495/1495 1497/1497/1497
f 1496/1496/1496 1494/1494/1494 1497/1497/1497
f 1497/1497/1497 1495/1495/1495 1498/1498/1498
f 1497/1497/1497 1499/1499/1499 1496/1496/1496
f 1496/1496/1496 1499/1499/1499 1500/1500/1500
f 1501/1501/1501 1499/1499/1499 1497/1497/1497
f 1502/1502/1502 1500/1500/1500 1499/1499/1499
f 1497/1497/1497 1498/1498/1498 1501/1501/1501
f 1502/1502/1502 1499/1499/1499 1501/1501/1501
f 1503/1503/1503 1501/1501/1501 1498/1498/1498
f 1501/1501/1501 1504/1504/1504 1502/1502/1502
f 1503/1503/1503 1504/1504/1504 1501/1501/1501
f 1505/1505/1505 1502/1502/1502 1504/1504/1504
f 1506/1506/1506 1507/1507/1507 1508/1508/1508
f 1509/1509/1509 1507/1507/1507 1506/1506/1506
f 1510/1510/1510 1511/1511/1511 1512/1512/1512
f 1513/1513/1513 1514/1514/1514 1515/1515/1515
f 1512/1512/1512 1511/1511/1511 1516/1516/1516
f 1509/1509/1509 1515/1515/1515 1514/1514/1514
f 1517/1517/1517 1518/1518/1518 1519/1519/1519
f 1508/1508/1508 1507/1507/1507 1510/1510/1510
f 1510/1510/1510 1520/1520/1520 1511/1511/1511
f 1507/1507/1507 1520/1520/1520 1510/1510/1510
f 1516/1516/1516 1511/1511/1511 1521/1521/1521
f 1522/1522/1522 1523/1523/1523 1516/1516/1516
f 1513/1513/1513 1524/1524/1524 1514/1514/1514
f 1525/1525/1525 1519/1519/1519 1518/1518/1518
f 1526/1526/1526 1507/1507/1507 1509/1509/1509
f 1518/1518/1518 1527/1527/1527 1528/1528/1528
f 1529/1529/1529 1523/1523/1523 1522/1522/1522
f 1530/1530/1530 1513/1513/1513 1517/1517/1517
f 1526/1526/1526 1509/1509/1509 1514/1514/1514
f 1530/1530/1530 1524/1524/1524 1513/1513/1513
f 1516/1516/1516 1521/1521/1521 1522/1522/1522
f 1518/1518/1518 1528/1528/1528 1525/1525/1525
f 1530/1530/1530 1517/1517/1517 1519/1519/1519
f 1514/1514/1514 1524/1524/1524 1526/1526/1526
f 1526/1526/1526 1531/1531/1531 1507/1507/1507
f 1524/1524/1524 1530/1530/1530 1532/1532/1532
f 1531/1531/1531 1520/1520/1520 1507/1507/1507
f 1511/1511/1511 1520/1520/1520 1533/1533/1533
f 1533/1533/1533 1521/1521/1521 1511/1511/1511
f 1524/1524/1524 1531/1531/1531 1526/1526/1526
f 1521/1521/1521 1534/1534/1534 1522/1522/1522
f 1529/1529/1529 1522/1522/1522 1535/1535/1535
f 1532/1532/1532 1530/1530/1530 1519/1519/1519
f 1519/1519/1519 1536/1536/1536 1532/1532/1532
f 1532/1532/1532 1537/1537/1537 1524/1524/1524
f 1531/1531/1531 1538/1538/1538 1520/1520/1520
f 1521/1521/1521 1533/1533/1533 1534/1534/1534
f 1525/1525/1525 1536/1536/1536 1519/1519/1519
f 1520/1520/1520 1538/1538/1538 1533/1533/1533
f 1539/1539/1539 1525/1525/1525 1528/1528/1528
f 1524/1524/1524 1537/1537/1537 1531/1531/1531
f 1535/1535/1535 1522/1522/1522 1534/1534/1534
f 1531/1531/1531 1540/1540/1540 1538/1538/1538
f 1541/1541/1541 1536/1536/1536 1525/1525/1525
f 1533/1533/1533 1538/1538/1538 1534/1534/1534
f 1539/1539/1539 1541/1541/1541 1525/1525/1525
f 1531/1531/1531 1537/1537/1537 1540/1540/1540
f 1536/1536/1536 1542/1542/1542 1532/1532/1532
f 1536/1536/1536 1541/1541/1541 1542/1542/1542
f 1543/1543/1543 1541/1541/1541 1539/1539/1539
f 1534/1534/1534 1544/1544/1544 1535/1535/1535
f 1537/1537/1537 1532/1532/1532 1545/1545/1545
f 1546/1546/1546 1544/1544/1544 1534/1534/1534
f 1540/1540/1540 1547/1547/1547 1538/1538/1538
f 1538/1538/1538 1546/1546/1546 1534/1534/1534
f 1537/1537/1537 1545/1545/1545 1540/1540/1540
f 1541/1541/1541 1543/1543/1543 1548/1548/1548
f 1538/1538/1538 1547/1547/1547 1546/1546/1546
f 1544/1544/1544 1549/1549/1549 1535/1535/1535
f 1548/1548/1548 1550/1550/1550 1541/1541/1541
f 1545/1545/1545 1551/1551/1551 1540/1540/1540
f 1540/1540/1540 1551/1551/1551 1547/1547/1547
f 1542/1542/1542 1541/1541/1541 1550/1550/1550
f 1542/1542/1542 1552/1552/1552 1532/1532/1532
f 1545/1545/1545 1553/1553/1553 1551/1551/1551
f 1532/1532/1532 1553/1553/1553 1545/1545/1545
f 1548/1548/1548 1554/1554/1554 1550/1550/1550
f 1547/1547/1547 1555/1555/1555 1546/1546/1546
f 1543/1543/1543 1554/1554/1554 1548/1548/1548
f 1546/1546/1546 1556/1556/1556 1544/1544/1544
f 1544/1544/1544 1556/1556/1556 1549/1549/1549
f 1552/1552/1552 1553/1553/1553 1532/1532/1532
f 1549/1549/1549 1556/1556/1556 1557/1557/1557
f 1555/1555/1555 1547/1547/1547 1551/1551/1551
f 1550/1550/1550 1552/1552/1552 1542/1542/1542
f 1553/1553/1553 1558/1558/1558 1551/1551/1551
f 1554/1554/1554 1559/1559/1559 1550/1550/1550
f 1555/1555/1555 1556/1556/1556 1546/1546/1546
f 1550/1550/1550 1559/1559/1559 1552/1552/1552
f 1553/1553/1553 1560/1560/1560 1558/1558/1558
f 1551/1551/1551 1561/1561/1561 1555/1555/1555
f 1543/1543/1543 1562/1562/1562 1554/1554/1554
f 1552/1552/1552 1563/1563/1563 1553/1553/1553
f 1558/1558/1558 1561/1561/1561 1551/1551/1551
f 1553/1553/1553 1563/1563/1563 1560/1560/1560
f 1564/1564/1564 1554/1554/1554 1562/1562/1562
f 1554/1554/1554 1564/1564/1564 1559/1559/1559
f 1556/1556/1556 1565/1565/1565 1557/1557/1557
f 1552/1552/1552 1566/1566/1566 1563/1563/1563
f 1560/1560/1560 1563/1563/1563 1567/1567/1567
f 1555/1555/1555 1561/1561/1561 1556/1556/1556
f 1566/1566/1566 1552/1552/1552 1568/1568/1568
f 1567/1567/1567 1563/1563/1563 1566/1566/1566
f 1560/1560/1560 1569/1569/1569 1558/1558/1558
f 1560/1560/1560 1567/1567/1567 1569/1569/1569
f 1559/1559/1559 1570/1570/1570 1552/1552/1552
f 1558/1558/1558 1571/1571/1571 1561/1561/1561
f 1572/1572/1572 1558/1558/1558 1569/1569/1569
f 1552/1552/1552 1570/1570/1570 1568/1568/1568
f 1564/1564/1564 1573/1573/1573 1559/1559/1559
f 1573/1573/1573 1570/1570/1570 1559/1559/1559
f 1562/1562/1562 1574/1574/1574 1564/1564/1564
f 1568/1568/1568 1570/1570/1570 1575/1575/1575
f 1576/1576/1576 1565/1565/1565 1556/1556/1556
f 1574/1574/1574 1577/1577/1577 1564/1564/1564
f 1561/1561/1561 1578/1578/1578 1556/1556/1556
f 1577/1577/1577 1573/1573/1573 1564/1564/1564
f 1571/1571/1571 1579/1579/1579 1561/1561/1561
f 1558/1558/1558 1580/1580/1580 1571/1571/1571
f 1556/1556/1556 1578/1578/1578 1576/1576/1576
f 1580/1580/1580 1579/1579/1579 1571/1571/1571
f 1565/1565/1565 1576/1576/1576 1581/1581/1581
f 1572/1572/1572 1580/1580/1580 1558/1558/1558
f 1579/1579/1579 1582/1582/1582 1561/1561/1561
f 1572/1572/1572 1583/1583/1583 1580/1580/1580
f 1561/1561/1561 1582/1582/1582 1578/1578/1578
f 1574/1574/1574 1584/1584/1584 1577/1577/1577
f 1570/1570/1570 1585/1585/1585 1575/1575/1575
f 1570/1570/1570 1573/1573/1573 1585/1585/1585
f 1586/1586/1586 1575/1575/1575 1585/1585/1585
f 1587/1587/1587 1573/1573/1573 1577/1577/1577
f 1584/1584/1584 1587/1587/1587 1577/1577/1577
f 1587/1587/1587 1588/1588/1588 1573/1573/1573
f 1573/1573/1573 1588/1588/1588 1585/1585/1585
f 1589/1589/1589 1576/1576/1576 1578/1578/1578
f 1576/1576/1576 1589/1589/1589 1581/1581/1581
f 1582/1582/1582 1590/1590/1590 1578/1578/1578
f 1578/1578/1578 1590/1590/1590 1589/1589/1589
f 1580/1580/1580 1591/1591/1591 1579/1579/1579
f 1583/1583/1583 1591/1591/1591 1580/1580/1580
f 1582/1582/1582 1592/1592/1592 1590/1590/1590
f 1591/1591/1591 1582/1582/1582 1579/1579/1579
f 1589/1589/1589 1593/1593/1593 1581/1581/1581
f 1587/1587/1587 1594/1594/1594 1588/1588/1588
f 1584/1584/1584 1594/1594/1594 1587/1587/1587
f 1583/1583/1583 1595/1595/1595 1591/1591/1591
f 1588/1588/1588 1596/1596/1596 1585/1585/1585
f 1584/1584/1584 1597/1597/1597 1594/1594/1594
f 1585/1585/1585 1596/1596/1596 1586/1586/1586
f 1588/1588/1588 1598/1598/1598 1596/1596/1596
f 1596/1596/1596 1599/1599/1599 1586/1586/1586
f 1589/1589/1589 1600/1600/1600 1593/1593/1593
f 1594/1594/1594 1598/1598/1598 1588/1588/1588
f 1591/1591/1591 1601/1601/1601 1582/1582/1582
f 1590/1590/1590 1602/1602/1602 1589/1589/1589
f 1589/1589/1589 1602/1602/1602 1600/1600/1600
f 1601/1601/1601 1592/1592/1592 1582/1582/1582
f 1590/1590/1590 1592/1592/1592 1602/1602/1602
f 1603/1603/1603 1593/1593/1593 1600/1600/1600
f 1597/1597/1597 1604/1604/1604 1594/1594/1594
f 1599/1599/1599 1596/1596/1596 1605/1605/1605
f 1604/1604/1604 1598/1598/1598 1594/1594/1594
f 1598/1598/1598 1605/1605/1605 1596/1596/1596
f 1595/1595/1595 1606/1606/1606 1591/1591/1591
f 1598/1598/1598 1607/1607/1607 1605/1605/1605
f 1606/1606/1606 1608/1608/1608 1591/1591/1591
f 1609/1609/1609 1601/1601/1601 1591/1591/1591
f 1610/1610/1610 1606/1606/1606 1611/1611/1611
f 1605/1605/1605 1610/1610/1610 1611/1611/1611
f 1610/1610/1610 1605/1605/1605 1612/1612/1612
f 1592/1592/1592 1601/1601/1601 1613/1613/1613
f 1591/1591/1591 1608/1608/1608 1609/1609/1609
f 1610/1610/1610 1608/1608/1608 1606/1606/1606
f 1602/1602/1602 1614/1614/1614 1600/1600/1600
f 1602/1602/1602 1592/1592/1592 1613/1613/1613
f 1610/1610/1610 1612/1612/1612 1608/1608/1608
f 1604/1604/1604 1607/1607/1607 1598/1598/1598
f 1602/1602/1602 1613/1613/1613 1614/1614/1614
f 1600/1600/1600 1615/1615/1615 1603/1603/1603
f 1607/1607/1607 1612/1612/1612 1605/1605/1605
f 1600/1600/1600 1614/1614/1614 1615/1615/1615
f 1601/1601/1601 1616/1616/1616 1613/1613/1613
f 1609/1609/1609 1617/1617/1617 1601/1601/1601
f 1601/1601/1601 1617/1617/1617 1616/1616/1616
f 1612/1612/1612 1618/1618/1618 1608/1608/1608
f 1604/1604/1604 1619/1619/1619 1607/1607/1607
f 1620/1620/1620 1619/1619/1619 1604/1604/1604
f 1608/1608/1608 1621/1621/1621 1609/1609/1609
f 1607/1607/1607 1622/1622/1622 1612/1612/1612
f 1609/1609/1609 1621/1621/1621 1617/1617/1617
f 1613/1613/1613 1623/1623/1623 1614/1614/1614
f 1618/1618/1618 1621/1621/1621 1608/1608/1608
f 1614/1614/1614 1623/1623/1623 1615/1615/1615
f 1624/1624/1624 1607/1607/1607 1619/1619/1619
f 1616/1616/1616 1625/1625/1625 1613/1613/1613
f 1620/1620/1620 1626/1626/1626 1619/1619/1619
f 1617/1617/1617 1627/1627/1627 1616/1616/1616
f 1625/1625/1625 1623/1623/1623 1613/1613/1613
f 1607/1607/1607 1624/1624/1624 1622/1622/1622
f 1612/1612/1612 1628/1628/1628 1618/1618/1618
f 1612/1612/1612 1622/1622/1622 1628/1628/1628
f 1617/1617/1617 1621/1621/1621 1627/1627/1627
f 1629/1629/1629 1615/1615/1615 1623/1623/1623
f 1625/1625/1625 1630/1630/1630 1623/1623/1623
f 1619/1619/1619 1631/1631/1631 1624/1624/1624
f 1624/1624/1624 1632/1632/1632 1622/1622/1622
f 1619/1619/1619 1626/1626/1626 1633/1633/1633
f 1623/1623/1623 1634/1634/1634 1629/1629/1629
f 1624/1624/1624 1631/1631/1631 1632/1632/1632
f 1627/1627/1627 1635/1635/1635 1616/1616/1616
f 1632/1632/1632 1628/1628/1628 1622/1622/1622
f 1616/1616/1616 1635/1635/1635 1625/1625/1625
f 1619/1619/1619 1633/1633/1633 1631/1631/1631
f 1618/1618/1618 1628/1628/1628 1621/1621/1621
f 1623/1623/1623 1630/1630/1630 1636/1636/1636
f 1623/1623/1623 1636/1636/1636 1634/1634/1634
f 1627/1627/1627 1637/1637/1637 1635/1635/1635
f 1621/1621/1621 1638/1638/1638 1627/1627/1627
f 1625/1625/1625 1635/1635/1635 1630/1630/1630
f 1628/1628/1628 1638/1638/1638 1621/1621/1621
f 1632/1632/1632 1639/1639/1639 1628/1628/1628
f 1631/1631/1631 1640/1640/1640 1632/1632/1632
f 1641/1641/1641 1636/1636/1636 1630/1630/1630
f 1638/1638/1638 1637/1637/1637 1627/1627/1627
f 1635/1635/1635 1641/1641/1641 1630/1630/1630
f 1631/1631/1631 1633/1633/1633 1642/1642/1642
f 1633/1633/1633 1643/1643/1643 1642/1642/1642
f 1632/1632/1632 1640/1640/1640 1639/1639/1639
f 1631/1631/1631 1644/1644/1644 1640/1640/1640
f 1636/1636/1636 1641/1641/1641 1645/1645/1645
f 1635/1635/1635 1646/1646/1646 1641/1641/1641
f 1631/1631/1631 1642/1642/1642 1644/1644/1644
f 1639/1639/1639 1647/1647/1647 1628/1628/1628
f 1642/1642/1642 1643/1643/1643 1648/1648/1648
f 1628/1628/1628 1647/1647/1647 1638/1638/1638
f 1635/1635/1635 1637/1637/1637 1646/1646/1646
f 1648/1648/1648 1643/1643/1643 1649/1649/1649
f 1644/1644/1644 1642/1642/1642 1648/1648/1648
f 1640/1640/1640 1650/1650/1650 1639/1639/1639
f 1641/1641/1641 1651/1651/1651 1645/1645/1645
f 1652/1652/1652 1638/1638/1638 1647/1647/1647
f 1649/1649/1649 1653/1653/1653 1648/1648/1648
f 1639/1639/1639 1650/1650/1650 1647/1647/1647
f 1652/1652/1652 1637/1637/1637 1638/1638/1638
f 1651/1651/1651 1641/1641/1641 1646/1646/1646
f 1644/1644/1644 1648/1648/1648 1654/1654/1654
f 1650/1650/1650 1640/1640/1640 1644/1644/1644
f 1650/1650/1650 1655/1655/1655 1647/1647/1647
f 1656/1656/1656 1652/1652/1652 1647/1647/1647
f 1647/1647/1647 1655/1655/1655 1656/1656/1656
f 1653/1653/1653 1654/1654/1654 1648/1648/1648
f 1654/1654/1654 1650/1650/1650 1644/1644/1644
f 1637/1637/1637 1652/1652/1652 1646/1646/1646
f 1657/1657/1657 1658/1658/1658 1659/1659/1659
f 1660/1660/1660 1661/1661/1661 1662/1662/1662
f 1660/1660/1660 1659/1659/1659 1661/1661/1661
f 1661/1661/1661 1663/1663/1663 1662/1662/1662
f 1661/1661/1661 1664/1664/1664 1663/1663/1663
f 1661/1661/1661 1659/1659/1659 1665/1665/1665
f 1659/1659/1659 1658/1658/1658 1665/1665/1665
f 1657/1657/1657 1666/1666/1666 1658/1658/1658
f 1664/1664/1664 1661/1661/1661 1665/1665/1665
f 1667/1667/1667 1663/1663/1663 1664/1664/1664
f 1658/1658/1658 1668/1668/1668 1665/1665/1665
f 1669/1669/1669 1667/1667/1667 1664/1664/1664
f 1658/1658/1658 1666/1666/1666 1668/1668/1668
f 1669/1669/1669 1670/1670/1670 1667/1667/1667
f 1671/1671/1671 1664/1664/1664 1665/1665/1665
f 1669/1669/1669 1664/1664/1664 1671/1671/1671
f 1670/1670/1670 1669/1669/1669 1672/1672/1672
f 1668/1668/1668 1673/1673/1673 1665/1665/1665
f 1665/1665/1665 1673/1673/1673 1671/1671/1671
f 1671/1671/1671 1672/1672/1672 1669/1669/1669
f 1674/1674/1674 1668/1668/1668 1666/1666/1666
f 1673/1673/1673 1668/1668/1668 1675/1675/1675
f 1673/1673/1673 1676/1676/1676 1671/1671/1671
f 1668/1668/1668 1674/1674/1674 1675/1675/1675
f 1677/1677/1677 1672/1672/1672 1671/1671/1671
f 1674/1674/1674 1678/1678/1678 1675/1675/1675
f 1675/1675/1675 1679/1679/1679 1673/1673/1673
f 1673/1673/1673 1679/1679/1679 1676/1676/1676
f 1676/1676/1676 1680/1680/1680 1671/1671/1671
f 1677/1677/1677 1671/1671/1671 1680/1680/1680
f 1678/1678/1678 1674/1674/1674 1681/1681/1681
f 1675/1675/1675 1678/1678/1678 1679/1679/1679
f 1679/1679/1679 1682/1682/1682 1676/1676/1676
f 1681/1681/1681 1683/1683/1683 1678/1678/1678
f 1682/1682/1682 1680/1680/1680 1676/1676/1676
f 1678/1678/1678 1684/1684/1684 1679/1679/1679
f 1679/1679/1679 1684/1684/1684 1682/1682/1682
f 1685/1685/1685 1678/1678/1678 1683/1683/1683
f 1684/1684/1684 1686/1686/1686 1682/1682/1682
f 1685/1685/1685 1687/1687/1687 1678/1678/1678
f 1680/1680/1680 1688/1688/1688 1677/1677/1677
f 1678/1678/1678 1687/1687/1687 1684/1684/1684
f 1687/1687/1687 1685/1685/1685 1689/1689/1689
f 1686/1686/1686 1690/1690/1690 1682/1682/1682
f 1682/1682/1682 1690/1690/1690 1680/1680/1680
f 1687/1687/1687 1691/1691/1691 1684/1684/1684
f 1691/1691/1691 1687/1687/1687 1689/1689/1689
f 1680/1680/1680 1692/1692/1692 1688/1688/1688
f 1688/1688/1688 1692/1692/1692 1693/1693/1693
f 1694/1694/1694 1686/1686/1686 1684/1684/1684
f 1686/1686/1686 1694/1694/1694 1690/1690/1690
f 1684/1684/1684 1691/1691/1691 1694/1694/1694
f 1680/1680/1680 1695/1695/1695 1692/1692/1692
f 1690/1690/1690 1695/1695/1695 1680/1680/1680
f 1691/1691/1691 1689/1689/1689 1696/1696/1696
f 1694/1694/1694 1697/1697/1697 1690/1690/1690
f 1690/1690/1690 1697/1697/1697 1695/1695/1695
f 1691/1691/1691 1698/1698/1698 1694/1694/1694
f 1696/1696/1696 1698/1698/1698 1691/1691/1691
f 1692/1692/1692 1699/1699/1699 1693/1693/1693
f 1696/1696/1696 1700/1700/1700 1698/1698/1698
f 1697/1697/1697 1701/1701/1701 1695/1695/1695
f 1693/1693/1693 1699/1699/1699 1702/1702/1702
f 1695/1695/1695 1699/1699/1699 1692/1692/1692
f 1699/1699/1699 1695/1695/1695 1701/1701/1701
f 1703/1703/1703 1698/1698/1698 1700/1700/1700
f 1697/1697/1697 1704/1704/1704 1701/1701/1701
f 1697/1697/1697 1694/1694/1694 1704/1704/1704
f 1698/1698/1698 1703/1703/1703 1694/1694/1694
f 1694/1694/1694 1705/1705/1705 1704/1704/1704
f 1699/1699/1699 1706/1706/1706 1702/1702/1702
f 1703/1703/1703 1705/1705/1705 1694/1694/1694
f 1701/1701/1701 1706/1706/1706 1699/1699/1699
f 1706/1706/1706 1707/1707/1707 1702/1702/1702
f 1703/1703/1703 1700/1700/1700 1708/1708/1708
f 1704/1704/1704 1709/1709/1709 1701/1701/1701
f 1710/1710/1710 1703/1703/1703 1708/1708/1708
f 1709/1709/1709 1704/1704/1704 1711/1711/1711
f 1701/1701/1701 1709/1709/1709 1706/1706/1706
f 1705/1705/1705 1711/1711/1711 1704/1704/1704
f 1703/1703/1703 1710/1710/1710 1705/1705/1705
f 1706/1706/1706 1712/1712/1712 1707/1707/1707
f 1705/1705/1705 1713/1713/1713 1711/1711/1711
f 1706/1706/1706 1709/1709/1709 1712/1712/1712
f 1710/1710/1710 1713/1713/1713 1705/1705/1705
f 1714/1714/1714 1710/1710/1710 1708/1708/1708
f 1715/1715/1715 1710/1710/1710 1714/1714/1714
f 1709/1709/1709 1711/1711/1711 1716/1716/1716
f 1709/1709/1709 1716/1716/1716 1712/1712/1712
f 1710/1710/1710 1715/1715/1715 1713/1713/1713
f 1713/1713/1713 1717/1717/1717 1711/1711/1711
f 1712/1712/1712 1716/1716/1716 1718/1718/1718
f 1712/1712/1712 1718/1718/1718 1719/1719/1719
f 1720/1720/1720 1715/1715/1715 1714/1714/1714
f 1711/1711/1711 1717/1717/1717 1716/1716/1716
f 1713/1713/1713 1721/1721/1721 1717/1717/1717
f 1713/1713/1713 1715/1715/1715 1721/1721/1721
f 1718/1718/1718 1722/1722/1722 1719/1719/1719
f 1718/1718/1718 1723/1723/1723 1722/1722/1722
f 1716/1716/1716 1717/1717/1717 1724/1724/1724
f 1716/1716/1716 1724/1724/1724 1718/1718/1718
f 1725/1725/1725 1715/1715/1715 1720/1720/1720
f 1725/1725/1725 1721/1721/1721 1715/1715/1715
f 1718/1718/1718 1724/1724/1724 1723/1723/1723
f 1721/1721/1721 1726/1726/1726 1717/1717/1717
f 1721/1721/1721 1725/1725/1725 1727/1727/1727
f 1717/1717/1717 1728/1728/1728 1724/1724/1724
f 1724/1724/1724 1728/1728/1728 1729/1729/1729
f 1724/1724/1724 1729/1729/1729 1723/1723/1723
f 1721/1721/1721 1727/1727/1727 1726/1726/1726
f 1723/1723/1723 1730/1730/1730 1722/1722/1722
f 1720/1720/1720 1731/1731/1731 1725/1725/1725
f 1727/1727/1727 1725/1725/1725 1731/1731/1731
f 1726/1726/1726 1728/1728/1728 1717/1717/1717
f 1726/1726/1726 1727/1727/1727 1732/1732/1732
f 1728/1728/1728 1726/1726/1726 1732/1732/1732
f 1729/1729/1729 1733/1733/1733 1723/1723/1723
f 1734/1734/1734 1729/1729/1729 1728/1728/1728
f 1733/1733/1733 1729/1729/1729 1734/1734/1734
f 1730/1730/1730 1723/1723/1723 1733/1733/1733
f 1727/1727/1727 1731/1731/1731 1735/1735/1735
f 1728/1728/1728 1732/1732/1732 1736/1736/1736
f 1728/1728/1728 1736/1736/1736 1734/1734/1734
f 1733/1733/1733 1734/1734/1734 1737/1737/1737
f 1738/1738/1738 1727/1727/1727 1735/1735/1735
f 1732/1732/1732 1727/1727/1727 1738/1738/1738
f 1734/1734/1734 1739/1739/1739 1737/1737/1737
f 1734/1734/1734 1736/1736/1736 1739/1739/1739
f 1740/1740/1740 1741/1741/1741 1742/1742/1742
f 1743/1743/1743 1744/1744/1744 1745/1745/1745
f 1745/1745/1745 1746/1746/1746 1747/1747/1747
f 1748/1748/1748 1749/1749/1749 1740/1740/1740
f 1742/1742/1742 1750/1750/1750 1751/1751/1751
f 1745/1745/1745 1744/1744/1744 1746/1746/1746
f 1751/1751/1751 1752/1752/1752 1753/1753/1753
f 1753/1753/1753 1754/1754/1754 1743/1743/1743
f 1748/1748/1748 1755/1755/1755 1749/1749/1749
f 1747/1747/1747 1746/1746/1746 1756/1756/1756
f 1743/1743/1743 1754/1754/1754 1744/1744/1744
f 1740/1740/1740 1749/1749/1749 1741/1741/1741
f 1753/1753/1753 1752/1752/1752 1754/1754/1754
f 1744/1744/1744 1757/1757/1757 1746/1746/1746
f 1751/1751/1751 1750/1750/1750 1752/1752/1752
f 1742/1742/1742 1741/1741/1741 1750/1750/1750
f 1755/1755/1755 1758/1758/1758 1749/1749/1749
f 1757/1757/1757 1759/1759/1759 1746/1746/1746
f 1746/1746/1746 1759/1759/1759 1756/1756/1756
f 1758/1758/1758 1760/1760/1760 1749/1749/1749
f 1750/1750/1750 1761/1761/1761 1752/1752/1752
f 1757/1757/1757 1744/1744/1744 1762/1762/1762
f 1763/1763/1763 1754/1754/1754 1752/1752/1752
f 1744/1744/1744 1754/1754/1754 1764/1764/1764
f 1752/1752/1752 1761/1761/1761 1763/1763/1763
f 1744/1744/1744 1765/1765/1765 1762/1762/1762
f 1765/1765/1765 1744/1744/1744 1764/1764/1764
f 1754/1754/1754 1763/1763/1763 1764/1764/1764
f 1749/1749/1749 1760/1760/1760 1741/1741/1741
f 1750/1750/1750 1766/1766/1766 1761/1761/1761
f 1750/1750/1750 1741/1741/1741 1766/1766/1766
f 1764/1764/1764 1763/1763/1763 1767/1767/1767
f 1765/1765/1765 1764/1764/1764 1768/1768/1768
f 1741/1741/1741 1760/1760/1760 1769/1769/1769
f 1766/1766/1766 1741/1741/1741 1769/1769/1769
f 1761/1761/1761 1770/1770/1770 1763/1763/1763
f 1771/1771/1771 1763/1763/1763 1770/1770/1770
f 1764/1764/1764 1767/1767/1767 1768/1768/1768
f 1763/1763/1763 1771/1771/1771 1767/1767/1767
f 1760/1760/1760 1758/1758/1758 1772/1772/1772
f 1761/1761/1761 1766/1766/1766 1770/1770/1770
f 1767/1767/1767 1771/1771/1771 1773/1773/1773
f 1768/1768/1768 1774/1774/1774 1775/1775/1775
f 1768/1768/1768 1767/1767/1767 1774/1774/1774
f 1776/1776/1776 1775/1775/1775 1777/1777/1777
f 1775/1775/1775 1774/1774/1774 1777/1777/1777
f 1771/1771/1771 1770/1770/1770 1778/1778/1778
f 1770/1770/1770 1779/1779/1779 1778/1778/1778
f 1770/1770/1770 1766/1766/1766 1779/1779/1779
f 1773/1773/1773 1774/1774/1774 1767/1767/1767
f 1773/1773/1773 1771/1771/1771 1778/1778/1778
f 1778/1778/1778 1780/1780/1780 1773/1773/1773
f 1766/1766/1766 1769/1769/1769 1779/1779/1779
f 1778/1778/1778 1779/1779/1779 1780/1780/1780
f 1773/1773/1773 1781/1781/1781 1774/1774/1774
f 1772/1772/1772 1782/1782/1782 1760/1760/1760
f 1760/1760/1760 1783/1783/1783 1769/1769/1769
f 1773/1773/1773 1780/1780/1780 1781/1781/1781
f 1774/1774/1774 1784/1784/1784 1777/1777/1777
f 1774/1774/1774 1781/1781/1781 1784/1784/1784
f 1769/1769/1769 1785/1785/1785 1779/1779/1779
f 1769/1769/1769 1783/1783/1783 1785/1785/1785
f 1786/1786/1786 1787/1787/1787 1788/1788/1788
f 1779/1779/1779 1789/1789/1789 1780/1780/1780
f 1785/1785/1785 1789/1789/1789 1779/1779/1779
f 1783/1783/1783 1790/1790/1790 1785/1785/1785
f 1791/1791/1791 1792/1792/1792 1760/1760/1760
f 1780/1780/1780 1793/1793/1793 1781/1781/1781
f 1760/1760/1760 1792/1792/1792 1783/1783/1783
f 1782/1782/1782 1791/1791/1791 1760/1760/1760
f 1780/1780/1780 1789/1789/1789 1793/1793/1793
f 1781/1781/1781 1794/1794/1794 1784/1784/1784
f 1785/1785/1785 1795/1795/1795 1789/1789/1789
f 1784/1784/1784 1794/1794/1794 1796/1796/1796
f 1797/1797/1797 1790/1790/1790 1783/1783/1783
f 1790/1790/1790 1795/1795/1795 1785/1785/1785
f 1798/1798/1798 1791/1791/1791 1782/1782/1782
f 1786/1786/1786 1796/1796/1796 1799/1799/1799
f 1800/1800/1800 1787/1787/1787 1801/1801/1801
f 1794/1794/1794 1799/1799/1799 1796/1796/1796
f 1786/1786/1786 1799/1799/1799 1787/1787/1787
f 1794/1794/1794 1781/1781/1781 1793/1793/1793
f 1800/1800/1800 1801/1801/1801 1802/1802/1802
f 1801/1801/1801 1787/1787/1787 1799/1799/1799
f 1783/1783/1783 1792/1792/1792 1797/1797/1797
f 1803/1803/1803 1804/1804/1804 1805/1805/1805
f 1806/1806/1806 1807/1807/1807 1808/1808/1808
f 1809/1809/1809 1807/1807/1807 1806/1806/1806
f 1810/1810/1810 1809/1809/1809 1811/1811/1811
f 1812/1812/1812 1813/1813/1813 1811/1811/1811
f 1814/1814/1814 1812/1812/1812 1815/1815/1815
f 1816/1816/1816 1817/1817/1817 1818/1818/1818
f 1819/1819/1819 1815/1815/1815 1804/1804/1804
f 1805/1805/1805 1816/1816/1816 1820/1820/1820
f 1821/1821/1821 1817/1817/1817 1822/1822/1822
f 1811/1811/1811 1813/1813/1813 1810/1810/1810
f 1805/1805/1805 1820/1820/1820 1803/1803/1803
f 1809/1809/1809 1810/1810/1810 1823/1823/1823
f 1817/1817/1817 1821/1821/1821 1818/1818/1818
f 1809/1809/1809 1824/1824/1824 1807/1807/1807
f 1812/1812/1812 1814/1814/1814 1813/1813/1813
f 1804/1804/1804 1803/1803/1803 1819/1819/1819
f 1809/1809/1809 1823/1823/1823 1824/1824/1824
f 1822/1822/1822 1825/1825/1825 1821/1821/1821
f 1808/1808/1808 1807/1807/1807 1826/1826/1826
f 1816/1816/1816 1818/1818/1818 1820/1820/1820
f 1814/1814/1814 1815/1815/1815 1819/1819/1819
f 1819/1819/1819 1803/1803/1803 1827/1827/1827
f 1818/1818/1818 1821/1821/1821 1828/1828/1828
f 1828/1828/1828 1829/1829/1829 1818/1818/1818
f 1830/1830/1830 1820/1820/1820 1818/1818/1818
f 1810/1810/1810 1831/1831/1831 1832/1832/1832
f 1814/1814/1814 1819/1819/1819 1833/1833/1833
f 1829/1829/1829 1830/1830/1830 1818/1818/1818
f 1810/1810/1810 1813/1813/1813 1831/1831/1831
f 1829/1829/1829 1834/1834/1834 1830/1830/1830
f 1828/1828/1828 1821/1821/1821 1835/1835/1835
f 1824/1824/1824 1823/1823/1823 1836/1836/1836
f 1810/1810/1810 1832/1832/1832 1823/1823/1823
f 1813/1813/1813 1837/1837/1837 1831/1831/1831
f 1803/1803/1803 1820/1820/1820 1827/1827/1827
f 1821/1821/1821 1825/1825/1825 1838/1838/1838
f 1835/1835/1835 1821/1821/1821 1839/1839/1839
f 1824/1824/1824 1836/1836/1836 1807/1807/1807
f 1814/1814/1814 1833/1833/1833 1840/1840/1840
f 1819/1819/1819 1827/1827/1827 1833/1833/1833
f 1821/1821/1821 1838/1838/1838 1839/1839/1839
f 1823/1823/1823 1832/1832/1832 1841/1841/1841
f 1823/1823/1823 1842/1842/1842 1836/1836/1836
f 1823/1823/1823 1841/1841/1841 1842/1842/1842
f 1834/1834/1834 1843/1843/1843 1830/1830/1830
f 1813/1813/1813 1814/1814/1814 1840/1840/1840
f 1844/1844/1844 1820/1820/1820 1830/1830/1830
f 1844/1844/1844 1827/1827/1827 1820/1820/1820
f 1830/1830/1830 1843/1843/1843 1844/1844/1844
f 1842/1842/1842 1845/1845/1845 1836/1836/1836
f 1839/1839/1839 1846/1846/1846 1835/1835/1835
f 1807/1807/1807 1836/1836/1836 1826/1826/1826
f 1847/1847/1847 1843/1843/1843 1834/1834/1834
f 1813/1813/1813 1840/1840/1840 1837/1837/1837
f 1839/1839/1839 1838/1838/1838 1848/1848/1848
f 1833/1833/1833 1827/1827/1827 1849/1849/1849
f 1849/1849/1849 1827/1827/1827 1844/1844/1844
f 1845/1845/1845 1850/1850/1850 1836/1836/1836
f 1826/1826/1826 1836/1836/1836 1851/1851/1851
f 1852/1852/1852 1837/1837/1837 1840/1840/1840
f 1845/1845/1845 1853/1853/1853 1850/1850/1850
f 1843/1843/1843 1849/1849/1849 1844/1844/1844
f 1853/1853/1853 1852/1852/1852 1850/1850/1850
f 1839/1839/1839 1848/1848/1848 1854/1854/1854
f 1855/1855/1855 1843/1843/1843 1856/1856/1856
f 1833/1833/1833 1857/1857/1857 1840/1840/1840
f 1852/1852/1852 1840/1840/1840 1850/1850/1850
f 1856/1856/1856 1846/1846/1846 1858/1858/1858
f 1839/1839/1839 1854/1854/1854 1846/1846/1846
f 1855/1855/1855 1856/1856/1856 1858/1858/1858
f 1859/1859/1859 1843/1843/1843 1855/1855/1855
f 1850/1850/1850 1860/1860/1860 1861/1861/1861
f 1850/1850/1850 1840/1840/1840 1860/1860/1860
f 1862/1862/1862 1858/1858/1858 1846/1846/1846
f 1846/1846/1846 1854/1854/1854 1862/1862/1862
f 1859/1859/1859 1849/1849/1849 1843/1843/1843
f 1850/1850/1850 1861/1861/1861 1863/1863/1863
f 1860/1860/1860 1840/1840/1840 1864/1864/1864
f 1857/1857/1857 1864/1864/1864 1840/1840/1840
f 1865/1865/1865 1861/1861/1861 1860/1860/1860
f 1866/1866/1866 1859/1859/1859 1855/1855/1855
f 1854/1854/1854 1867/1867/1867 1862/1862/1862
f 1836/1836/1836 1868/1868/1868 1851/1851/1851
f 1857/1857/1857 1833/1833/1833 1849/1849/1849
f 1854/1854/1854 1848/1848/1848 1869/1869/1869
f 1860/1860/1860 1864/1864/1864 1865/1865/1865
f 1836/1836/1836 1850/1850/1850 1870/1870/1870
f 1870/1870/1870 1850/1850/1850 1871/1871/1871
f 1851/1851/1851 1868/1868/1868 1872/1872/1872
f 1836/1836/1836 1870/1870/1870 1868/1868/1868
f 1866/1866/1866 1873/1873/1873 1859/1859/1859
f 1859/1859/1859 1874/1874/1874 1849/1849/1849
f 1864/1864/1864 1875/1875/1875 1865/1865/1865
f 1864/1864/1864 1857/1857/1857 1876/1876/1876
f 1873/1873/1873 1874/1874/1874 1859/1859/1859
f 1877/1877/1877 1878/1878/1878 1867/1867/1867
f 1849/1849/1849 1879/1879/1879 1857/1857/1857
f 1867/1867/1867 1880/1880/1880 1877/1877/1877
f 1867/1867/1867 1854/1854/1854 1881/1881/1881
f 1857/1857/1857 1879/1879/1879 1876/1876/1876
f 1849/1849/1849 1874/1874/1874 1882/1882/1882
f 1867/1867/1867 1881/1881/1881 1880/1880/1880
f 1883/1883/1883 1870/1870/1870 1871/1871/1871
f 1875/1875/1875 1864/1864/1864 1884/1884/1884
f 1854/1854/1854 1869/1869/1869 1881/1881/1881
f 1849/1849/1849 1882/1882/1882 1879/1879/1879
f 1885/1885/1885 1874/1874/1874 1873/1873/1873
f 1881/1881/1881 1869/1869/1869 1886/1886/1886
f 1875/1875/1875 1887/1887/1887 1865/1865/1865
f 1880/1880/1880 1881/1881/1881 1888/1888/1888
f 1889/1889/1889 1885/1885/1885 1873/1873/1873
f 1883/1883/1883 1890/1890/1890 1870/1870/1870
f 1883/1883/1883 1887/1887/1887 1890/1890/1890
f 1888/1888/1888 1891/1891/1891 1880/1880/1880
f 1881/1881/1881 1886/1886/1886 1892/1892/1892
f 1888/1888/1888 1889/1889/1889 1891/1891/1891
f 1864/1864/1864 1876/1876/1876 1884/1884/1884
f 1885/1885/1885 1893/1893/1893 1874/1874/1874
f 1889/1889/1889 1888/1888/1888 1885/1885/1885
f 1875/1875/1875 1890/1890/1890 1887/1887/1887
f 1881/1881/1881 1892/1892/1892 1888/1888/1888
f 1872/1872/1872 1868/1868/1868 1894/1894/1894
f 1882/1882/1882 1874/1874/1874 1895/1895/1895
f 1875/1875/1875 1884/1884/1884 1896/1896/1896
f 1879/1879/1879 1882/1882/1882 1897/1897/1897
f 1879/1879/1879 1897/1897/1897 1876/1876/1876
f 1874/1874/1874 1893/1893/1893 1895/1895/1895
f 1894/1894/1894 1868/1868/1868 1898/1898/1898
f 1899/1899/1899 1868/1868/1868 1870/1870/1870
f 1870/1870/1870 1890/1890/1890 1900/1900/1900
f 1875/1875/1875 1896/1896/1896 1890/1890/1890
f 1897/1897/1897 1884/1884/1884 1876/1876/1876
f 1897/1897/1897 1882/1882/1882 1895/1895/1895
f 1885/1885/1885 1901/1901/1901 1893/1893/1893
f 1885/1885/1885 1888/1888/1888 1901/1901/1901
f 1892/1892/1892 1901/1901/1901 1888/1888/1888
f 1868/1868/1868 1899/1899/1899 1898/1898/1898
f 1870/1870/1870 1900/1900/1900 1899/1899/1899
f 1902/1902/1902 1903/1903/1903 1904/1904/1904
f 1905/1905/1905 1906/1906/1906 1907/1907/1907
f 1902/1902/1902 1904/1904/1904 1908/1908/1908
f 1905/1905/1905 1904/1904/1904 1906/1906/1906
f 1904/1904/1904 1909/1909/1909 1908/1908/1908
f 1904/1904/1904 1905/1905/1905 1909/1909/1909
f 1910/1910/1910 1905/1905/1905 1907/1907/1907
f 1911/1911/1911 1905/1905/1905 1910/1910/1910
f 1909/1909/1909 1905/1905/1905 1911/1911/1911
f 1912/1912/1912 1911/1911/1911 1910/1910/1910
f 1911/1911/1911 1913/1913/1913 1909/1909/1909
f 1914/1914/1914 1915/1915/1915 1916/1916/1916
f 1917/1917/1917 1915/1915/1915 1914/1914/1914
f 1917/1917/1917 1918/1918/1918 1915/1915/1915
f 1917/1917/1917 1914/1914/1914 1919/1919/1919
f 1918/1918/1918 1916/1916/1916 1915/1915/1915
f 1920/1920/1920 1921/1921/1921 1922/1922/1922
f 1921/1921/1921 1923/1923/1923 1922/1922/1922
f 1924/1924/1924 1920/1920/1920 1922/1922/1922
f 1925/1925/1925 1924/1924/1924 1922/1922/1922
f 1925/1925/1925 1926/1926/1926 1924/1924/1924
f 1920/1920/1920 1924/1924/1924 1926/1926/1926
f 1920/1920/1920 1927/1927/1927 1921/1921/1921
f 1928/1928/1928 1929/1929/1929 1926/1926/1926
f 1929/1929/1929 1927/1927/1927 1926/1926/1926
f 1926/1926/1926 1927/1927/1927 1920/1920/1920
f 1929/1929/1929 1930/1930/1930 1927/1927/1927
f 1928/1928/1928 1926/1926/1926 1931/1931/1931
f 1932/1932/1932 1926/1926/1926 1925/1925/1925
f 1932/1932/1932 1933/1933/1933 1926/1926/1926
f 1926/1926/1926 1933/1933/1933 1931/1931/1931
f 1934/1934/1934 1933/1933/1933 1932/1932/1932
f 1935/1935/1935 1936/1936/1936 1937/1937/1937
f 1938/1938/1938 1935/1935/1935 1937/1937/1937
f 1939/1939/1939 1937/1937/1937 1936/1936/1936
f 1940/1940/1940 1937/1937/1937 1939/1939/1939
f 1938/1938/1938 1937/1937/1937 1941/1941/1941
f 1937/1937/1937 1940/1940/1940 1942/1942/1942
f 1943/1943/1943 1940/1940/1940 1939/1939/1939
f 1942/1942/1942 1941/1941/1941 1937/1937/1937
f 1944/1944/1944 1940/1940/1940 1943/1943/1943
f 1942/1942/1942 1940/1940/1940 1944/1944/1944
f 1945/1945/1945 1946/1946/1946 1947/1947/1947
f 1947/1947/1947 1946/1946/1946 1948/1948/1948
f 1945/1945/1945 1947/1947/1947 1949/1949/1949
f 1950/1950/1950 1949/1949/1949 1947/1947/1947
f 1948/1948/1948 1950/1950/1950 1947/1947/1947
f 1951/1951/1951 1950/1950/1950 1948/1948/1948
f 1951/1951/1951 1952/1952/1952 1950/1950/1950
f 1951/1951/1951 1948/1948/1948 1953/1953/1953
f 1953/1953/1953 1952/1952/1952 1951/1951/1951
f 1954/1954/1954 1955/1955/1955 1956/1956/1956
f 1957/1957/1957 1954/1954/1954 1956/1956/1956
f 1957/1957/1957 1956/1956/1956 1958/1958/1958
f 1956/1956/1956 1959/1959/1959 1958/1958/1958
f 1960/1960/1960 1957/1957/1957 1958/1958/1958
f 1961/1961/1961 1960/1960/1960 1958/1958/1958
f 1961/1961/1961 1958/1958/1958 1959/1959/1959
f 1962/1962/1962 1963/1963/1963 1964/1964/1964
f 1965/1965/1965 1966/1966/1966 1964/1964/1964
f 1962/1962/1962 1964/1964/1964 1966/1966/1966
f 1967/1967/1967 1966/1966/1966 1965/1965/1965
f 1966/1966/1966 1967/1967/1967 1968/1968/1968
f 1962/1962/1962 1966/1966/1966 1968/1968/1968
f 1962/1962/1962 1968/1968/1968 1969/1969/1969
f 1967/1967/1967 1970/1970/1970 1968/1968/1968
f 1971/1971/1971 1972/1972/1972 1970/1970/1970
f 1972/1972/1972 1968/1968/1968 1970/1970/1970
f 1973/1973/1973 1972/1972/1972 1971/1971/1971
f 1969/1969/1969 1968/1968/1968 1972/1972/1972
f 1969/1969/1969 1972/1972/1972 1973/1973/1973
f 1974/1974/1974 1975/1975/1975 1976/1976/1976
f 1977/1977/1977 1974/1974/1974 1978/1978/1978
f 1979/1979/1979 1980/1980/1980 1981/1981/1981
f 1982/1982/1982 1979/1979/1979 1981/1981/1981
f 1978/1978/1978 1974/1974/1974 1976/1976/1976
f 1983/1983/1983 1980/1980/1980 1976/1976/1976
f 1978/1978/1978 1976/1976/1976 1979/1979/1979
f 1976/1976/1976 1980/1980/1980 1979/1979/1979
f 1982/1982/1982 1978/1978/1978 1979/1979/1979
f 1984/1984/1984 1978/1978/1978 1982/1982/1982
f 1985/1985/1985 1986/1986/1986 1987/1987/1987
f 1988/1988/1988 1986/1986/1986 1985/1985/1985
f 1985/1985/1985 1987/1987/1987 1989/1989/1989
f 1985/1985/1985 1989/1989/1989 1990/1990/1990
f 1991/1991/1991 1988/1988/1988 1985/1985/1985
f 1992/1992/1992 1985/1985/1985 1990/1990/1990
f 1992/1992/1992 1991/1991/1991 1985/1985/1985
f 1993/1993/1993 1991/1991/1991 1992/1992/1992
f 1994/1994/1994 1988/1988/1988 1991/1991/1991
f 1994/1994/1994 1995/1995/1995 1988/1988/1988
f 1993/1993/1993 1994/1994/1994 1991/1991/1991
f 1996/1996/1996 1995/1995/1995 1994/1994/1994
f 1997/1997/1997 1995/1995/1995 1996/1996/1996
f 1996/1996/1996 1994/1994/1994 1993/1993/1993
f 1998/1998/1998 1997/1997/1997 1996/1996/1996
f 1999/1999/1999 1996/1996/1996 1993/1993/1993
f 2000/2000/2000 1997/1997/1997 1998/1998/1998
f 1999/1999/1999 1998/1998/1998 1996/1996/1996
f 2001/2001/2001 2000/2000/2000 1998/1998/1998
f 2002/2002/2002 2000/2000/2000 2001/2001/2001
f 2001/2001/2001 1998/1998/1998 1999/1999/1999
f 2003/2003/2003 2004/2004/2004 2005/2005/2005
f 2005/2005/2005 2004/2004/2004 2006/2006/2006
f 2007/2007/2007 2008/2008/2008 2004/2004/2004
f 2004/2004/2004 2003/2003/2003 2007/2007/2007
f 2009/2009/2009 2004/2004/2004 2008/2008/2008
f 2007/2007/2007 2003/2003/2003 2010/2010/2010
f 2007/2007/2007 2010/2010/2010 2011/2011/2011
f 2011/2011/2011 2008/2008/2008 2007/2007/2007
f 2012/2012/2012 2011/2011/2011 2010/2010/2010
f 2013/2013/2013 2014/2014/2014 2008/2008/2008
f 2011/2011/2011 2013/2013/2013 2008/2008/2008
f 2015/2015/2015 2013/2013/2013 2011/2011/2011
f 2015/2015/2015 2011/2011/2011 2012/2012/2012
f 2016/2016/2016 2017/2017/2017 2018/2018/2018
f 2019/2019/2019 2020/2020/2020 2016/2016/2016
f 2016/2016/2016 2018/2018/2018 2019/2019/2019
f 2021/2021/2021 2019/2019/2019 2018/2018/2018
f 2022/2022/2022 2020/2020/2020 2019/2019/2019
f 2023/2023/2023 2019/2019/2019 2021/2021/2021
f 2023/2023/2023 2022/2022/2022 2019/2019/2019
f 2023/2023/2023 2021/2021/2021 2024/2024/2024
f 2025/2025/2025 2022/2022/2022 2023/2023/2023
f 2026/2026/2026 2025/2025/2025 2023/2023/2023
f 2025/2025/2025 2026/2026/2026 2027/2027/2027
f 2028/2028/2028 2022/2022/2022 2025/2025/2025
f 2027/2027/2027 2029/2029/2029 2025/2025/2025
f 2029/2029/2029 2028/2028/2028 2025/2025/2025
f 2030/2030/2030 2031/2031/2031 2032/2032/2032
f 2033/2033/2033 2031/2031/2031 2030/2030/2030
f 2034/2034/2034 2031/2031/2031 2033/2033/2033
f 2035/2035/2035 2033/2033/2033 2030/2030/2030
f 2036/2036/2036 2034/2034/2034 2033/2033/2033
f 2036/2036/2036 2033/2033/2033 2035/2035/2035
f 2037/2037/2037 2036/2036/2036 2035/2035/2035
f 2038/2038/2038 2039/2039/2039 2040/2040/2040
f 2041/2041/2041 2038/2038/2038 2040/2040/2040
f 2042/2042/2042 2039/2039/2039 2038/2038/2038
f 2042/2042/2042 2038/2038/2038 2041/2041/2041
f 2041/2041/2041 2043/2043/2043 2042/2042/2042
f 2044/2044/2044 2043/2043/2043 2041/2041/2041
f 2045/2045/2045 2046/2046/2046 2047/2047/2047
f 2046/2046/2046 2048/2048/2048 2049/2049/2049
f 2046/2046/2046 2045/2045/2045 2050/2050/2050
f 2046/2046/2046 2050/2050/2050 2051/2051/2051
f 2051/2051/2051 2048/2048/2048 2046/2046/2046
f 2048/2048/2048 2051/2051/2051 2052/2052/2052
f 2051/2051/2051 2050/2050/2050 2053/2053/2053
f 2054/2054/2054 2051/2051/2051 2053/2053/2053
f 2051/2051/2051 2054/2054/2054 2052/2052/2052
f 2054/2054/2054 2053/2053/2053 2055/2055/2055
f 2056/2056/2056 2054/2054/2054 2055/2055/2055
f 2054/2054/2054 2056/2056/2056 2052/2052/2052
f 2057/2057/2057 2058/2058/2058 2059/2059/2059
f 2058/2058/2058 2057/2057/2057 2060/2060/2060
f 2061/2061/2061 2058/2058/2058 2060/2060/2060
f 2060/2060/2060 2062/2062/2062 2063/2063/2063
f 2061/2061/2061 2060/2060/2060 2063/2063/2063
f 2064/2064/2064 2063/2063/2063 2062/2062/2062
f 2065/2065/2065 2066/2066/2066 2067/2067/2067
f 2067/2067/2067 2066/2066/2066 2068/2068/2068
f 2069/2069/2069 2065/2065/2065 2067/2067/2067
f 2067/2067/2067 2070/2070/2070 2069/2069/2069
f 2070/2070/2070 2067/2067/2067 2071/2071/2071
f 2072/2072/2072 2070/2070/2070 2071/2071/2071
f 2070/2070/2070 2072/2072/2072 2073/2073/2073
f 2069/2069/2069 2070/2070/2070 2073/2073/2073
f 2067/2067/2067 2068/2068/2068 2071/2071/2071
f 2073/2073/2073 2072/2072/2072 2074/2074/2074
f 2075/2075/2075 2076/2076/2076 2077/2077/2077
f 2078/2078/2078 2079/2079/2079 2080/2080/2080
f 2080/2080/2080 2077/2077/2077 2078/2078/2078
f 2081/2081/2081 2082/2082/2082 2083/2083/2083
f 2084/2084/2084 2083/2083/2083 2082/2082/2082
f 2085/2085/2085 2086/2086/2086 2087/2087/2087
f 2085/2085/2085 2087/2087/2087 2088/2088/2088
f 2089/2089/2089 2090/2090/2090 2091/2091/2091
f 2092/2092/2092 2093/2093/2093 2094/2094/2094
f 2082/2082/2082 2095/2095/2095 2084/2084/2084
f 2088/2088/2088 2096/2096/2096 2097/2097/2097
f 2091/2091/2091 2090/2090/2090 2098/2098/2098
f 2081/2081/2081 2094/2094/2094 2099/2099/2099
f 2078/2078/2078 2100/2100/2100 2079/2079/2079
f 2096/2096/2096 2101/2101/2101 2097/2097/2097
f 2102/2102/2102 2089/2089/2089 2091/2091/2091
f 2098/2098/2098 2095/2095/2095 2103/2103/2103
f 2078/2078/2078 2077/2077/2077 2104/2104/2104
f 2079/2079/2079 2100/2100/2100 2086/2086/2086
f 2096/2096/2096 2088/2088/2088 2087/2087/2087
f 2076/2076/2076 2105/2105/2105 2077/2077/2077
f 2087/2087/2087 2086/2086/2086 2100/2100/2100
f 2105/2105/2105 2104/2104/2104 2077/2077/2077
f 2106/2106/2106 2092/2092/2092 2101/2101/2101
f 2107/2107/2107 2091/2091/2091 2098/2098/2098
f 2092/2092/2092 2108/2108/2108 2093/2093/2093
f 2082/2082/2082 2081/2081/2081 2099/2099/2099
f 2095/2095/2095 2082/2082/2082 2109/2109/2109
f 2103/2103/2103 2095/2095/2095 2109/2109/2109
f 2110/2110/2110 2096/2096/2096 2087/2087/2087
f 2096/2096/2096 2106/2106/2106 2101/2101/2101
f 2102/2102/2102 2091/2091/2091 2107/2107/2107
f 2107/2107/2107 2098/2098/2098 2103/2103/2103
f 2111/2111/2111 2099/2099/2099 2094/2094/2094
f 2112/2112/2112 2100/2100/2100 2078/2078/2078
f 2111/2111/2111 2094/2094/2094 2093/2093/2093
f 2113/2113/2113 2102/2102/2102 2107/2107/2107
f 2100/2100/2100 2110/2110/2110 2087/2087/2087
f 2114/2114/2114 2082/2082/2082 2099/2099/2099
f 2076/2076/2076 2115/2115/2115 2105/2105/2105
f 2116/2116/2116 2092/2092/2092 2106/2106/2106
f 2078/2078/2078 2104/2104/2104 2117/2117/2117
f 2109/2109/2109 2082/2082/2082 2114/2114/2114
f 2115/2115/2115 2076/2076/2076 2118/2118/2118
f 2105/2105/2105 2115/2115/2115 2104/2104/2104
f 2112/2112/2112 2110/2110/2110 2100/2100/2100
f 2096/2096/2096 2119/2119/2119 2106/2106/2106
f 2116/2116/2116 2108/2108/2108 2092/2092/2092
f 2115/2115/2115 2120/2120/2120 2104/2104/2104
f 2117/2117/2117 2112/2112/2112 2078/2078/2078
f 2119/2119/2119 2096/2096/2096 2110/2110/2110
f 2119/2119/2119 2121/2121/2121 2106/2106/2106
f 2121/2121/2121 2116/2116/2116 2106/2106/2106
f 2116/2116/2116 2122/2122/2122 2108/2108/2108
f 2093/2093/2093 2108/2108/2108 2111/2111/2111
f 2123/2123/2123 2124/2124/2124 2107/2107/2107
f 2107/2107/2107 2103/2103/2103 2123/2123/2123
f 2125/2125/2125 2103/2103/2103 2109/2109/2109
f 2104/2104/2104 2120/2120/2120 2117/2117/2117
f 2112/2112/2112 2119/2119/2119 2110/2110/2110
f 2118/2118/2118 2126/2126/2126 2115/2115/2115
f 2111/2111/2111 2114/2114/2114 2099/2099/2099
f 2127/2127/2127 2123/2123/2123 2103/2103/2103
f 2113/2113/2113 2107/2107/2107 2124/2124/2124
f 2125/2125/2125 2109/2109/2109 2114/2114/2114
f 2120/2120/2120 2128/2128/2128 2117/2117/2117
f 2120/2120/2120 2115/2115/2115 2126/2126/2126
f 2117/2117/2117 2129/2129/2129 2112/2112/2112
f 2117/2117/2117 2128/2128/2128 2129/2129/2129
f 2120/2120/2120 2126/2126/2126 2128/2128/2128
f 2130/2130/2130 2126/2126/2126 2118/2118/2118
f 2129/2129/2129 2119/2119/2119 2112/2112/2112
f 2129/2129/2129 2121/2121/2121 2119/2119/2119
f 2126/2126/2126 2130/2130/2130 2131/2131/2131
f 2126/2126/2126 2132/2132/2132 2128/2128/2128
f 2132/2132/2132 2126/2126/2126 2131/2131/2131
f 2133/2133/2133 2129/2129/2129 2128/2128/2128
f 2129/2129/2129 2133/2133/2133 2121/2121/2121
f 2132/2132/2132 2133/2133/2133 2128/2128/2128
f 2121/2121/2121 2122/2122/2122 2116/2116/2116
f 2121/2121/2121 2133/2133/2133 2122/2122/2122
f 2132/2132/2132 2131/2131/2131 2134/2134/2134
f 2132/2132/2132 2135/2135/2135 2133/2133/2133
f 2136/2136/2136 2132/2132/2132 2134/2134/2134
f 2135/2135/2135 2122/2122/2122 2133/2133/2133
f 2136/2136/2136 2135/2135/2135 2132/2132/2132
f 2136/2136/2136 2134/2134/2134 2137/2137/2137
f 2136/2136/2136 2138/2138/2138 2135/2135/2135
f 2122/2122/2122 2135/2135/2135 2139/2139/2139
f 2122/2122/2122 2139/2139/2139 2108/2108/2108
f 2137/2137/2137 2140/2140/2140 2136/2136/2136
f 2136/2136/2136 2140/2140/2140 2138/2138/2138
f 2135/2135/2135 2141/2141/2141 2139/2139/2139
f 2140/2140/2140 2137/2137/2137 2142/2142/2142
f 2139/2139/2139 2111/2111/2111 2108/2108/2108
f 2138/2138/2138 2141/2141/2141 2135/2135/2135
f 2141/2141/2141 2111/2111/2111 2139/2139/2139
f 2142/2142/2142 2138/2138/2138 2140/2140/2140
f 2138/2138/2138 2124/2124/2124 2141/2141/2141
f 2142/2142/2142 2124/2124/2124 2138/2138/2138
f 2143/2143/2143 2124/2124/2124 2142/2142/2142
f 2124/2124/2124 2127/2127/2127 2141/2141/2141
f 2127/2127/2127 2111/2111/2111 2141/2141/2141
f 2125/2125/2125 2111/2111/2111 2127/2127/2127
f 2111/2111/2111 2125/2125/2125 2114/2114/2114
f 2124/2124/2124 2143/2143/2143 2113/2113/2113
f 2124/2124/2124 2123/2123/2123 2127/2127/2127
f 2127/2127/2127 2103/2103/2103 2125/2125/2125
f 2144/2144/2144 2145/2145/2145 2146/2146/2146
f 2147/2147/2147 2148/2148/2148 2149/2149/2149
f 2150/2150/2150 2151/2151/2151 2152/2152/2152
f 2153/2153/2153 2154/2154/2154 2145/2145/2145
f 2155/2155/2155 2156/2156/2156 2157/2157/2157
f 2151/2151/2151 2158/2158/2158 2159/2159/2159
f 2156/2156/2156 2155/2155/2155 2160/2160/2160
f 2161/2161/2161 2162/2162/2162 2155/2155/2155
f 2161/2161/2161 2163/2163/2163 2162/2162/2162
f 2164/2164/2164 2162/2162/2162 2163/2163/2163
f 2165/2165/2165 2166/2166/2166 2163/2163/2163
f 2167/2167/2167 2168/2168/2168 2169/2169/2169
f 2147/2147/2147 2170/2170/2170 2148/2148/2148
f 2171/2171/2171 2147/2147/2147 2149/2149/2149
f 2172/2172/2172 2173/2173/2173 2174/2174/2174
f 2152/2152/2152 2171/2171/2171 2150/2150/2150
f 2159/2159/2159 2152/2152/2152 2151/2151/2151
f 2153/2153/2153 2145/2145/2145 2144/2144/2144
f 2175/2175/2175 2158/2158/2158 2154/2154/2154
f 2175/2175/2175 2154/2154/2154 2153/2153/2153
f 2156/2156/2156 2160/2160/2160 2176/2176/2176
f 2176/2176/2176 2160/2160/2160 2177/2177/2177
f 2160/2160/2160 2162/2162/2162 2177/2177/2177
f 2177/2177/2177 2162/2162/2162 2178/2178/2178
f 2155/2155/2155 2162/2162/2162 2160/2160/2160
f 2178/2178/2178 2162/2162/2162 2164/2164/2164
f 2178/2178/2178 2164/2164/2164 2179/2179/2179
f 2164/2164/2164 2166/2166/2166 2179/2179/2179
f 2179/2179/2179 2166/2166/2166 2170/2170/2170
f 2179/2179/2179 2170/2170/2170 2180/2180/2180
f 2164/2164/2164 2163/2163/2163 2166/2166/2166
f 2180/2180/2180 2170/2170/2170 2168/2168/2168
f 2165/2165/2165 2148/2148/2148 2166/2166/2166
f 2166/2166/2166 2148/2148/2148 2170/2170/2170
f 2170/2170/2170 2147/2147/2147 2168/2168/2168
f 2147/2147/2147 2169/2169/2169 2168/2168/2168
f 2169/2169/2169 2181/2181/2181 2167/2167/2167
f 2169/2169/2169 2182/2182/2182 2181/2181/2181
f 2147/2147/2147 2171/2171/2171 2169/2169/2169
f 2181/2181/2181 2182/2182/2182 2183/2183/2183
f 2171/2171/2171 2182/2182/2182 2169/2169/2169
f 2181/2181/2181 2183/2183/2183 2174/2174/2174
f 2182/2182/2182 2152/2152/2152 2183/2183/2183
f 2174/2174/2174 2183/2183/2183 2172/2172/2172
f 2182/2182/2182 2171/2171/2171 2152/2152/2152
f 2183/2183/2183 2159/2159/2159 2172/2172/2172
f 2172/2172/2172 2184/2184/2184 2185/2185/2185
f 2152/2152/2152 2159/2159/2159 2183/2183/2183
f 2184/2184/2184 2144/2144/2144 2185/2185/2185
f 2172/2172/2172 2175/2175/2175 2184/2184/2184
f 2172/2172/2172 2159/2159/2159 2175/2175/2175
f 2175/2175/2175 2159/2159/2159 2158/2158/2158
f 2184/2184/2184 2153/2153/2153 2144/2144/2144
f 2175/2175/2175 2153/2153/2153 2184/2184/2184
f 2186/2186/2186 2187/2187/2187 2188/2188/2188
f 2189/2189/2189 2190/2190/2190 2191/2191/2191
f 2192/2192/2192 2193/2193/2193 2194/2194/2194
f 2195/2195/2195 2196/2196/2196 2197/2197/2197
f 2198/2198/2198 2199/2199/2199 2200/2200/2200
f 2201/2201/2201 2202/2202/2202 2203/2203/2203
f 2204/2204/2204 2205/2205/2205 2206/2206/2206
f 2207/2207/2207 2208/2208/2208 2209/2209/2209
f 2210/2210/2210 2211/2211/2211 2212/2212/2212
f 2213/2213/2213 2214/2214/2214 2215/2215/2215
f 2216/2216/2216 2189/2189/2189 2217/2217/2217
f 2190/2190/2190 2189/2189/2189 2216/2216/2216
f 2218/2218/2218 2219/2219/2219 2220/2220/2220
f 2221/2221/2221 2222/2222/2222 2223/2223/2223
f 2198/2198/2198 2200/2200/2200 2224/2224/2224
f 2225/2225/2225 2214/2214/2214 2213/2213/2213
f 2213/2213/2213 2215/2215/2215 2226/2226/2226
f 2227/2227/2227 2228/2228/2228 2229/2229/2229
f 2230/2230/2230 2231/2231/2231 2217/2217/2217
f 2202/2202/2202 2218/2218/2218 2203/2203/2203
f 2219/2219/2219 2204/2204/2204 2232/2232/2232
f 2204/2204/2204 2206/2206/2206 2232/2232/2232
f 2205/2205/2205 2233/2233/2233 2206/2206/2206
f 2234/2234/2234 2235/2235/2235 2188/2188/2188
f 2236/2236/2236 2210/2210/2210 2237/2237/2237
f 2238/2238/2238 2239/2239/2239 2240/2240/2240
f 2197/2197/2197 2239/2239/2239 2238/2238/2238
f 2241/2241/2241 2242/2242/2242 2243/2243/2243
f 2244/2244/2244 2245/2245/2245 2246/2246/2246
f 2244/2244/2244 2247/2247/2247 2248/2248/2248
f 2225/2225/2225 2249/2249/2249 2247/2247/2247
f 2215/2215/2215 2250/2250/2250 2251/2251/2251
f 2229/2229/2229 2231/2231/2231 2230/2230/2230
f 2216/2216/2216 2217/2217/2217 2231/2231/2231
f 2207/2207/2207 2187/2187/2187 2186/2186/2186
f 2242/2242/2242 2252/2252/2252 2199/2199/2199
f 2246/2246/2246 2253/2253/2253 2196/2196/2196
f 2253/2253/2253 2246/2246/2246 2245/2245/2245
f 2254/2254/2254 2199/2199/2199 2252/2252/2252
f 2200/2200/2200 2199/2199/2199 2254/2254/2254
f 2255/2255/2255 2224/2224/2224 2200/2200/2200
f 2213/2213/2213 2256/2256/2256 2225/2225/2225
f 2257/2257/2257 2201/2201/2201 2203/2203/2203
f 2218/2218/2218 2220/2220/2220 2203/2203/2203
f 2219/2219/2219 2232/2232/2232 2220/2220/2220
f 2258/2258/2258 2192/2192/2192 2222/2222/2222
f 2258/2258/2258 2193/2193/2193 2192/2192/2192
f 2259/2259/2259 2260/2260/2260 2233/2233/2233
f 2235/2235/2235 2186/2186/2186 2188/2188/2188
f 2261/2261/2261 2211/2211/2211 2262/2262/2262
f 2263/2263/2263 2264/2264/2264 2265/2265/2265
f 2196/2196/2196 2253/2253/2253 2197/2197/2197
f 2248/2248/2248 2245/2245/2245 2244/2244/2244
f 2255/2255/2255 2266/2266/2266 2224/2224/2224
f 2249/2249/2249 2225/2225/2225 2256/2256/2256
f 2267/2267/2267 2224/2224/2224 2266/2266/2266
f 2228/2228/2228 2227/2227/2227 2267/2267/2267
f 2215/2215/2215 2251/2251/2251 2226/2226/2226
f 2268/2268/2268 2229/2229/2229 2228/2228/2228
f 2268/2268/2268 2231/2231/2231 2229/2229/2229
f 2250/2250/2250 2269/2269/2269 2251/2251/2251
f 2201/2201/2201 2257/2257/2257 2269/2269/2269
f 2270/2270/2270 2221/2221/2221 2223/2223/2223
f 2271/2271/2271 2258/2258/2258 2222/2222/2222
f 2272/2272/2272 2234/2234/2234 2193/2193/2193
f 2234/2234/2234 2272/2272/2272 2235/2235/2235
f 2261/2261/2261 2273/2273/2273 2259/2259/2259
f 2274/2274/2274 2207/2207/2207 2186/2186/2186
f 2208/2208/2208 2207/2207/2207 2275/2275/2275
f 2241/2241/2241 2240/2240/2240 2276/2276/2276
f 2239/2239/2239 2197/2197/2197 2277/2277/2277
f 2240/2240/2240 2239/2239/2239 2276/2276/2276
f 2241/2241/2241 2252/2252/2252 2242/2242/2242
f 2239/2239/2239 2277/2277/2277 2276/2276/2276
f 2253/2253/2253 2277/2277/2277 2197/2197/2197
f 2276/2276/2276 2278/2278/2278 2252/2252/2252
f 2276/2276/2276 2277/2277/2277 2278/2278/2278
f 2278/2278/2278 2254/2254/2254 2252/2252/2252
f 2279/2279/2279 2277/2277/2277 2253/2253/2253
f 2245/2245/2245 2279/2279/2279 2253/2253/2253
f 2277/2277/2277 2280/2280/2280 2278/2278/2278
f 2278/2278/2278 2255/2255/2255 2254/2254/2254
f 2279/2279/2279 2281/2281/2281 2277/2277/2277
f 2245/2245/2245 2248/2248/2248 2279/2279/2279
f 2277/2277/2277 2281/2281/2281 2280/2280/2280
f 2255/2255/2255 2200/2200/2200 2254/2254/2254
f 2278/2278/2278 2280/2280/2280 2255/2255/2255
f 2248/2248/2248 2281/2281/2281 2279/2279/2279
f 2247/2247/2247 2249/2249/2249 2248/2248/2248
f 2248/2248/2248 2249/2249/2249 2281/2281/2281
f 2255/2255/2255 2282/2282/2282 2266/2266/2266
f 2280/2280/2280 2282/2282/2282 2255/2255/2255
f 2280/2280/2280 2281/2281/2281 2283/2283/2283
f 2249/2249/2249 2283/2283/2283 2281/2281/2281
f 2280/2280/2280 2283/2283/2283 2284/2284/2284
f 2280/2280/2280 2284/2284/2284 2282/2282/2282
f 2249/2249/2249 2256/2256/2256 2283/2283/2283
f 2282/2282/2282 2285/2285/2285 2266/2266/2266
f 2266/2266/2266 2285/2285/2285 2267/2267/2267
f 2256/2256/2256 2286/2286/2286 2283/2283/2283
f 2283/2283/2283 2286/2286/2286 2284/2284/2284
f 2282/2282/2282 2287/2287/2287 2285/2285/2285
f 2284/2284/2284 2287/2287/2287 2282/2282/2282
f 2286/2286/2286 2287/2287/2287 2284/2284/2284
f 2213/2213/2213 2226/2226/2226 2256/2256/2256
f 2287/2287/2287 2288/2288/2288 2285/2285/2285
f 2256/2256/2256 2289/2289/2289 2286/2286/2286
f 2288/2288/2288 2267/2267/2267 2285/2285/2285
f 2226/2226/2226 2289/2289/2289 2256/2256/2256
f 2286/2286/2286 2290/2290/2290 2287/2287/2287
f 2267/2267/2267 2288/2288/2288 2228/2228/2228
f 2289/2289/2289 2290/2290/2290 2286/2286/2286
f 2288/2288/2288 2287/2287/2287 2291/2291/2291
f 2288/2288/2288 2291/2291/2291 2228/2228/2228
f 2287/2287/2287 2290/2290/2290 2291/2291/2291
f 2226/2226/2226 2292/2292/2292 2289/2289/2289
f 2226/2226/2226 2251/2251/2251 2292/2292/2292
f 2289/2289/2289 2292/2292/2292 2290/2290/2290
f 2291/2291/2291 2268/2268/2268 2228/2228/2228
f 2290/2290/2290 2293/2293/2293 2291/2291/2291
f 2291/2291/2291 2293/2293/2293 2268/2268/2268
f 2292/2292/2292 2294/2294/2294 2290/2290/2290
f 2290/2290/2290 2294/2294/2294 2293/2293/2293
f 2292/2292/2292 2251/2251/2251 2295/2295/2295
f 2295/2295/2295 2294/2294/2294 2292/2292/2292
f 2268/2268/2268 2296/2296/2296 2231/2231/2231
f 2293/2293/2293 2296/2296/2296 2268/2268/2268
f 2251/2251/2251 2269/2269/2269 2295/2295/2295
f 2294/2294/2294 2297/2297/2297 2293/2293/2293
f 2295/2295/2295 2298/2298/2298 2294/2294/2294
f 2297/2297/2297 2299/2299/2299 2293/2293/2293
f 2293/2293/2293 2299/2299/2299 2296/2296/2296
f 2296/2296/2296 2216/2216/2216 2231/2231/2231
f 2269/2269/2269 2257/2257/2257 2295/2295/2295
f 2295/2295/2295 2257/2257/2257 2298/2298/2298
f 2299/2299/2299 2216/2216/2216 2296/2296/2296
f 2294/2294/2294 2298/2298/2298 2297/2297/2297
f 2298/2298/2298 2299/2299/2299 2297/2297/2297
f 2299/2299/2299 2300/2300/2300 2216/2216/2216
f 2216/2216/2216 2300/2300/2300 2190/2190/2190
f 2298/2298/2298 2301/2301/2301 2299/2299/2299
f 2257/2257/2257 2302/2302/2302 2298/2298/2298
f 2203/2203/2203 2302/2302/2302 2257/2257/2257
f 2301/2301/2301 2300/2300/2300 2299/2299/2299
f 2298/2298/2298 2303/2303/2303 2301/2301/2301
f 2302/2302/2302 2303/2303/2303 2298/2298/2298
f 2203/2203/2203 2220/2220/2220 2302/2302/2302
f 2302/2302/2302 2220/2220/2220 2303/2303/2303
f 2301/2301/2301 2304/2304/2304 2300/2300/2300
f 2300/2300/2300 2270/2270/2270 2190/2190/2190
f 2305/2305/2305 2304/2304/2304 2301/2301/2301
f 2301/2301/2301 2303/2303/2303 2305/2305/2305
f 2300/2300/2300 2304/2304/2304 2270/2270/2270
f 2220/2220/2220 2306/2306/2306 2303/2303/2303
f 2270/2270/2270 2223/2223/2223 2190/2190/2190
f 2303/2303/2303 2306/2306/2306 2305/2305/2305
f 2232/2232/2232 2306/2306/2306 2220/2220/2220
f 2305/2305/2305 2307/2307/2307 2304/2304/2304
f 2304/2304/2304 2307/2307/2307 2270/2270/2270
f 2306/2306/2306 2308/2308/2308 2305/2305/2305
f 2307/2307/2307 2221/2221/2221 2270/2270/2270
f 2305/2305/2305 2308/2308/2308 2307/2307/2307
f 2232/2232/2232 2309/2309/2309 2306/2306/2306
f 2306/2306/2306 2309/2309/2309 2308/2308/2308
f 2206/2206/2206 2309/2309/2309 2232/2232/2232
f 2308/2308/2308 2310/2310/2310 2307/2307/2307
f 2307/2307/2307 2271/2271/2271 2221/2221/2221
f 2310/2310/2310 2271/2271/2271 2307/2307/2307
f 2309/2309/2309 2311/2311/2311 2308/2308/2308
f 2271/2271/2271 2222/2222/2222 2221/2221/2221
f 2206/2206/2206 2311/2311/2311 2309/2309/2309
f 2308/2308/2308 2312/2312/2312 2310/2310/2310
f 2311/2311/2311 2312/2312/2312 2308/2308/2308
f 2313/2313/2313 2311/2311/2311 2206/2206/2206
f 2313/2313/2313 2312/2312/2312 2311/2311/2311
f 2312/2312/2312 2314/2314/2314 2310/2310/2310
f 2310/2310/2310 2314/2314/2314 2271/2271/2271
f 2313/2313/2313 2315/2315/2315 2312/2312/2312
f 2314/2314/2314 2316/2316/2316 2271/2271/2271
f 2316/2316/2316 2258/2258/2258 2271/2271/2271
f 2312/2312/2312 2315/2315/2315 2314/2314/2314
f 2316/2316/2316 2193/2193/2193 2258/2258/2258
f 2260/2260/2260 2206/2206/2206 2233/2233/2233
f 2206/2206/2206 2260/2260/2260 2313/2313/2313
f 2313/2313/2313 2260/2260/2260 2315/2315/2315
f 2272/2272/2272 2193/2193/2193 2316/2316/2316
f 2316/2316/2316 2317/2317/2317 2272/2272/2272
f 2314/2314/2314 2317/2317/2317 2316/2316/2316
f 2315/2315/2315 2318/2318/2318 2314/2314/2314
f 2318/2318/2318 2315/2315/2315 2319/2319/2319
f 2314/2314/2314 2318/2318/2318 2317/2317/2317
f 2315/2315/2315 2260/2260/2260 2319/2319/2319
f 2260/2260/2260 2259/2259/2259 2273/2273/2273
f 2317/2317/2317 2235/2235/2235 2272/2272/2272
f 2260/2260/2260 2273/2273/2273 2319/2319/2319
f 2320/2320/2320 2235/2235/2235 2317/2317/2317
f 2317/2317/2317 2318/2318/2318 2320/2320/2320
f 2273/2273/2273 2321/2321/2321 2319/2319/2319
f 2319/2319/2319 2321/2321/2321 2318/2318/2318
f 2274/2274/2274 2235/2235/2235 2320/2320/2320
f 2322/2322/2322 2320/2320/2320 2318/2318/2318
f 2321/2321/2321 2322/2322/2322 2318/2318/2318
f 2235/2235/2235 2274/2274/2274 2186/2186/2186
f 2261/2261/2261 2262/2262/2262 2273/2273/2273
f 2321/2321/2321 2323/2323/2323 2322/2322/2322
f 2273/2273/2273 2262/2262/2262 2321/2321/2321
f 2320/2320/2320 2324/2324/2324 2274/2274/2274
f 2322/2322/2322 2324/2324/2324 2320/2320/2320
f 2321/2321/2321 2262/2262/2262 2323/2323/2323
f 2274/2274/2274 2325/2325/2325 2207/2207/2207
f 2323/2323/2323 2324/2324/2324 2322/2322/2322
f 2274/2274/2274 2324/2324/2324 2265/2265/2265
f 2323/2323/2323 2326/2326/2326 2324/2324/2324
f 2211/2211/2211 2327/2327/2327 2262/2262/2262
f 2323/2323/2323 2262/2262/2262 2327/2327/2327
f 2274/2274/2274 2265/2265/2265 2325/2325/2325
f 2327/2327/2327 2326/2326/2326 2323/2323/2323
f 2327/2327/2327 2211/2211/2211 2210/2210/2210
f 2325/2325/2325 2275/2275/2275 2207/2207/2207
f 2324/2324/2324 2328/2328/2328 2265/2265/2265
f 2210/2210/2210 2236/2236/2236 2327/2327/2327
f 2236/2236/2236 2326/2326/2326 2327/2327/2327
f 2326/2326/2326 2328/2328/2328 2324/2324/2324
f 2265/2265/2265 2275/2275/2275 2325/2325/2325
f 2236/2236/2236 2328/2328/2328 2326/2326/2326
f 2264/2264/2264 2275/2275/2275 2265/2265/2265
f 2328/2328/2328 2263/2263/2263 2265/2265/2265
f 2275/2275/2275 2264/2264/2264 2208/2208/2208
f 2252/2252/2252 2241/2241/2241 2276/2276/2276
f 2329/2329/2329 2330/2330/2330 2331/2331/2331
f 2329/2329/2329 2331/2331/2331 2332/2332/2332
f 2332/2332/2332 2333/2333/2333 2334/2334/2334
f 2333/2333/2333 2335/2335/2335 2334/2334/2334
f 2332/2332/2332 2334/2334/2334 2336/2336/2336
f 2332/2332/2332 2336/2336/2336 2329/2329/2329
f 2337/2337/2337 2334/2334/2334 2335/2335/2335
f 2336/2336/2336 2338/2338/2338 2329/2329/2329
f 2336/2336/2336 2334/2334/2334 2337/2337/2337
f 2336/2336/2336 2337/2337/2337 2339/2339/2339
f 2337/2337/2337 2340/2340/2340 2339/2339/2339
f 2336/2336/2336 2339/2339/2339 2341/2341/2341
f 2336/2336/2336 2342/2342/2342 2338/2338/2338
f 2338/2338/2338 2342/2342/2342 2343/2343/2343
f 2342/2342/2342 2336/2336/2336 2341/2341/2341
f 2339/2339/2339 2344/2344/2344 2341/2341/2341
f 2341/2341/2341 2344/2344/2344 2345/2345/2345
f 2342/2342/2342 2341/2341/2341 2346/2346/2346
f 2343/2343/2343 2342/2342/2342 2346/2346/2346
f 2346/2346/2346 2341/2341/2341 2345/2345/2345
f 2346/2346/2346 2345/2345/2345 2347/2347/2347
f 2345/2345/2345 2348/2348/2348 2347/2347/2347
f 2349/2349/2349 2350/2350/2350 2343/2343/2343
f 2343/2343/2343 2346/2346/2346 2349/2349/2349
f 2346/2346/2346 2347/2347/2347 2351/2351/2351
f 2349/2349/2349 2346/2346/2346 2352/2352/2352
f 2347/2347/2347 2348/2348/2348 2353/2353/2353
f 2352/2352/2352 2346/2346/2346 2351/2351/2351
f 2347/2347/2347 2353/2353/2353 2354/2354/2354
f 2351/2351/2351 2347/2347/2347 2354/2354/2354
f 2349/2349/2349 2355/2355/2355 2350/2350/2350
f 2349/2349/2349 2352/2352/2352 2356/2356/2356
f 2349/2349/2349 2356/2356/2356 2355/2355/2355
f 2356/2356/2356 2352/2352/2352 2357/2357/2357
f 2352/2352/2352 2351/2351/2351 2357/2357/2357
f 2357/2357/2357 2351/2351/2351 2354/2354/2354
f 2337/2337/2337 2335/2335/2335 2340/2340/2340
f 2348/2348/2348 2345/2345/2345 2344/2344/2344
f 2356/2356/2356 2358/2358/2358 2355/2355/2355
f 2359/2359/2359 2333/2333/2333 2332/2332/2332
f 2331/2331/2331 2359/2359/2359 2332/2332/2332
f 2340/2340/2340 2344/2344/2344 2339/2339/2339
f 2360/2360/2360 2353/2353/2353 2348/2348/2348
f 2353/2353/2353 2361/2361/2361 2354/2354/2354
f 2356/2356/2356 2357/2357/2357 2362/2362/2362
f 2354/2354/2354 2363/2363/2363 2357/2357/2357
f 2364/2364/2364 2344/2344/2344 2340/2340/2340
f 2344/2344/2344 2364/2364/2364 2348/2348/2348
f 2363/2363/2363 2354/2354/2354 2361/2361/2361
f 2330/2330/2330 2365/2365/2365 2331/2331/2331
f 2356/2356/2356 2362/2362/2362 2366/2366/2366
f 2360/2360/2360 2361/2361/2361 2353/2353/2353
f 2356/2356/2356 2366/2366/2366 2358/2358/2358
f 2365/2365/2365 2359/2359/2359 2331/2331/2331
f 2333/2333/2333 2367/2367/2367 2335/2335/2335
f 2368/2368/2368 2357/2357/2357 2363/2363/2363
f 2348/2348/2348 2369/2369/2369 2360/2360/2360
f 2363/2363/2363 2361/2361/2361 2370/2370/2370
f 2357/2357/2357 2368/2368/2368 2362/2362/2362
f 2371/2371/2371 2333/2333/2333 2359/2359/2359
f 2340/2340/2340 2372/2372/2372 2364/2364/2364
f 2364/2364/2364 2373/2373/2373 2348/2348/2348
f 2368/2368/2368 2363/2363/2363 2374/2374/2374
f 2333/2333/2333 2375/2375/2375 2367/2367/2367
f 2361/2361/2361 2376/2376/2376 2370/2370/2370
f 2348/2348/2348 2373/2373/2373 2369/2369/2369
f 2362/2362/2362 2368/2368/2368 2377/2377/2377
f 2366/2366/2366 2362/2362/2362 2377/2377/2377
f 2378/2378/2378 2367/2367/2367 2375/2375/2375
f 2379/2379/2379 2376/2376/2376 2360/2360/2360
f 2361/2361/2361 2360/2360/2360 2376/2376/2376
f 2365/2365/2365 2380/2380/2380 2359/2359/2359
f 2367/2367/2367 2381/2381/2381 2335/2335/2335
f 2340/2340/2340 2335/2335/2335 2382/2382/2382
f 2370/2370/2370 2374/2374/2374 2363/2363/2363
f 2383/2383/2383 2366/2366/2366 2377/2377/2377
f 2366/2366/2366 2384/2384/2384 2358/2358/2358
f 2371/2371/2371 2375/2375/2375 2333/2333/2333
f 2340/2340/2340 2382/2382/2382 2372/2372/2372
f 2364/2364/2364 2385/2385/2385 2373/2373/2373
f 2360/2360/2360 2369/2369/2369 2379/2379/2379
f 2380/2380/2380 2365/2365/2365 2386/2386/2386
f 2387/2387/2387 2370/2370/2370 2376/2376/2376
f 2383/2383/2383 2384/2384/2384 2366/2366/2366
f 2377/2377/2377 2368/2368/2368 2388/2388/2388
f 2381/2381/2381 2382/2382/2382 2335/2335/2335
f 2389/2389/2389 2370/2370/2370 2387/2387/2387
f 2372/2372/2372 2385/2385/2385 2364/2364/2364
f 2368/2368/2368 2374/2374/2374 2388/2388/2388
f 2380/2380/2380 2371/2371/2371 2359/2359/2359
f 2381/2381/2381 2367/2367/2367 2378/2378/2378
f 2390/2390/2390 2374/2374/2374 2370/2370/2370
f 2390/2390/2390 2370/2370/2370 2389/2389/2389
f 2375/2375/2375 2391/2391/2391 2378/2378/2378
f 2392/2392/2392 2393/2393/2393 2394/2394/2394
f 2395/2395/2395 2392/2392/2392 2394/2394/2394
f 2396/2396/2396 2395/2395/2395 2397/2397/2397
f 2398/2398/2398 2393/2393/2393 2399/2399/2399
f 2399/2399/2399 2400/2400/2400 2401/2401/2401
f 2399/2399/2399 2401/2401/2401 2398/2398/2398
f 2402/2402/2402 2400/2400/2400 2403/2403/2403
f 2394/2394/2394 2393/2393/2393 2398/2398/2398
f 2404/2404/2404 2401/2401/2401 2400/2400/2400
f 2397/2397/2397 2395/2395/2395 2405/2405/2405
f 2398/2398/2398 2401/2401/2401 2404/2404/2404
f 2395/2395/2395 2394/2394/2394 2405/2405/2405
f 2394/2394/2394 2398/2398/2398 2406/2406/2406
f 2398/2398/2398 2404/2404/2404 2406/2406/2406
f 2407/2407/2407 2400/2400/2400 2402/2402/2402
f 2407/2407/2407 2404/2404/2404 2400/2400/2400
f 2408/2408/2408 2397/2397/2397 2405/2405/2405
f 2394/2394/2394 2409/2409/2409 2405/2405/2405
f 2406/2406/2406 2409/2409/2409 2394/2394/2394
f 2410/2410/2410 2407/2407/2407 2402/2402/2402
f 2405/2405/2405 2411/2411/2411 2408/2408/2408
f 2406/2406/2406 2404/2404/2404 2412/2412/2412
f 2405/2405/2405 2409/2409/2409 2411/2411/2411
f 2406/2406/2406 2413/2413/2413 2409/2409/2409
f 2406/2406/2406 2412/2412/2412 2413/2413/2413
f 2404/2404/2404 2414/2414/2414 2412/2412/2412
f 2414/2414/2414 2404/2404/2404 2407/2407/2407
f 2409/2409/2409 2413/2413/2413 2415/2415/2415
f 2416/2416/2416 2408/2408/2408 2411/2411/2411
f 2407/2407/2407 2417/2417/2417 2414/2414/2414
f 2407/2407/2407 2410/2410/2410 2417/2417/2417
f 2409/2409/2409 2415/2415/2415 2411/2411/2411
f 2412/2412/2412 2414/2414/2414 2418/2418/2418
f 2413/2413/2413 2412/2412/2412 2418/2418/2418
f 2415/2415/2415 2416/2416/2416 2411/2411/2411
f 2413/2413/2413 2419/2419/2419 2415/2415/2415
f 2414/2414/2414 2417/2417/2417 2420/2420/2420
f 2418/2418/2418 2414/2414/2414 2420/2420/2420
f 2413/2413/2413 2418/2418/2418 2419/2419/2419
f 2418/2418/2418 2420/2420/2420 2421/2421/2421
f 2422/2422/2422 2420/2420/2420 2417/2417/2417
f 2419/2419/2419 2423/2423/2423 2415/2415/2415
f 2416/2416/2416 2415/2415/2415 2423/2423/2423
f 2419/2419/2419 2418/2418/2418 2424/2424/2424
f 2425/2425/2425 2416/2416/2416 2423/2423/2423
f 2423/2423/2423 2419/2419/2419 2426/2426/2426
f 2419/2419/2419 2424/2424/2424 2426/2426/2426
f 2421/2421/2421 2420/2420/2420 2422/2422/2422
f 2418/2418/2418 2421/2421/2421 2424/2424/2424
f 2424/2424/2424 2427/2427/2427 2426/2426/2426
f 2428/2428/2428 2421/2421/2421 2422/2422/2422
f 2423/2423/2423 2426/2426/2426 2425/2425/2425
f 2424/2424/2424 2421/2421/2421 2427/2427/2427
f 2428/2428/2428 2429/2429/2429 2421/2421/2421
f 2430/2430/2430 2431/2431/2431 2425/2425/2425
f 2425/2425/2425 2426/2426/2426 2430/2430/2430
f 2427/2427/2427 2421/2421/2421 2429/2429/2429
f 2422/2422/2422 2432/2432/2432 2428/2428/2428
f 2430/2430/2430 2426/2426/2426 2427/2427/2427
f 2433/2433/2433 2431/2431/2431 2430/2430/2430
f 2429/2429/2429 2434/2434/2434 2427/2427/2427
f 2429/2429/2429 2435/2435/2435 2434/2434/2434
f 2429/2429/2429 2428/2428/2428 2435/2435/2435
f 2430/2430/2430 2427/2427/2427 2434/2434/2434
f 2436/2436/2436 2433/2433/2433 2430/2430/2430
f 2428/2428/2428 2432/2432/2432 2437/2437/2437
f 2437/2437/2437 2435/2435/2435 2428/2428/2428
f 2438/2438/2438 2437/2437/2437 2432/2432/2432
f 2430/2430/2430 2434/2434/2434 2436/2436/2436
f 2435/2435/2435 2437/2437/2437 2439/2439/2439
f 2440/2440/2440 2434/2434/2434 2435/2435/2435
f 2437/2437/2437 2438/2438/2438 2441/2441/2441
f 2433/2433/2433 2436/2436/2436 2442/2442/2442
f 2434/2434/2434 2440/2440/2440 2443/2443/2443
f 2440/2440/2440 2435/2435/2435 2439/2439/2439
f 2437/2437/2437 2441/2441/2441 2439/2439/2439
f 2436/2436/2436 2434/2434/2434 2443/2443/2443
f 2441/2441/2441 2438/2438/2438 2444/2444/2444
f 2436/2436/2436 2445/2445/2445 2442/2442/2442
f 2441/2441/2441 2446/2446/2446 2439/2439/2439
f 2443/2443/2443 2445/2445/2445 2436/2436/2436
f 2439/2439/2439 2446/2446/2446 2440/2440/2440
f 2447/2447/2447 2442/2442/2442 2445/2445/2445
f 2440/2440/2440 2448/2448/2448 2443/2443/2443
f 2448/2448/2448 2440/2440/2440 2446/2446/2446
f 2444/2444/2444 2449/2449/2449 2441/2441/2441
f 2441/2441/2441 2449/2449/2449 2446/2446/2446
f 2447/2447/2447 2445/2445/2445 2450/2450/2450
f 2445/2445/2445 2443/2443/2443 2451/2451/2451
f 2445/2445/2445 2451/2451/2451 2450/2450/2450
f 2446/2446/2446 2452/2452/2452 2448/2448/2448
f 2451/2451/2451 2443/2443/2443 2448/2448/2448
f 2453/2453/2453 2447/2447/2447 2450/2450/2450
f 2446/2446/2446 2449/2449/2449 2452/2452/2452
f 2448/2448/2448 2454/2454/2454 2451/2451/2451
f 2448/2448/2448 2452/2452/2452 2454/2454/2454
f 2450/2450/2450 2451/2451/2451 2455/2455/2455
f 2453/2453/2453 2450/2450/2450 2455/2455/2455
f 2456/2456/2456 2452/2452/2452 2449/2449/2449
f 2455/2455/2455 2451/2451/2451 2457/2457/2457
f 2451/2451/2451 2454/2454/2454 2458/2458/2458
f 2459/2459/2459 2460/2460/2460 2449/2449/2449
f 2460/2460/2460 2456/2456/2456 2449/2449/2449
f 2455/2455/2455 2457/2457/2457 2461/2461/2461
f 2451/2451/2451 2458/2458/2458 2457/2457/2457
f 2452/2452/2452 2456/2456/2456 2462/2462/2462
f 2454/2454/2454 2452/2452/2452 2462/2462/2462
f 2463/2463/2463 2453/2453/2453 2455/2455/2455
f 2461/2461/2461 2463/2463/2463 2455/2455/2455
f 2457/2457/2457 2464/2464/2464 2461/2461/2461
f 2457/2457/2457 2458/2458/2458 2464/2464/2464
f 2454/2454/2454 2462/2462/2462 2458/2458/2458
f 2462/2462/2462 2456/2456/2456 2460/2460/2460
f 2462/2462/2462 2465/2465/2465 2458/2458/2458
f 2464/2464/2464 2458/2458/2458 2466/2466/2466
f 2458/2458/2458 2465/2465/2465 2466/2466/2466
f 2460/2460/2460 2467/2467/2467 2462/2462/2462
f 2461/2461/2461 2464/2464/2464 2468/2468/2468
f 2467/2467/2467 2465/2465/2465 2462/2462/2462
f 2461/2461/2461 2469/2469/2469 2463/2463/2463
f 2469/2469/2469 2461/2461/2461 2468/2468/2468
f 2460/2460/2460 2470/2470/2470 2467/2467/2467
f 2466/2466/2466 2471/2471/2471 2464/2464/2464
f 2464/2464/2464 2471/2471/2471 2468/2468/2468
f 2466/2466/2466 2465/2465/2465 2471/2471/2471
f 2469/2469/2469 2468/2468/2468 2472/2472/2472
f 2470/2470/2470 2473/2473/2473 2467/2467/2467
f 2474/2474/2474 2465/2465/2465 2467/2467/2467
f 2470/2470/2470 2475/2475/2475 2476/2476/2476
f 2470/2470/2470 2476/2476/2476 2473/2473/2473
f 2471/2471/2471 2465/2465/2465 2474/2474/2474
f 2471/2471/2471 2477/2477/2477 2468/2468/2468
f 2467/2467/2467 2473/2473/2473 2474/2474/2474
f 2471/2471/2471 2474/2474/2474 2477/2477/2477
f 2468/2468/2468 2478/2478/2478 2472/2472/2472
f 2468/2468/2468 2477/2477/2477 2478/2478/2478
f 2473/2473/2473 2479/2479/2479 2474/2474/2474
f 2480/2480/2480 2472/2472/2472 2478/2478/2478
f 2474/2474/2474 2481/2481/2481 2477/2477/2477
f 2476/2476/2476 2479/2479/2479 2473/2473/2473
f 2479/2479/2479 2481/2481/2481 2474/2474/2474
f 2478/2478/2478 2477/2477/2477 2482/2482/2482
f 2482/2482/2482 2477/2477/2477 2481/2481/2481
f 2483/2483/2483 2480/2480/2480 2478/2478/2478
f 2484/2484/2484 2478/2478/2478 2482/2482/2482
f 2481/2481/2481 2479/2479/2479 2485/2485/2485
f 2476/2476/2476 2486/2486/2486 2479/2479/2479
f 2485/2485/2485 2479/2479/2479 2486/2486/2486
f 2483/2483/2483 2478/2478/2478 2484/2484/2484
f 2481/2481/2481 2487/2487/2487 2482/2482/2482
f 2486/2486/2486 2476/2476/2476 2488/2488/2488
f 2485/2485/2485 2487/2487/2487 2481/2481/2481
f 2484/2484/2484 2482/2482/2482 2487/2487/2487
f 2489/2489/2489 2490/2490/2490 2491/2491/2491
f 2491/2491/2491 2490/2490/2490 2492/2492/2492
f 2493/2493/2493 2494/2494/2494 2495/2495/2495
f 2492/2492/2492 2490/2490/2490 2496/2496/2496
f 2497/2497/2497 2495/2495/2495 2498/2498/2498
f 2499/2499/2499 2500/2500/2500 2501/2501/2501
f 2496/2496/2496 2498/2498/2498 2502/2502/2502
f 2503/2503/2503 2496/2496/2496 2502/2502/2502
f 2504/2504/2504 2491/2491/2491 2492/2492/2492
f 2492/2492/2492 2496/2496/2496 2503/2503/2503
f 2502/2502/2502 2498/2498/2498 2495/2495/2495
f 2501/2501/2501 2500/2500/2500 2505/2505/2505
f 2506/2506/2506 2501/2501/2501 2507/2507/2507
f 2504/2504/2504 2492/2492/2492 2503/2503/2503
f 2508/2508/2508 2502/2502/2502 2495/2495/2495
f 2507/2507/2507 2501/2501/2501 2505/2505/2505
f 2508/2508/2508 2495/2495/2495 2494/2494/2494
f 2490/2490/2490 2509/2509/2509 2496/2496/2496
f 2498/2498/2498 2496/2496/2496 2509/2509/2509
f 2495/2495/2495 2497/2497/2497 2493/2493/2493
f 2501/2501/2501 2510/2510/2510 2499/2499/2499
f 2511/2511/2511 2510/2510/2510 2506/2506/2506
f 2493/2493/2493 2512/2512/2512 2494/2494/2494
f 2499/2499/2499 2513/2513/2513 2500/2500/2500
f 2510/2510/2510 2501/2501/2501 2506/2506/2506
f 2512/2512/2512 2511/2511/2511 2506/2506/2506
f 2494/2494/2494 2512/2512/2512 2514/2514/2514
f 2512/2512/2512 2506/2506/2506 2514/2514/2514
f 2506/2506/2506 2507/2507/2507 2515/2515/2515
f 2498/2498/2498 2509/2509/2509 2497/2497/2497
f 2500/2500/2500 2513/2513/2513 2516/2516/2516
f 2504/2504/2504 2503/2503/2503 2517/2517/2517
f 2503/2503/2503 2502/2502/2502 2518/2518/2518
f 2502/2502/2502 2508/2508/2508 2518/2518/2518
f 2508/2508/2508 2494/2494/2494 2519/2519/2519
f 2494/2494/2494 2514/2514/2514 2520/2520/2520
f 2514/2514/2514 2506/2506/2506 2520/2520/2520
f 2520/2520/2520 2506/2506/2506 2515/2515/2515
f 2507/2507/2507 2521/2521/2521 2515/2515/2515
f 2507/2507/2507 2522/2522/2522 2521/2521/2521
f 2507/2507/2507 2505/2505/2505 2522/2522/2522
f 2522/2522/2522 2505/2505/2505 2523/2523/2523
f 2505/2505/2505 2500/2500/2500 2523/2523/2523
f 2504/2504/2504 2517/2517/2517 2524/2524/2524
f 2508/2508/2508 2519/2519/2519 2518/2518/2518
f 2494/2494/2494 2525/2525/2525 2519/2519/2519
f 2525/2525/2525 2494/2494/2494 2520/2520/2520
f 2526/2526/2526 2523/2523/2523 2500/2500/2500
f 2518/2518/2518 2517/2517/2517 2503/2503/2503
f 2527/2527/2527 2500/2500/2500 2516/2516/2516
f 2499/2499/2499 2528/2528/2528 2513/2513/2513
f 2526/2526/2526 2500/2500/2500 2527/2527/2527
f 2526/2526/2526 2527/2527/2527 2529/2529/2529
f 2516/2516/2516 2530/2530/2530 2527/2527/2527
f 2527/2527/2527 2530/2530/2530 2529/2529/2529
f 2516/2516/2516 2531/2531/2531 2530/2530/2530
f 2530/2530/2530 2532/2532/2532 2529/2529/2529
f 2530/2530/2530 2531/2531/2531 2533/2533/2533
f 2530/2530/2530 2533/2533/2533 2532/2532/2532
f 2533/2533/2533 2534/2534/2534 2532/2532/2532
f 2535/2535/2535 2533/2533/2533 2531/2531/2531
f 2536/2536/2536 2534/2534/2534 2533/2533/2533
f 2536/2536/2536 2537/2537/2537 2534/2534/2534
f 2533/2533/2533 2538/2538/2538 2536/2536/2536
f 2538/2538/2538 2537/2537/2537 2536/2536/2536
f 2535/2535/2535 2539/2539/2539 2533/2533/2533
f 2533/2533/2533 2539/2539/2539 2538/2538/2538
f 2540/2540/2540 2541/2541/2541 2542/2542/2542
f 2543/2543/2543 2544/2544/2544 2540/2540/2540
f 2543/2543/2543 2545/2545/2545 2544/2544/2544
f 2544/2544/2544 2541/2541/2541 2540/2540/2540
f 2546/2546/2546 2547/2547/2547 2541/2541/2541
f 2544/2544/2544 2546/2546/2546 2541/2541/2541
f 2544/2544/2544 2545/2545/2545 2548/2548/2548
f 2548/2548/2548 2546/2546/2546 2544/2544/2544
f 2549/2549/2549 2547/2547/2547 2546/2546/2546
f 2550/2550/2550 2551/2551/2551 2552/2552/2552
f 2553/2553/2553 2554/2554/2554 2555/2555/2555
f 2554/2554/2554 2553/2553/2553 2556/2556/2556
f 2554/2554/2554 2556/2556/2556 2557/2557/2557
f 2554/2554/2554 2557/2557/2557 2558/2558/2558
f 2558/2558/2558 2557/2557/2557 2559/2559/2559
f 2558/2558/2558 2559/2559/2559 2560/2560/2560
f 2560/2560/2560 2559/2559/2559 2561/2561/2561
f 2560/2560/2560 2561/2561/2561 2562/2562/2562
f 2562/2562/2562 2561/2561/2561 2563/2563/2563
f 2562/2562/2562 2563/2563/2563 2564/2564/2564
f 2565/2565/2565 2564/2564/2564 2563/2563/2563
f 2564/2564/2564 2565/2565/2565 2550/2550/2550
f 2550/2550/2550 2565/2565/2565 2551/2551/2551
f 2551/2551/2551 2566/2566/2566 2552/2552/2552
f 2552/2552/2552 2566/2566/2566 2567/2567/2567
f 2567/2567/2567 2566/2566/2566 2568/2568/2568
f 2567/2567/2567 2568/2568/2568 2569/2569/2569
f 2569/2569/2569 2568/2568/2568 2570/2570/2570
f 2569/2569/2569 2570/2570/2570 2549/2549/2549
f 2570/2570/2570 2547/2547/2547 2549/2549/2549
f 2571/2571/2571 2572/2572/2572 2573/2573/2573
f 2549/2549/2549 2546/2546/2546 2548/2548/2548
f 2574/2574/2574 2575/2575/2575 2576/2576/2576
f 2575/2575/2575 2577/2577/2577 2576/2576/2576
f 2577/2577/2577 2578/2578/2578 2576/2576/2576
f 2579/2579/2579 2580/2580/2580 2573/2573/2573
f 2581/2581/2581 2582/2582/2582 2583/2583/2583
f 2584/2584/2584 2585/2585/2585 2586/2586/2586
f 2580/2580/2580 2571/2571/2571 2573/2573/2573
f 2578/2578/2578 2585/2585/2585 2584/2584/2584
f 2587/2587/2587 2588/2588/2588 2579/2579/2579
f 2571/2571/2571 2581/2581/2581 2572/2572/2572
f 2587/2587/2587 2586/2586/2586 2585/2585/2585
f 2580/2580/2580 2579/2579/2579 2588/2588/2588
f 2571/2571/2571 2582/2582/2582 2581/2581/2581
f 2582/2582/2582 2548/2548/2548 2589/2589/2589
f 2548/2548/2548 2545/2545/2545 2589/2589/2589
f 2587/2587/2587 2585/2585/2585 2588/2588/2588
f 2555/2555/2555 2590/2590/2590 2574/2574/2574
f 2550/2550/2550 2588/2588/2588 2585/2585/2585
f 2588/2588/2588 2552/2552/2552 2580/2580/2580
f 2555/2555/2555 2554/2554/2554 2590/2590/2590
f 2580/2580/2580 2567/2567/2567 2571/2571/2571
f 2585/2585/2585 2564/2564/2564 2550/2550/2550
f 2590/2590/2590 2554/2554/2554 2558/2558/2558
f 2571/2571/2571 2567/2567/2567 2582/2582/2582
f 2562/2562/2562 2564/2564/2564 2585/2585/2585
f 2558/2558/2558 2560/2560/2560 2577/2577/2577
f 2588/2588/2588 2550/2550/2550 2552/2552/2552
f 2580/2580/2580 2552/2552/2552 2567/2567/2567
f 2589/2589/2589 2583/2583/2583 2582/2582/2582
f 2591/2591/2591 2555/2555/2555 2574/2574/2574
f 2592/2592/2592 2585/2585/2585 2578/2578/2578
f 2574/2574/2574 2590/2590/2590 2575/2575/2575
f 2578/2578/2578 2577/2577/2577 2592/2592/2592
f 2590/2590/2590 2558/2558/2558 2575/2575/2575
f 2575/2575/2575 2558/2558/2558 2577/2577/2577
f 2585/2585/2585 2592/2592/2592 2562/2562/2562
f 2577/2577/2577 2560/2560/2560 2592/2592/2592
f 2560/2560/2560 2562/2562/2562 2592/2592/2592
f 2549/2549/2549 2548/2548/2548 2582/2582/2582
f 2582/2582/2582 2567/2567/2567 2569/2569/2569
f 2582/2582/2582 2569/2569/2569 2549/2549/2549
